station_name,station_full_name,station_zone,station_address
AA,ATARIA,NER,"Sitapur Rd, Heerpur, Uttar Pradesh 261.."
AABH,AMBIKA BHAWANI HALT,ECR,"Chapra-Patna Highway, Rampur Ami, Biha.."
AADR,AMBANDAURA,NR,"Una, Himachal Pradesh, India"
AAG,ANGAR,CR,"Solapur, Maharashtra, India"
AAGH,ANTAGARH,SECR,"Antagarh, PIN - 494665, Dist. - Kanker.."
AAH,ITEHAR,NCR,"Itahar, West Bengal, India"
AAL,AMLAI,SECR,"Shahdol, Madhya Pradesh, India"
AAM,ANGADIPPURAM,SR,"Railway Station Road, Angadipuram, Ker.."
AAP,AMBIAPUR,NCR,"Amiyapur, Gujarat, India"
AAR,ADESAR,WR,"Adesar, Gujarat, India"
AAS,ASRANADA,NWR,"Jodhpur, Rajasthan, India"
AAY,ARALVAYMOZHI,SR,"Aralvaimozhi, Tamil Nadu, India"
AB,AMBUR,SR,"Vellore, Tamil Nadu, India"
ABB,ABADA,SER,"Dhulagori, Howrah, West Bengal 711313,.."
ABD,AMBLI ROAD,WR,"Ahmedabad, Gujarat, India"
ABE,AMBIKESHWAR,NCR,"Ankleshwar, Gujarat, India"
ABFC,AMBARI FALAKATA,NFR,"ABFC, Ambari, West Bengal, India"
ABGM,AMBALGRAM,ER,"Ambalgram, West Bengal 713140, India"
ABGT,ARABAGATTA H,SWR,"Arabagatte, Karnataka, India"
ABH,AMBARNATH,CR,"Maharashtra 421501, India"
ABI,AMBATURAI,SR,"Chinnalapatti, Tamil Nadu, India"
ABKA,AMBIKA KALNA,ER,"Kalna, West Bengal, India"
ABKP,AMBIKAPUR,SECR,"Ambikapur, Chhattisgarh, India"
ABLE,AMBALE,CR,"Ambale, Maharashtra 412104, India"
ABO,ASTHAL BOHAR JN,NR,"Asthal Bohar Junction, Rohtak, Haryana.."
ABP,AKBARPUR,NR,"Akbarpur, Uttar Pradesh, India"
ABR,ABU ROAD,NWR,"Abu Road, Rajasthan, India"
ABRV,AMBARI RICHHAVI,WR,"Ambari, Madhya Pradesh 457887, India"
ABS,ABOHAR,NR,"Abohar Railway Station, Abohar, Punjab.."
ABSA,AMBASA,NFR,"National Highway 44, Ambassa, Tripura,.."
ABU,AMBATTUR,SR,"GNG Street, Varadaraja Puram, Ambattur.."
ABW,ABUTARA H,NFR,India
ABX,AMBARI,SCR,"Ambari, West Bengal, India"
ABY,AMBIVLI,CR,"Ambivali, Ambivli, Maharashtra, India"
ACG,ACHEGAON,CR,"Achegaon, Maharashtra, India"
ACH,ACHALGANJ,NR,"Bithar, Uttar Pradesh, India"
ACK,ACHARAPAKKAM,SR,"Tamil Nadu, India"
ACL,ANCHELI,WR,"Navsari, Gujarat, India"
ACLE,AZIMGANJ CITY,ER,"Azimganj City Railway Station, Azimgan.."
ACN,ADHICHCHANUR,SR,"Achanur, Tamil Nadu, India"
ACND,A N DEV NAGAR,NR,"Amanigunj, Faizabad, Uttar Pradesh, In.."
ACPR,ARCHIPATHAR HALT,NFR,"Station Rd, No.1 Nalbari, Assam 787059.."
ACRN,ACHIRNE,KR,
ACU,ACHUARA H,ECR,"Hasan Chak, Bihar 803213, India"
AD,ADONI,SCR,"Adoni Railway Station, Adoni, Andhra P.."
ADB,ADILABAD,SCR,"Adilabad Railway Station, National Hig.."
ADD,ADAS ROAD,WR,"Anand, Gujarat, India"
ADE,ADARI ROAD,WR,"Rd, Uttar Pradesh, India"
ADF,ADINA,NFR,"Adina Railway Station, West Bengal, In.."
ADH,ANDHERI,WR,"Andheri, Mumbai, Maharashtra, India"
ADHL,ADIHALLI,SWR,"Kodihalli, Karnataka, India"
ADI,AHMEDABAD JN,WR,"Ahmedabad, Gujarat, India"
ADL,ANDUL,SER,"Andul, Howrah, West Bengal, India"
ADPT,ANDIPATTI,SR,"Andippatti, Tamil Nadu, India"
ADQ,ADHIKARI,NFR,"Adhikari Cottage, 253/4, Purulia, West.."
ADR,MANDI ADAMPUR,NWR,"Mandi Admapur Railway Station, Adampur.."
ADRA,ADRA JN,SER,"Adra, West Bengal, India"
ADST,ADI SAPTAGRAM,ER,"Hooghly, West Bengal, India"
ADT,ADUTURAI,SR,"Aduthurai, Tamil Nadu, India"
ADTL,ADHARTAL,WCR,"Jabalpur, Madhya Pradesh, India"
ADTP,ADITYAPUR,SER,"Jamshedpur, Jharkhand 831013, India"
ADVI,ADAVALI,KR,"Ratnagiri, Maharashtra, India"
ADX,ADAPUR,ECR,"Hospital Rd, Shampur, Bihar 845301, In.."
AED,AULENDA,NCR,"Agra, Uttar Pradesh, India"
AEH,ANANTPAITH,NCR,"Thiruvananthapuram, Kerala, India"
AEJ,ARNEJ,WR,"Arnej, Gujarat, India"
AEK,ANEKAL ROAD,SWR,"Alliance Central Campus, Karnataka, In.."
AEL,ATELI,NWR,"Haryana 123021, India"
AERH,AGRER HALT,ECR,"Agrer, Bihar, India"
AEX,ADDERI,SWR,"Kelaginamane, Karnataka 577431, India"
AF,AGRA FORT,NCR,"Dhuliagunj, Mantola, Agra, Uttar Prade.."
AFK,ANGAMALI,SR,"Angamali Railway Station, NH 47, Angam.."
AFR,ASAFPUR,NR,"Uttar Pradesh, India"
AG,ARANGHATA,ER,"Aranghata, West Bengal, India"
AGA,AGRA CITY,NCR,"Agra City Railway Station, Civil Lines.."
AGAE,AGRADWIP,ER,"Agradwip, West Bengal, India"
AGAS,AGAS,WR,"Anand, Gujarat, India"
AGB,AMBAGAON,ECOR,"Odisha, India"
AGC,AGRA CANTT,NCR,"Agra Cantonment Railway station, Idgah.."
AGCI,ANGADI,WR,"Angadi, GandhiNagar, Kudamaloor, Kotta.."
AGD,AGASOD,NCR,"Madhya Pradesh, India"
AGE,ANGAI H,NCR,"Angai, Uttar Pradesh, India"
AGI,AMGURI,NFR,"Assam 785683, India"
AGL,AMARGOL,SWR,"Hubli, Karnataka, India"
AGM,AGARAM SIBBANDI,SR,"Palliput [Then], Tamil Nadu, India"
AGMN,AGOMONI,NFR,"Agomoni, Assam, India"
AGN,AMGAON,SECR,"Risama, Amgaon, Maharashtra, India"
AGP,AGARPARA,ER,"Barrackpore, West Bengal, India"
AGQ,ASIRGARH ROAD,CR,"Nahargarh Rd, Pink City, Jaipur, Rajas.."
AGR,AMARGARH,WR,"Madhya Pradesh, India"
AGT,AGTHORI,NFR,"Namati Jalah, Assam, India"
AGTL,AGARTALA,NFR,"National Highway 44, Badharghat, Agart.."
AGTR,AGAUTHAR H,NER,"Mc Arthur St, Indio, CA 92201, USA"
AGV,ANGUA P H,SER,"Angua Railway Station, West Bengal 721.."
AGX,AGASTIYAMPALLI,SR,"614810, India"
AGY,AGORI KHAS,NCR,"Sonbhadra, Uttar Pradesh, India"
AGZ,AMAGURA,ECOR,"Bastar, Chhattisgarh, India"
AH,ACHHNERA JN,NCR,"Achhnera Junction, Achhnera, Uttar Pra.."
AHA,ABHAIPUR,ER,"Lakhisarai, Bihar, India"
AHD,AHERWADI,SWR,"Aherwadi, Maharashtra, India"
AHH,AHMADGARH,NR,"Ahmedgarh, Punjab, India"
AHJU,AHJU,NR,"Ahju Railway Station, National Highway.."
AHL,AJHARAIL,NFR,"Bagdob, Bihar, India"
AHLR,AHALYAPUR,NER,"Deoria, Uttar Pradesh, India"
AHM,AHIMANPUR,NER,"Hiranpur, Jharkhand, India"
AHMP,ADARSH MANPUR,ECR,"Bihar, India"
AHN,AHIRAN,ER,"84051 Essenbach, Germany"
AHO,ADARSHNAGAR,NWR,"Ajmer, Rajasthan, India"
AHQ,AHERA,NR,"Ahera, Uttar Pradesh, India"
AHT,AMGHATA,ER,"Amghata, West Bengal 741315, India"
AHU,AHIRAULI H,NER,"Dhensa Nankar, Uttar Pradesh, India"
AHZ,ADHINPUR,NR,Udhampur
AI,ADIPUR,WR,"Meghpar Borichi, Gujarat, India"
AIA,AJARAKA,NWR,"Ajaraka, Rajasthan, India"
AIG,ALGAWAN,NR,"Uttar Pradesh, India"
AIH,ALAWALPUR IDRISPUR,NR,"Bagpat, Uttar Pradesh, India"
AII,AJMER JN,NWR,"Ajmer Junction, Ajmer, Rajasthan 30500.."
AILM,AILAM H,NR,"Ailum, Uttar Pradesh, India"
AIP,ATTIPPATTU,SR,"Attipatttu, Ambattur Industrial Estate.."
AIPP,ATTIPATTU PUDU NGR H,SR,"Thiruvallur, Tamil Nadu, India"
AIR,ALINDRA ROAD,WR,"Smashaan- Ckokadi Road, Heranj, Gujara.."
AIRL,AIROLI,CR,"Airoli, Navi Mumbai, Maharashtra, India"
AIT,AIT,NCR,"AIT, Uttar Pradesh 285201, India"
AJ,AJGAIN,NR,"Kanpur Rd, Uttar Pradesh, India"
AJE,ANJAR,WR,"Navhagam, Anjar, Gujarat, India"
AJH,AJHAI,NCR,"Mathura, Uttar Pradesh, India"
AJI,ANJHI SHAHABAD,NR,"Hardoi, Uttar Pradesh, India"
AJIT,AJIT,NWR,"Barmer, Rajasthan, India"
AJJ,ARAKKONAM,SR,"Arakkonam, Tamil Nadu, India"
AJJN,AROKONAM JN. NORTH B,SR,"Kinoor, Arakkonam, Tamil Nadu, India"
AJK,AJAKOLLU,SCR,"Palakollu, Andhra Pradesh, India"
AJKI,AJIT KHERI,WR,"Mendki Dhakad, Madhya Pradesh 455001, .."
AJL,AJITWAL,NR,"Ajitwal, Punjab, India"
AJM,ADRAJ MOTI,WR,"Adraj Moti, Gujarat, India"
AJN,AJNOD,WR,"Ajnod Railway Station, Madhya Pradesh,.."
AJNI,AJNI,CR,"Nagpur, Maharashtra, India"
AJP,AJJAMPUR,SWR,"Ajjampur Bus Stand, TH Road, Ajjampur,.."
AJR,AJAIBPUR,NCR,"Ajaibpur, Uttar Pradesh, India"
AJRE,AUJURI,NFR,"Assam 782412, India"
AJTM,AJIT GILL MATTA H,NR,"Punjab 151202, India"
AJU,ARJUNI,SECR,"Arjuni, Maharashtra, India"
AJUG,ABJUGANJ,ER,"Abjuganj, SultanGanj, Bihar 813213"
AK,AKOLA JN,CR,"Akola Railway Station, Akola, Maharash.."
AKAH,ARTALAKATTA,SCR,"Talabkatta Rd, Hyderabad, Andhra Prade.."
AKAT,AKKAMPET,SR,"Akkampet, Andhra Pradesh"
AKD,AKODIA,WR,"Shajapur, Madhya Pradesh, India"
AKE,AKANAPET,SCR,"Akanapet, Akkannapet, Andhra Pradesh, .."
AKIP,AKAIPUR H,ER,"Akaipur, West Bengal, India"
AKJ,AKBARGANJ,NR,"Akbarganj, Uttar Pradesh, India"
AKK,AKKIHEBBALU,SWR,"Akkihebbalu, Karnataka, India"
AKLA,AKLERA,WCR,"Aklera, Deopura, Rajasthan 326033, India"
AKM,ARAMBAKAM,SR,"Arambakam, Karuru, Andhra Pradesh, India"
AKN,AKBARNAGAR,ER,"Akbarnagar Station Rd, Akbarnagar, Bih.."
AKNR,ADHYATMIK NAGAR H,NR,"Adhyapak Nagar, New Delhi, Delhi, India"
AKOR,AKALKOT ROAD,CR,"Solapur, Maharashtra, India"
AKOT,AKOT,SCR,"Akot Railway Station, Akot, Maharashtr.."
AKP,ANAKAPALLE,SCR,"Anakapalle, Andhra Pradesh, India"
AKR,AKOLNER,CR,"Unnamed Road, New Ahmednagar, Maharash.."
AKRA,AKRA,ER,"Akra, Kolkata, West Bengal, India"
AKRD,AKURDI,CR,"Akurdi Railway Station, Akurdi, Pimpri.."
AKS,ANKUSPUR,NER,"Ghazipur, Uttar Pradesh, India"
AKSP,ANKSAPUR,SCR,"Telangana 503311, India"
AKT,AKALTARA,SECR,"Akaltara, Chhattisgarh, India"
AKU,ANGALAKUDURU,SCR,"Guntur Road, Angalakuduru, Andhra Prad.."
AKV,ANKLESHWAR JN,WR,"Ankleshwar, Gujarat, India"
AKVD,AKIVIDU,SCR,"Akividu Railway Station, Akividu, Andh.."
AKVU,ANKLESHWAR UDHYOG NA,WR,"Hifazat Nagar, Ankleshwar, Gujarat, In.."
AKW,AKORA,NCR,"Uttar Pradesh, India"
AKZ,AKASHI P H,SER,"Jharkhand 835325, India"
AL,ATTILI,SCR,"Andhra Pradesh, India"
ALAI,ALAI,NWR,"Rajasthan, India"
ALAL,ALAL,NR,"Alal, Punjab, India"
ALAT,AVULADATLA,SWR,"Junjurampalle, Andhra Pradesh 515867, .."
ALAU,ALAU,WR,"Alau, Gujarat, India"
ALB,ALIA BADA,WR,"Jamnagar, Gujarat, India"
ALE,AMLETHA,WR,"Unnamed Road, Gujarat 393140, India"
ALER,ALER,SCR,"Aler, Andhra Pradesh, India"
ALGP,ALGAPUR,NFR,"NH154, Sayedbond Pt I, Assam 788150, I.."
ALJ,ALIGANJ,NER,"Aliganj, Uttar Pradesh, India"
ALJN,ALIGARH JN,NCR,"Aligarh Junction, Aligarh, Uttar Prade.."
ALK,ALAKKUDI,SR,"Thanjavur, Tamil Nadu, India"
ALLP,ALLEPPEY,SR,"Alappuzha Railway Station Bus Stand, A.."
ALM,ALAMANDA,ECOR,"Alamanda Railway Station, Andhra Prade.."
ALMR,ALAMPUR,WR,"Bhavnagar, Gujarat, India"
ALMW,ALMAW H,NER,"Alma College, Raghu Ratan Complex, Sta.."
ALN,ALANDI,CR,"Ramoshiwadi, Maharashtra 412201, India"
ALNI,ALNIYA,WCR,"Kewal Nagar, Rajasthan 325003, India"
ALNP,AKELA HANSPUR H,NER,"Uttar Pradesh, India"
ALP,ALAPAKAM,SR,"Alapakkam, Tamil Nadu, India"
ALPD,ADALPAHARI,ER,"Narayanpur Road, Boro Pahari, West Ben.."
ALPR,ALAMPUR ROAD,SCR,"Alampur Road Railway Station, Alampur .."
ALS,AMLORI SARSAR,NER,"Amlori Sarsar, Bihar, India"
ALU,ARIYALUR,SR,"Ariyalur, Tamil Nadu, India"
ALUH,ALAULI,ECR,"Chharrapatti, [ Alauli Garh ] Anandpur.."
ALV,ANKLAV,WR,"Anklav, Gujarat, India"
ALW,ALWAL,SCR,"Alwal, Hyderabad, Andhra Pradesh, India"
AMA,ATAMANDA,NER,"Jadaunpur, Uttar Pradesh 243203, India"
AMB,AMBODALA,ECOR,"Rayagada, Orissa, India"
AMBG,ARAMBAG,ER,"Arambagh, West Bengal 712601, India"
AMBR,AMBIKA ROHINA,SCR,"Ambika Devi Rd, Maharashtra, India"
AMC,AMRITAPURA,SWR,"Chitradurga, Karnataka, India"
AMD,AMILA H,NER,"Amila, West Bengal, India"
AMDI,AMDI,SECR,"Amdi, Madhya Pradesh, India"
AME,AMETHI,NR,"Mahrajpur, Uttar Pradesh, India"
AMG,ALAMNAGAR,NR,"Alamnagar, Lucknow, Uttar Pradesh, India"
AMGA,AMJONGA,NFR,"Manupara, Assam, India"
AMGU,AMMUGUDA,SCR,"Bolarum, Secunderabad, Telangana 50005.."
AMH,AZAMGARH,NER,"Azamgarh Railway Station, Azamgarh, Ut.."
AMI,AMRAVATI,CR,"Police Station Kotwali Amravati, Amrav.."
AMIN,AMIN,NR,"Amin, Haryana, India"
AML,AMALSAD,WR,"Navsari, Gujarat, India"
AMLA,AMLA JN,CR,"Amla Junction Railway Station, Amla, M.."
AMLI,AMLI,WCR,"State Highway 6, Ranthambore National .."
AMLO,AMLO,ECR,"Amlo Block Halt, KARGALI, Phusro, Jhar.."
AMLP,AMALPUR,WR,"Jamalpur, West Bengal, India"
AMM,ATIRAMPATTINAM,SR,"Railwaystation Road, Adirampattinam, T.."
AMNE,AMALNER BHANDYACHE,CR,Amalner State: Maharashtra
AMNR,AMMANUR,SR,"Ammanur, Tamil Nadu, India"
AMO,AMOLWA,ECR,"Amway India Enterprises Pvt Ltd, 32, J.."
AMP,AHMADPUR JN,ER,"Birbhum, West Bengal, India"
AMPA,AMBALAPUZHA,SR,"Erattakulangara Bus Stop, NH 66, Ambal.."
AMPL,AMMAPALI,ER,"Ammapally, Andhra Pradesh, India"
AMPR,AMARPURA RATHAN,NWR,"Sri Ganganagar, Rajasthan, India"
AMQ,AMMUGUDA,SCR,"Secunderabad, Andhra Pradesh 500056, I.."
AMRA,AMHA PIPRA,ECR,"Amaha, Bihar 852218, India"
AMRO,AMROHA,NR,"Amroha Railway Station, Amroha, Uttar .."
AMS,AMAUSI,NR,"Kanpur Rd, Alambagh, Lucknow, Uttar Pr.."
AMSA,AMMASANDRA,SWR,"Tumkur, Karnataka, India"
AMT,AMMAPET,SR,"Ammapet, Tamil Nadu, India"
AMV,ALAMBAGH LUCKNOW,NR,
AMVA,AMARAVIIA,SR,"Amaravila, Kerala, India"
AMW,AMAN VADI,SCR,"Maharashtra 444503, India"
AMY,AKATHUMURI,SR,"Akathumuri Road, Akathumuri, Kerala, I.."
AMZ,AMTA,SER,"Amta, West Bengal 711401, India"
AN,AMALNER,WR,"Amalner, Maharashtra, India"
ANA,ASLANA,WCR,"Damoh, Madhya Pradesh, India"
ANAH,AUNTA H,ECR,"Aunta, Bihar 803303, India"
ANAS,ANAS,WR,"Gujarat, India"
ANB,AMMANABROLU,SCR,"Prakasam, Andhra Pradesh, India"
ANC,ANNECHAKANAHALLI H,SWR,"Panchanahalli, Karnataka, India"
ANCR,ANCHURI P H,SER,"Anchuri, West Bengal 722102, India"
AND,ANDAMPALLAM,SR,"Andampallam, Tamil Nadu, India"
ANDI,ADRSH NGR DELHI,NR,"New Delhi, Delhi 110052, India"
ANDN,ANAND NAGAR,NER,"Anand Nagar, Uttar Pradesh, India"
ANE,ANANTARAJUPET,SCR,"Anantapur, Andhra Pradesh, India"
ANF,ANANDAPURAM,SWR,"Anandapuram, Kerala, India"
ANG,AHMADNAGAR,CR,"Ahmednagar Railway Station, Ahmednagar.."
ANGL,ANGUL,ECOR,"Railway Colony, Angul, Orissa, India"
ANGM,AUNGARIDHAM H,ECR,"Lane, Gomhar, Bihar 801301, India"
ANGR,ANGADGERI H,SWR,"Angadgeri Halt Station, Karnataka, India"
ANH,ANKORAH AKORHA,ECR,"Aurangabad, Bihar, India"
ANJE,ANGARPATHRA H,ECR,"Jharkhand 828113, India"
ANK,ANKAI,CR,"Savkhede, Maharashtra 423403, India"
ANKL,ANKOLA,KR,"Ankola, Karnataka, India"
ANLG,AMAN LODGE,CR,"Neral - Matheran Rd, Matheran, Maharas.."
ANM,ANAIMALAI ROAD,SR,"Subbe Gounden Pudur, Tamil Nadu 642103.."
ANMD,ARANG MAHANADI,ECOR,"Arang, Chhattisgarh, India"
ANMP,ARJUN NAGAR HALT,ER,"Mathurapur, Jharkhand, India"
ANND,ANAND JN,WR,"Anand, Gujarat, India"
ANNR,ANNANUR,SR,"Jyothi Nagar, Annanur, Ambattur, Tamil.."
ANO,ANJANI,KR,"Ratnagiri, Maharashtra, India"
ANP,ANANDTANDAVPUR,SR,"Anandpur Sahib Railway Station, State .."
ANPR,ANPARA,ECR,"Anpara, Uttar Pradesh, India"
ANQ,AMNAPUR,CR,"Nagpur, Maharashtra, India"
ANR,ANARA,SER,"Purulia, West Bengal, India"
ANSB,ANANDPUR SAHIB,NR,"Anandpur Sahib, Punjab, India"
ANT,ANANTNAG,NR,Anantnag
ANU,ANANGUR,SR,"Anangur, Tamil Nadu, India"
ANV,ANNAVARAM,SCR,"Annavaram Railway Station, Andhra Prad.."
ANVR,ANAND VIHAR,NR,"Karkardooma, New Delhi, Delhi, India"
ANVT,ANAND VIHAR TRM,NR,"Anand Vihar Railway Station, Anand Vih.."
ANW,ANAVAL,WR,"Anaval St, Thiruvananthapuram, Kerala,.."
ANY,ARUMUGANERI,SR,"Arumuganeri, Tamil Nadu, India"
AO,AONLA,NR,"Bareilly, Uttar Pradesh, India"
AON,ARAON,NCR,"Araon Rd, Sirsaganj, Uttar Pradesh, In.."
AONI,AMONI,NFR,"SH 17, Nonoi Village, Assam 782138, In.."
AOR,ARGORA P H,SER,"Argora, Ranchi, Jharkhand, India"
AP,ASHOKAPURAM,SWR,"Ashokapuram Railway Station, Mysore, K.."
APA,AMARPURA,NWR,"Ajmer, Rajasthan, India"
APB,ANUPPAMBATTU,SR,"Anuppanadi, Madurai, Tamil Nadu, India"
APD,ALIPUR DUAR,NFR,"Alipurduar, West Bengal, India"
APDC,ALIPUR DUAR COURT,NFR,"Alipurduar, West Bengal, India"
APDJ,ALIPUR DUAR JN,NFR,"Jalpaiguri, West Bengal, India"
APE,ANDANAPETTAI,SR,"Andanappettai, Manjakkollai, Nagapatti.."
APG,ANUPGANJ,NR,"Daudpur Saidapur, Uttar Pradesh 226501.."
APH,ANUPGARH,NWR,"Anupgarh, Rajasthan, India"
API,AKKARAIPATTI,SR,"Kuthathupatti, Tamil Nadu, India"
APJ,AMARPUR JORASI,NWR,"123023, India"
APK,ARUPPUKKOTTAI,SR,"Vasantham Nagar, Aruppukkottai, Tamil .."
APKH,ASANPUR KUPHA HALT,ECR,"Bihar 852105, India"
APL,APPIKATLA,SCR,"Appikatla, Andhra Pradesh, India"
APMR,APPAIPALLY,SCR,"Begumpet, Telangana 502334, India"
APN,AYODHYAPATTANAM,SR,"Salem, Tamil Nadu, India"
APP,AMBAPENDARPUR H,ECR,"Bihar 803119, India"
APR,ANUPPUR JN,SECR,"Anuppur Railway Station, Anuppur, Madh.."
APRD,APURVA PH,SER,"721423, India"
APRH,ALEHPUR HALT,NER,"Bihar 841413, India"
APT,ANAPARTI,SCR,"Balabhadhrapuram, Andhra Pradesh, India"
APTA,APTA,CR,"Maharashtra 410207, India"
APU,ANIPUR,NFR,"Manipur, India"
AQG,ASHAPURA GOMAT,NWR,"Rajasthan, India"
ARA,ARA JN,ECR,"Anaith, Arrah, Bihar, India"
ARAG,ARAG,CR,"Maharashtra, India"
ARCL,ARUNACHAL,NFR,"Tarapur Pt I, Assam, India"
ARD,AMARDA ROAD,SER,"Amarda Rd, Odisha, India"
ARE,ARNETHA,WCR,"Bundi, Rajasthan, India"
ARG,ANGAR GHAT,ECR,"Samastipur, Bihar, India"
ARGD,ARIGADA,ECR,"Argada Station Rd, Jharkhand 829101, I.."
ARGL,ARGUL PH,ECOR,"Barunei Pitha Bus Stop, National Highw.."
ARGP,ARALAGUPPE H,SWR,"Attiguppe, Bangalore, Karnataka, India"
ARH,AMHERA H,NR,"Amhera, Uttar Pradesh, India"
ARI,ANTRI,NCR,"Antri, Madhya Pradesh, India"
ARJ,AUNRIHAR JN,NER,"Aunrihar Junction Railway Station, Utt.."
ARK,ARAKU,ECOR,"Vishakhapatnam, Andhra Pradesh, India"
ARKA,ARKHA H,NR,"Rae Bareli, Uttar Pradesh, India"
ARL,ARAUL MAKANPUR,NER,"Araul, Uttar Pradesh, India"
ARMU,ARMUR,SCR,"Armoor, NH44, Armoor, Telangana 503224.."
ARN,ARAND,ECOR,"Mahasamund, Chhattisgarh, India"
ARNA,ARNIA,NWR,"Chandanwas, Rajasthan 303313, India"
ARNB,AMARUN,ER,"Arra, West Bengal, India"
ARNG,ARUN NAGAR H,SECR,"Arun Nagar, Kapra, Secunderabad, Andhr.."
ARNH,ARJUNAHALLI H,SWR,"Arjunahalli Railway Station, Karnataka.."
AROR,AROOR,SR,"Aroor, Kerala, India"
ARP,ATRAMPUR,NR,"Uttar Pradesh, India"
ARPL,AREPALLI H,SCR,"Arepalli, Andhra Pradesh, India"
ARPR,ALIRAJPUR,WR,"Saija, Madhya Pradesh 457887, India"
ARQ,ARARIYA COURT,NFR,"Araria, Bihar, India"
ARR,ARARIYA,NFR,"Araria, Bihar, India"
ARU,ARASALU H,SWR,"Arasalu, Karnataka, India"
ARV,ARNI ROAD,SR,"Illuppakunam Road, Kalambur, Tamil Nad.."
ARX,ARELI H,NER,"Shahjahanpur, Uttar Pradesh, India"
AS,ARJANSAR,NWR,"Bikaner, Rajasthan, India"
ASAF,ASIFABAD ROAD,SCR,"Adilabad, Andhra Pradesh, India"
ASAN,ASAN,NR,"Assam, India"
ASAR,ASRA HALT,NR,"Bagpat, Uttar Pradesh, India"
ASB,ASANBONI,SER,"East Singhbhum, Jharkhand, India"
ASBS,A S BHALE SULTN,NR,"Misharauli, Uttar Pradesh, India"
ASCE,ATHSARAI,NCR,"Uttar Pradesh, India"
ASD,AMBASAMUDRAM,SR,"Ambasamudram Railway Station, Tirunelv.."
ASE,ASAUDAH,NR,"Asaudah, Loharheri, Haryana, India"
ASH,AISHBAGH,NER,"Aishbagh Railway Station, Malviya Naga.."
ASI,ARSENI,NR,"Hardoi, Uttar Pradesh, India"
ASJP,AMAR SAHEED J P H,ECR,"Bhojpur, Bihar, India"
ASK,ARSIKERE JN,SWR,"Arsikere Junction Railway Station, Ars.."
ASKN,ASHOK NAGAR,WCR,"Ashoknagar Railway Station, Station Ro.."
ASKR,ASHOKNAGAR ROAD,ER,"Mohari Road, Ashoknagar, Madhya Prades.."
ASL,ASLAODA,WR,"Ujjain, Madhya Pradesh, India"
ASLU,ASLU,NWR,"Churu, Rajasthan, India"
ASN,ASANSOL JN,ER,"Asansol Junction Railway Station, Asan.."
ASO,ASANGAON,CR,"Asangaon, Maharashtra, India"
ASP,ASPARI,SCR,"Aspari, Andhra Pradesh, India"
ASR,AMRITSAR JN,NR,"Amritsar Junction Railway Station, Put.."
AST,ASAOTI,NR,"Asaoti, Haryana, India"
ASTG,ASTEGAON,CR,"Rohnala, Maharashtra 444905, India"
ASV,ASARVA JN,WR,"Asarwa, Ahmedabad, Gujarat, India"
AT,ASNOTI,KR,"State Highway 34, Karnataka, India"
ATA,ATA,NCR,"Aata, Uttar Pradesh 285202, India"
ATB,ALATTAMBADI,SR,"Thatchambadi, Tamil Nadu, India"
ATC,ARTS COLLEGE,SCR,"Boudha Nagar Bus Stop, Boudha Nagar, B.."
ATDA,ATLADARA,WR,"Atladara, Vadodara, Gujarat, India"
ATE,ATARRA,NCR,"Atarra Railway Station, Atarra, Uttar .."
ATG,ATGAON,CR,"Atgaon, Maharashtra, India"
ATH,ANTAH,WCR,"Antah, Rajasthan, India"
ATKS,ATWA KURSATH,NR,"Hardoi, Uttar Pradesh, India"
ATL,ATHMAL GOLA,ECR,"Ramnagar Korari Kochhar, Bihar 803211,.."
ATM,ALTAGRAM,NFR,"Jalpaiguri, West Bengal, India"
ATMO,AITHAL,NR,"Uttarakhand, India"
ATNR,AWATARNAGAR,ECR,"Awatarnagar Railway Station, Bihar, In.."
ATP,ANANTAPUR,SCR,"Anantapur Railway Station, Anantapur, .."
ATPA,AWANTIPURA,NR,Awantipura
ATQ,ARANTANGI,SR,"Arantangi Railway Station, Aranthangi,.."
ATRI,ATRI PH,ECOR,"Atri, Odisha, India"
ATRR,ATRAURA H,NER,"Sant Ravidas Nagar, Uttar Pradesh, India"
ATRU,ATRU,WCR,"Atru, Rajasthan, India"
ATS,ATTABIRA,ECOR,"Bargarh, Orissa, India"
ATT,ATARI,NR,"Atari, Punjab, India"
ATU,ATTUR,SR,"Attur, Tamil Nadu, India"
ATUL,ATUL,WR,"Gujarat, India"
ATW,ATWA MUTHIA H,NR,"Hardoi, Uttar Pradesh, India"
ATWN,ASTHWAN,ECR,"Bihar 803107, India"
ATX,ALINAGAR TOLA,ECR,"Garnaha Milik, Bihar 854306, India"
AUB,ALUABARI ROAD,NFR,"Vivekananda Para, Narayanpur, Islampur.."
AUBR,ANUGRAHA N ROAD,ECR,"Anugrah Narayan Rd, Bihar, India"
AUI,AURAHI F,ECR,"Aurahi, Bihar, India"
AUL,AGSAULI,NER,"Uttar Pradesh, India"
AUN,AURANG NAGAR,NWR,"Haryana 127032, India"
AUNG,AUNG,NCR,"Aung Bwei, Burma"
AUR,ATRAULI ROAD,NR,"Atrauli-Aligarh Bypass Rd, Aligarh, Ut.."
AUS,ANUPSHAHR,NWR,"Hanumangarh, Rajasthan, India"
AUWA,AUWA,NWR,"Pali, Rajasthan, India"
AV,ASVALI,CR,"Nashik, Maharashtra, India"
AVA,AMBEWADI,SWR,"Dandeli, Karnataka, India"
AVC,AMARAVATHI COLONY JN,SWR,"Karnataka 577566, India"
AVD,AVADI,SR,"Avadi, First Street, Tirumalairajapura.."
AVH,AVIDHA,WR,"Gujarat 393017, India"
AVK,ARAVANKADU,SR,"Aravankadu, Tamil Nadu, India"
AVL,AMRITVEL,WR,"Bhavnagar, Gujarat, India"
AVLI,ARAVALLI,SCR,"Aravalli Road, Unikili, Andhra Pradesh.."
AVN,ANAVARDIKHANPET,SR,"Anvarthikanpettei Road, Tamil Nadu, In.."
AVP,ABHANPUR JN,SECR,"Raipur, Chhattisgarh, India"
AVRD,ARAVALI ROAD,KR,"Ratnagiri, Maharashtra, India"
AVS,AUVANESWSAREM,SR,"Auvaneeswaram Railway Station, Kunnico.."
AVT,AVATIHALLI H,SWR,"B.M.S. Institute of Technology, Yelaha.."
AWG,AWA GARH,NCR,"Uttar Pradesh 207301, India"
AWH,ALEWAHI,SECR,"Chandrapur, Maharashtra, India"
AWL,ALAWAL PUR,NR,"Alawalpur, Punjab, India"
AWP,AGHWANPUR,NR,"Moradabad, Uttar Pradesh, India"
AWPR,AWAPUR F,ECR,"Sitamarhi, Bihar, India"
AWR,ALWAR,NWR,"Alwar, Rajasthan, India"
AWS,ASWANI HALT,ECR,"Pashchim Champaran, Bihar, India"
AWT,ALWAR TIRUNAGRI,SR,"Kherado, Alwar, Rajasthan, India"
AWY,ALUVA,SR,"Alwaye Railway Goods Godown, Aluva, Ke.."
AXA,AMARSAR,WR,"Rajkot, Gujarat, India"
AXK,ASOKHAR,NCR,"Khokhar, Punjab, India"
AXR,ALLURU ROAD,SCR,"Alluru Rd, Alakapuram, Andhra Pradesh,.."
AY,AYODHYA DHAM JN,NR,"Ayodhya, Uttar Pradesh, India"
AYC,AYODHYA CANT,NR,"Ayodhya, Uttar Pradesh 224001, India"
AYD,AYANDUR,SR,"Alandur, Tamil Nadu, India"
AYI,AYINGUDI,SR,"Ayangudi, Tamil Nadu, India"
AYM,ADIYAKKAMUNGALAM,SR,"Adiyakkamangalam, Tamil Nadu, India"
AYN,AIYANAPURAM,SR,"Thanjavur, Tamil Nadu, India"
AYR,AYYALUR,SR,"Ayyalur, Tamil Nadu, India"
AYRN,AKSHAYWAT R NGR,ECR,"1st A Cross, Bangalore, Karnataka, India"
AYU,ABHAYAPURI ASAM,NFR,"Abhayapuri, Assam, India"
AYV,ARYANKAVU,SR,"Interstate Bus Terminal, Kollam-Tiruma.."
AYVN,NEW ARYANKAVU,SR,"Kollam-Tirumangalam Road, Kerala, India"
AZ,AZIMGANJ JN,ER,"Azimganj, West Bengal, India"
AZA,AZARA,NFR,"Guwahati, Mikir Para Chakardoi, Assam .."
AZK,AZHWARKURICHI,SR,"Virasamudram, Tamil Nadu, India"
AZP,AYYAMPET,SR,"Ayyampet, Tamil Nadu, India"
AZR,AZAMNAGAR ROAD,NFR,"Bihar, India"
BA,BANDRA JN,WR,"J N Library, University of Mumbai, Kal.."
BAA,BARALA,ER,"Barala, West Bengal, India"
BAAR,BANDAR PH,SER,"Rani Chowk Bus Stop, Haldia, West Beng.."
BAB,BABINA,NCR,"Babina, Uttar Pradesh 284401, India"
BABH,BAHALBA HALT,NR,"Behlba, PIN - 124111, Dist. - Rohtak S.."
BABR,BALANAGAR,SCR,"Bangalore-Hyderabad Highway, Balanagar.."
BAC,BARGACHIA,SER,"Bargachia - Jagatballavpur Rd, West Be.."
BAD,BAAD,NCR,"Baburi Garbi, Uttar Pradesh, India"
BADA,BARDHA HALT,NFR,"Bardaha, Bihar 854333, India"
BADH,BARHAUNA HALT,ECR,
BADK,BARKA H,NR,"Barka Ahra, Jharkhand"
BAE,BALIAKHERI,NR,"Saharanpur, Uttar Pradesh, India"
BAF,BAP,NWR,"Bap, Rajasthan, India"
BAGA,BHAGEGA,NWR,"Bhagega, Rajasthan, India"
BAGD,BAGWADA H,WR,"Bajwada, Mandvi, Vadodara, Gujarat, In.."
BAGJ,BARHARAGANJ,NER,"Hariharganj, Jharkhand, India"
BAGL,BARAGOPAL,ECR,"Baragopal, Bihar, India"
BAH,BHABHAR,WR,"Bhabhar, Gujarat, India"
BAHI,BALLENAHALLI,SWR,"Chitradurga, Karnataka, India"
BAHL,BANIHAL,NR,"National Highway 1A, Banihal, Ramban, .."
BAHN,BABHABGAON H,NFR,"Babhangaon, Deogaon, Bihar 855113, India"
BAHP,BAND HAMIRPUR,NR,"Pachodda Sarai, Uttar Pradesh 209801, .."
BAHW,BAHIR KHANDA,ER,"Hooghly, West Bengal, India"
BAI,BASSI,NWR,"Jaipur, Rajasthan, India"
BAJ,BHALEJ,WR,"Bhuj, Gujarat, India"
BAJE,BAJAKARE H,SWR,"Dakshina Kannada, Karnataka, India"
BAK,BHAN KARI,NWR,"Rajasthan 303325, India"
BAKA,BANKA,ER,"Meharpur, Bihar 813102, India"
BAKL,BAKAL,SECR,"Bakal, Madhya Pradesh, India"
BAKT,BARHARA KOTHI F,ECR,"Barhara Kothi, Bihar, India"
BAL,BUDALUR,SR,"Budalur Railway Station, Budalur, Tami.."
BALI,BHAILI,WR,"Bhilai, Chhattisgarh, India"
BALR,BAITALPUR,NER,"Baitalpur, Uttar Pradesh, India"
BALU,BALUGAN,ECOR,"Balugaon Railway Station, Balugaon, Or.."
BAM,BRAHMAPUR,ECOR,"Berhampur Railway Station, Brahmapur, .."
BAMA,BIRAMBAD,NCR,"Bharatpur, Rajasthan, India"
BAMR,BAMUR,ECOR,"Barmer, Rajasthan, India"
BAND,BANASWADI,SWR,"Lingarajapuram, Bangalore, Karnataka, .."
BANE,BASNI,NWR,"Saraswati Nagar, Jodhpur, Rajasthan, I.."
BANI,BANI,NR,"Rae Bareli, Uttar Pradesh, India"
BANO,BANO,SER,"Bano, Jharkhand, India"
BAO,BANMOR,NCR,India
BAOL,BAWLI H,NR,"Bawli, Burma"
BAP,BELAPUR,CR,"Belapur Railway Station, Shrirampur, M.."
BAPN,BARAIPURA H,ECR,"Bathaul, Bihar 848204, India"
BAPR,BALLUPUR F,NER,"Med Pur, Uttar Pradesh 207244, India"
BAQ,GANJ BASODA,WCR,"Ganj Basoda Station, Ganj Basoda, Madh.."
BAR,BAR,NWR,"Pali, Rajasthan, India"
BARA,BILARA,NWR,"Bilara, Rajasthan, India"
BARD,DUVRI KALAN,WCR,"Dubari Khurd, Madhya Pradesh 486666, I.."
BARH,BARH,ECR,"Bihar, India"
BARI,BARI,NCR,"Bari, Rajasthan, India"
BARJ,BHARATGARH,NR,"Bharatgarh, Punjab, India"
BARL,BARAL,NR,"Uttar Pradesh, India"
BARN,BARANAGAR ROAD,ER,"Baranagar Rd, Belgharia, Kolkata, West.."
BARU,BAHARU F,ER,"Baharu, West Bengal, India"
BASN,BHAINSWAN,NR,"Bhainswan Khurd, Haryana 131301, India"
BASR,BATESHWAR HALT,NCR,"Bah-Bateshwar Rd, Uttar Pradesh 283104.."
BAT,BATALA JN,NR,"Shampur, Batala, Punjab, India"
BATL,BAIHATOLA,SECR,"Shahdol, Madhya Pradesh, India"
BATM,BATALA SUGAR MILLS,NR,"Punjab 143505, India"
BAU,BURHANPUR,CR,"East Nimar, Madhya Pradesh, India"
BAV,BARUVA,ECOR,"Andhra Pradesh, India"
BAW,CHIK BANAVAR,SWR,"3rd Main Road, Geleyara Balaga Layout,.."
BAWA,BALWARA,NWR,"Rajasthan, India"
BAWD,BHADWAD,WR,"Zamatyawad, Maharashtra 425416, India"
BAY,BELLARY JN,SWR,"Bellary, Karnataka, India"
BAYD,BAYAD,WR,"Bayad, Gujarat, India"
BAZ,BARAN,WCR,"Lanka Colony, Baran, Rajasthan, India"
BBA,BABRALA,NR,"Babrala, Uttar Pradesh, India"
BBAE,BAIDYABATI,ER,"Baidyabati, West Bengal, India"
BBAI,BHADBHUNJA,WR,"Gujarat, India"
BBAR,BARA,WCR,"Papodh, Madhya Pradesh 484774, India"
BBC,BHACHHBAR,NWR,"Barmer, Rajasthan, India"
BBCE,BULBULCHANDI,NFR,"Village-Boaichandi, West Bengal, India"
BBD,BABLAD,CR,"Bablad, Karnataka, India"
BBDB,BENOY BADAL DINESH BAG,ER,"West Bengal 700001, India"
BBDE,BABARPUR,NR,"Babarpur, Punjab, India"
BBE,BAGHI BARDIHA,ECR,"Bihar 805130, India"
BBGN,BARUA BAMUNGAON,NFR,"Jorhat, Assam, India"
BBHT,BARABAR H,ECR,"Barabar Caves, Bihar, India"
BBI,BARABANI,ER,"Barabanki, Uttar Pradesh, India"
BBJ,BABAGANJ,NER,"Babaganj, Uttar Pradesh, India"
BBK,BARABANKI JN,NR,"Gandhi Nagar, Barabanki, Uttar Pradesh.."
BBKR,BABA BAKALA RAIYA,NR,"Punjab 143202, India"
BBL,BALRAI,NCR,"Balrai, Rajasthan, India"
BBLA,BHYABLA,ER,"Bhyabla, Basirhat, West Bengal, India"
BBLK,BABA LAKSHMAN DAS H,NCR,"Uttar Pradesh, India"
BBM,BARABHUM,SER,"Purulia, West Bengal, India"
BBMN,BARI BRAHMAN,NR,
BBN,BARABIL,SER,"Barbil, Odisha, India"
BBO,BABUGARH,NR,"Ghaziabad, Uttar Pradesh, India"
BBPM,BALABHADRAPURAM,SCR,"East Godavari, Andhra Pradesh, India"
BBPR,BABUPUR H,NER,"Babupur, Gurgaon, Haryana, India"
BBQ,BASIN BRIDGE JN,SR,"Basin Bridge Jn, Pulianthope, Chennai,.."
BBR,BAGH BAZAR,ER,"Main Bazar Rd, Bagh"
BBRI,BANSHBARI HALT,NFR,"Purandaha, Bihar 854311, India"
BBS,BHUBANESWAR,ECOR,"Kharavela Nagar, Bhubaneshwar, Orissa,.."
BBSN,BHUBANESHWAR NEW,ECOR,"New Railway Station Rd, Raghunathpur, .."
BBT,BIRATI,ER,"Birati, Kolkata, West Bengal, India"
BBTR,BARBATPUR,CR,"Shahpur, Madhya Pradesh, India"
BBU,BHABUA ROAD,ECR,"Mohania, Bihar, India"
BBW,BODARWAR,NER,"Kushinagar, Uttar Pradesh, India"
BBY,BHADROLI,NCR,"Gwalior, Madhya Pradesh, India"
BC,BAREILLY CITY,NER,"Bareilly, Uttar Pradesh, India"
BCA,BACHWARA JN,ECR,"Begusarai, Bihar, India"
BCB,BHOWRA BH,SER,"SH 8, West Bengal, India"
BCD,BANSDIH ROAD,NER,"Sahodih, India"
BCF,BANKAPASI F,ER,"Bardhaman, West Bengal, India"
BCGM,BAINCHIGRAM,ER,"Bainchigram, West Bengal, India"
BCH,BERCHHA,WR,"Madhya Pradesh, India"
BCHL,BACHELI,ECOR,"Dantewada, Chhattisgarh, India"
BCHN,BOCHASAN JN,WR,"Anand, Gujarat, India"
BCHR,BACHAR,WR,"Bachar, Gujarat, India"
BCHT,BARH COURT HALT,ECR,"Ibrahimpur, Bihar 803213, India"
BCJ,BAGAHA BISHNUPUR,ECR,"Bahuara, Bihar, India"
BCK,BALICHAK,SER,"Balichak, West Bengal, India"
BCL,MUMBAI CENTRAL LOCAL,WR,"Mumbai Central, Tulsiwadi Path, Tardeo.."
BCN,BACHHRAWAN,NR,"Rae Bareli, Uttar Pradesh, India"
BCOB,BHACHAU BG,WR,"Bhachau, Gujarat, India"
BCP,BICHPURI,NCR,"Bhanpuri, Chhattisgarh, India"
BCPR,BACHHARPUR HALT,ECR,"Sitamarhi, Bihar, India"
BCQ,BARACHAK,ER,"Barachak Station, West Bengal, India"
BCRD,BARCHI ROAD,CR,"Betul, Madhya Pradesh, India"
BCU,BHUCHCHU,NR,"Punjab 151101, India"
BCW,BHAWI,NWR,"Bhiwani, Haryana, India"
BCY,VARANASI CITY,NER,"Raja Bazar Road, Varanasi, Uttar Prade.."
BCYN,BUDHDEVCHAK YADAV NAGAR,ECR,"Raipura, Bihar 803202, India"
BD,BADNERA JN,CR,"Badnera Railway Station, Nayi Basti, B.."
BDAG,BONIDANGA,ER,"6-18 Erith Street, Bundanoon NSW 2578,.."
BDB,VRINDAVAN,NCR,"Vrindavan Railway Station, Bhaktivedan.."
BDBA,BADABANDHA,ECOR,"State Highway 12, Kujang, Odisha, India"
BDBG,BADHAI BALAMGARH H,NR,"Badhai Rd, Sri Muktsar Sahib, Punjab, .."
BDBP,BASUDEBPUR H,ER,"Basudebpur, Odisha, India"
BDBR,BHOGDABAR HALT,NFR,"Jiran Gachh, Bihar, India"
BDBS,BINDUBASINI,ER,"Bindu Basini Rd, Mominpur, Kolkata, We.."
BDC,BANDEL JN,ER,"Bandel Junction Railway Station, Bande.."
BDCR,BHADRACHALAM RD,SCR,"Bhadrachalam, Andhra Pradesh, India"
BDDR,BADODAR,WR,"Gujarat, India"
BDE,BODELI,WR,"State Highway 5, Bodeli, Gujarat, India"
BDGM,BADGAM,NR,"Degree College Budgam, Srinagar 191111"
BDGP,BADANAGUPPE H,SWR,"Nanjungudu-Chamarajanagara Rd, Karnata.."
BDGU,BUDHAGUMPA,SWR,"Dhangaldoddi, Karnataka 583228, India"
BDH,BHEDIA,ER,"Bhedia, West Bengal, India"
BDHA,BADHADA,WR,"Badhada, Gujarat, India"
BDHL,BADHAL,NWR,"Rajasthan, India"
BDHN,BODHAN,SCR,"Gunj Road, Bodhan, Maharashtra 503185,.."
BDHP,BHUDPUR,NR,"Bhogpur, Punjab, India"
BDHT,BARDI HALT,SECR,"Bardi Halt Railway Station, Madhya Pra.."
BDHY,BUDHI,NR,Budhi
BDI,BHADLI,CR,"Jalgaon, Maharashtra, India"
BDIN,BHADAIYAN,NR,"Bhadwan, Maharashtra, India"
BDJ,VADAKARA,SR,"Vadakara, Kerala, India"
BDKD,BHANDARKUND,SECR,
BDKN,BANDHUA KALAN,NR,"Bandhua Kalan, Railway, National Highw.."
BDKT,BADAKHANDIAITA,ECOR,"Jagatsinghpur, Odisha, India"
BDL,VINDHYACHAL,NCR,"Vindhyachal main Road, Uttar Pradesh, .."
BDLN,BORDOLONI,NFR,"Kaibartta Gaon, Assam 787026, India"
BDM,BADAMI,SWR,"Bagalkot, Karnataka, India"
BDMA,BUDHMA,ECR,"Murho, Bihar, India"
BDME,BAIDYANATHDHAM,ER,"Deoghar, Jharkhand 814112, India"
BDMJ,BHODWAL MAJRI,NR,"Bhodwal Majri, Railway Road, Haryana 1.."
BDN,BHADAN,NCR,Ballipur Village - Bhadan Railway Stat..
BDNH,BHUDEVI NAGAR,SCR,"Bhoodevinagar, Alwal, PIN - 500015, Se.."
BDNK,BODINAYAKKANUR,SR,"Bodinayakanur, Tamil Nadu, India"
BDNP,BIDANPUR,NCR,"Danpur, Uttar Pradesh, India"
BDO,BAHALDA ROAD,SER,"Bahalda Rd, Odisha, India"
BDPA,BADALPUR P H,SER,"Badlapur, Maharashtra, India"
BDPG,BADAPADAGAON PH,ECOR,"Cuttack, Odisha, India"
BDPK,BUDHAPANK,ECOR,"Budhapara, Raipur, Chhattisgarh, India"
BDPL,BANDARUPALLE,SCR,"Visadala Road, Visadala, Andhra Prades.."
BDPR,BRINDABANPUR PH,SER,"West Bengal 722207, India"
BDQ,BUDORA,ECR,"Budora Rd, Kharkharee, Jharkhand 82812.."
BDRI,BHADRAULI HALT,NCR,"Bhadrauli Station Rd, Uttar Pradesh 28.."
BDRL,BYADARAHALLI,SWR,"Byadarahalli, Karnataka, India"
BDS,BARADIGHI,NFR,"Haihaipathar, West Bengal, India"
BDSW,BUDHSINGHWALA,NWR,"28 Amp, Rajasthan, India"
BDT,BORDUBI ROAD,NFR,"Tinsukia-Duliajan Rd, Bordubi, Assam 7.."
BDTS,BANDRA TERMINUS,WR,"Bandra Terminus, Mumbai, Maharashtra, .."
BDU,BADNAPUR,SCR,"Jalna, Maharashtra, India"
BDUA,BASUDEOPUR CHANDAIL H,ECR,"Samastipur, Bihar, India"
BDVL,BUDVEL,SCR,"National Highway 7, Netaji Nagar, Kate.."
BDVR,BODDAVARA,ECOR,"Unnamed Road, Andhra Pradesh 535145, I.."
BDVT,BHADRAVATI,SWR,"Bhadravati Railway Station, Bhadravath.."
BDW,BANDANWARA,NWR,"Ajmer, Rajasthan, India"
BDWA,BADHWA BARA,SECR,"Madhya Pradesh, India"
BDWD,BODWAD,CR,"Bodwad Railway Station, SH190, Bodwad,.."
BDWL,BIRADHWAL,NWR,"Bikaner, Rajasthan, India"
BDWS,BADARWAS,WCR,"Badarwas, Madhya Pradesh, India"
BDXT,BASAI DHANKOT,NR,"Basai Rd, Dhankot, Gurgaon, Haryana, I.."
BDXX,BADE ARAPUR,ECOR,"Bastar, Chhattisgarh, India"
BDY,BUDDIREDDIPPATI,SR,"Buddireddippati, Tamil Nadu, India"
BDYK,BINDAYAKA,NWR,"Vinayaka Hospital and Nursing Home, No.."
BDYP,BIDYADHARPUR F,ER,"Bidyadharpur, Odisha, India"
BDYR,BIDYADABRI,NFR,"783335, India"
BDZ,BADKULLA,ER,"Badkulla, West Bengal, India"
BE,BAREILLY,NR,"Civil Lines, Bareilly, Uttar Pradesh, .."
BEA,BIHIYA,ECR,"Bihiya, Bihar, India"
BEAS,BEAS,NR,"Beas, Punjab, India"
BEB,BELDANGA,ER,"Beldanga, West Bengal, India"
BED,BASERI,NCR,"Baseri, Uttarakhand, India"
BEDM,BEDHAM,NCR,"Bedham, Rajasthan, India"
BEE,BEBEJIA,NFR,"Kekuri Bebejia, Assam, India"
BEF,BHUPDEOPUR,SECR,"Bhupdeopur, Chhattisgarh, India"
BEG,BEHTAGOKUL,NR,"Behtagokul Railway Station, Uttar Prad.."
BEH,BAGDIHI,SER,"Odisha, India"
BEHI,BENNEHALLI,SWR,"Matihalli Rd, Karnataka 583127, India"
BEHJ,BEHAJ,NCR,"Bahaj, Rajasthan, India"
BEHR,BEOHARI,WCR,"Beohari Railway Station, Beohari, Madh.."
BEHS,BIHAR SHARIF,ECR,"Bihar Sharif Railway Station, Bihar Sh.."
BEHT,BIHAT H,ECR,"Bihat, Bihar, India"
BEJ,BENIGANJ,NR,"Beniganj, Uttar Pradesh, India"
BEK,BUNDKI,NR,"Bijnor, Uttar Pradesh, India"
BELA,BELA,ECR,"Gaya, Bihar, India"
BELD,BELKHERA,WCR,"Kelakhera, Uttarakhand, India"
BELT,BELA,ER,"Bela Halt, Shemraudha, Bihar 813107, I.."
BEM,BUDAUN,NER,"Badaun, Uttar Pradesh, India"
BEML,B E M L NAGAR H,SWR,"Nagar, Rajasthan, India"
BEN,BENAPOL,BR,"Benapole, Bangladesh"
BENA,BELONIA,NFR,"Sarasima part, Tripura 799155, India"
BENL,BENAL H,SWR,"Benl Station, Benal R.C, Karnataka 586.."
BEO,BIROHE,NCR,"Akorhi, Uttar Pradesh, India"
BEP,BHEERPUR,NCR,"Bhairapur, Karnataka, India"
BEPR,BELAPUR C B D,CR,"Belapur, Maharashtra, India"
BEQ,BELUR,ER,"Belur Math, Bally, Howrah, West Bengal.."
BER,BEAWAR,NWR,"Beawar, Rajasthan, India"
BERO,BERO,SER,"Bero, Jharkhand, India"
BES,BES,ECR,"Bes Station Rd, Bes, Jharkhand 825302,.."
BET,BARETH,WCR,"Bareth Station, Madhya Pradesh, India"
BETI,BHETASI,WR,"Bhetakadi, Gujarat, India"
BEU,BISHESHWARGANJ,NER,"Bisheshwanath Rd, Lucknow, Uttar Prade.."
BEW,BETAVAD,WR,"Dhule, Maharashtra, India"
BEX,BELBONI PH,SER,"West Bengal 722203, India"
BEY,B CEMENT NAGAR,SCR,"Cement Nagar, Chandrapur, Maharashtra,.."
BFD,BORHAT,NFR,"Namrup, Assam, India"
BFE,BAHAWAL BASI,NR,"152116, India"
BFF,BARABHATI,SECR,"Barabanki, Uttar Pradesh, India"
BFG,BAGTHAR,NCR,"Bharatpur, Rajasthan, India"
BFJ,BHORAS BUDRUKH,CR,"Jalgaon, Maharashtra, India"
BFM,BHALUI,ECR,"Bhalui, Raota, Bihar 811310, India"
BFP,BILOCHPURA AGRA,NCR,Billochpura (Baluchpura) Railway Stati..
BFPA,BHOPATPUR,NER,"Bharatpur, Rajasthan, India"
BFQ,BENDI,ECR,"Bendi, Andhra Pradesh"
BFR,BEKAL FORT,SR,"Bekal Fort, Kerala, India"
BFT,BHABTA,ER,"National Highway 34, Bhabta, West Beng.."
BFV,BAHELIA BUZURG H,NER,"Uttar Pradesh, India"
BFW,BYATRAYANAHALLI,SWR,"Byatrayanhalli, Karnataka 563137"
BFX,BAGHI GHAUSPUR,ECR,"Bihar 805124, India"
BFY,BHESANA,NWR,"Pali, Rajasthan, India"
BFZ,BHANDARTIKURI,ER,"Bhandartikuri, West Bengal, India"
BG,BHONGIR,SCR,"Sanjeev Nagar, Bhongir, Andhra Pradesh.."
BGA,BAGALIA,SER,"West Bengal, India"
BGAE,BALAGARH,ER,"Balagarh Station Road, Balagarh, West .."
BGAN,BANGAIN,NER,"Bangaon, West Bengal, India"
BGAR,BANGARI,ECR,"Jiwdhara, Bihar, India"
BGB,BUDGE BUDGE,ER,"Budge Budge, Kolkata, West Bengal, India"
BGBR,BAGBAHRA,ECOR,"Mahasamund, Chhattisgarh, India"
BGD,BARA GUDHA,NWR,"Bara Gudha, Haryana, India"
BGDI,BAGADIA PH,ECOR,"Jagatsinghpur, Odisha, India"
BGDS,BHAGWANPUR DESUA,ECR,"Bhagwan Pur Desua High School, Desua, .."
BGF,BAGILA,ER,"Bagila, West Bengal, India"
BGG,BANTA RNATHGARH,NWR,"Pali, Rajasthan, India"
BGH,BAGHAULI,NR,"Hardoi, Uttar Pradesh, India"
BGHI,BAGAHAI ROAD,WCR,"Madhya Pradesh, India"
BGHT,BARKAGAON HALT,NER,"Station Rd, Kherwa, Bihar 841507, India"
BGHU,BORRAGUHALLU,ECOR,"Vishakhapatnam, Andhra Pradesh, India"
BGJT,BAGHA JATIN F,ER,"Bagha Jatin, Bow Bazaar, Kolkata, West.."
BGK,BAGALKOT,SWR,"Bagalkot, Karnataka, India"
BGKA,BANGURKELA,SER,"Rourkela, Odisha, India"
BGKT,BHAGAT KI KOTHI,NWR,"Jodhpur, Rajasthan, India"
BGL,BAGULA,ER,"Bagula, West Bengal, India"
BGLI,BARGALIA,NFR,"Chiboo Gaon, Assam, India"
BGM,BELAGAVI,SWR,"Belgaum Railway Station, Belgaum, Karn.."
BGMR,BAGUMRA,WR,"Surat, Gujarat, India"
BGMU,BANGARMAU,NR,"Bangarmau, Uttar Pradesh, India"
BGN,BORGAON,CR,"Maharashtra, India"
BGNA,BALGONA,ER,"Balgona Rly Stn, West Bengal, India"
BGND,BAGINADI,NFR,"Tariani Borbil, Assam 787032, India"
BGNP,BANAGANAPALLE,SCR,"Kyapa, Andhra Pradesh 518124, India"
BGNR,B.G. NAGAR,SWR,"Agachalli Rd, Javaranahalli, Karnataka.."
BGO,BOGRI ROAD,SER,"Bogri Rd, West Bengal, India"
BGP,BHAGALPUR,ER,"Bhagalpur, Bihar, India"
BGPA,BAGESHAPURA,SWR,"Nagapura, Bangalore, Karnataka, India"
BGPL,BAGHUAPAL,ECOR,"Jajpur, Odisha, India"
BGPR,BHAGWANPURA,NWR,"Pali, Rajasthan, India"
BGQ,BHONGAON,NCR,"Mainpuri Railway Station, Mainpuri, Ut.."
BGRA,BAGHNAPARA,ER,"Baghnapara, Kalna-Memari Road, West Be.."
BGRD,BELIAGHATA ROAD,ER,"Beliaghata Rd, West Bengal, India"
BGRM,BIGGABAS RAMSARA,NWR,"Biggabas Ramsara, Rajasthan, India"
BGRR,BAGARPUR H,NR,"Bakharpur, Sujapur, West Bengal, India"
BGS,BEGU SARAI,ECR,"Station Rd, Begusarai, Bihar, India"
BGSF,BISUGIRSHARIF,SCR,"Bisugirsharif Station, Andhra Pradesh,.."
BGTA,BAGRA TAWA,WCR,"Bagra Tawa Railway Station, Madhya Pra.."
BGTN,BHAGTANWALA,NR,"Amritsar, Punjab, India"
BGU,BAIRAGNIA,ECR,"Bairgania, Bihar, India"
BGUA,BAIGUDA,ECOR,"Koraput, Orissa, India"
BGVN,BHIGWAN,CR,"Bhigwan, Maharashtra, India"
BGWD,BAGEWADI,SWR,"Gokak Taluka, Karnataka, India"
BGWI,BEGDAEWAI,CR,"Dehuroad Cantoment, Pimpri Chinchwad, .."
BGX,BAGRI SAJJANPUR,NWR,"Pali, Rajasthan, India"
BGY,BANGRIPOSI,SER,"Bangriposi, Odisha, India"
BGZ,BAHADURGARH,NR,"124505, India"
BH,BHARUCH JN,WR,"Bharuch Railway Station, Station Road,.."
BHA,BHANDAI,NCR,"Bhandara, Maharashtra, India"
BHAD,BARHAPUR H,ECR,"Barahpur, Bihar 803302, India"
BHAL,BHATIEL,WR,"Bhatia, Gujarat, India"
BHAN,BHOYANI,WR,"Bhin, Punjab, India"
BHAS,BHOJRAS,NWR,"Bhilwara, Rajasthan, India"
BHAT,BHATPURA,NCR,"Bharatpur, Rajasthan, India"
BHAU,BHALUA,ER,"Deoghar Rd, Bhalua, Bihar 814131, India"
BHB,BADLA GHAT,ECR,"Sabzi Market, Bihar, India"
BHBK,BODHADI BUJRUG,SCR,"Bodhadi Bujrug Station, Maharashtra, I.."
BHBR,BATHUA BAZAR HALT,NER,"Sawnahi Patti, Bihar 841425, India"
BHBV,BLOCK HUT B,NR,"Chhitampur, Uttar Pradesh, India"
BHC,BHADRAKH,ECOR,"Bhadrak Railway Station, Charampa, Odi.."
BHCL,BAHORA CHANDIL,ECR,"Chandil, Jharkhand, India"
BHD,BADLI,NR,"Badli, Bawana Auchandi Road, Samaipur,.."
BHDH,BAHADURPUR UP,NR,"Shahjahanpur, Uttar Pradesh, India"
BHDR,BHADRI,NR,"Pratapgarh, Uttar Pradesh, India"
BHEL,BHEL HALT,SCR,"BhEL, Mac Society, BDL Colony, Bharat .."
BHET,BHESTAN,WR,"Bhestan, Udhna Zone, Surat, Gujarat, I.."
BHG,BHATON KI GALI,NWR,"Jaipur, Rajasthan, India"
BHGH,BAHIRGACHHI H,ER,"Bahirgachhi, West Bengal, India"
BHGJ,BIHARIGANJ,ECR,"Biharigang, Bihar, India"
BHGN,BHILGAON,NFR,"Ghogora Pathar, Assam 785602, India"
BHGP,BHAGIRATHPUR H,NER,"Bhagirathpur, Uttar Pradesh, India"
BHHT,BARHARA,ECR,"Barhara, Uttar Pradesh, India"
BHHZ,BEHTA HAZIPUR,NR,"Behta Hazipur, New Delhi, Delhi, India"
BHI,BAHERI,NER,"Baheri Railway Station, Baheri, Uttar .."
BHID,BHIDI,CR,"MSH 3, Bhidi State: Maharashtra"
BHJ,BARHAJ BAZAR,NER,"Barhaj Bazar, Barahaj- salempur Bypass.."
BHJA,BHEJA,ECOR,"Koraput, Orissa, India"
BHK,BADHARI KALAN,NER,"Etah, Uttar Pradesh, India"
BHKA,BAHIRA KALIBARI,ER,"Bahira Kalibari, West Bengal, India"
BHKD,BHURKUNDA,ECR,"Damodar Bridge, Giddi A, River Side, G.."
BHKH,BAGHOIKUSA,ECR,"Kusa, Bihar 824122, India"
BHKL,BHAKRAULI,NR,"Barauli, Bihar, India"
BHL,BHILWARA,NWR,"Bhilwara Railway Station, State Highwa.."
BHLA,BEHULA,ER,"Behula, West Bengal, India"
BHLE,BARAHAT,ER,"Bhagalpur-Hansdiha Road, Masudanpur, B.."
BHLK,BHALKI,SCR,"Bidar, Karnataka, India"
BHLP,BHULANPUR,NER,"Varanasi, Uttar Pradesh, India"
BHM,BAHRAM,NR,"Punjab 144505, India"
BHMA,BAGHMARA H,NFR,
BHME,BHANDARIDAH,ECR,"Jharkhand 828403, India"
BHMW,BHAMBEVA,NR,"Bham Bhewa, Haryana 126113, India"
BHN,BHULI,ECR,"Bhilai, Chhattisgarh, India"
BHNA,BHAYNA H,ER,"Bhayna, West Bengal, India"
BHNE,BHONE,WR,"Jalgaon, Maharashtra, India"
BHNG,BHALUKPONG,NFR,
BHNP,BISHANPUR HALT,NFR,
BHNS,BHANSI,ECOR,"Dantewada, Chhattisgarh, India"
BHOJ,BHOJ PADRA,WR,"Vadodara, Gujarat, India"
BHP,BOLPUR S NIKTN,ER,"Bolpur, West Bengal, India"
BHPA,BAHIRPUYA H,ER,"Bahirpuya, West Bengal, India"
BHPI,BICHHUPALI,ECOR,"Raghabapali, Odisha 767002, India"
BHR,BHADRESHWAR,ER,"Bhadreswar, West Bengal, India"
BHRB,BHAIRABI,NFR,"Jagannath Temple, Berhampur, Odisha, I.."
BHRL,BHAROLI,NR,"Bareilly, Uttar Pradesh, India"
BHRM,BISHRAMGANJ,NFR,"Shillong-Agartala-Sabrum Rd, Padmanaga.."
BHS,VIDISHA,WCR,"Baripura , Vidisha, Madhya Pradesh, In.."
BHSA,BHISA H,ECR,"Bhisa Halt, Bihar, India"
BHT,BHATTU,NWR,"Bhattu Kalan, Haryana, India"
BHTA,BHATIYA,WR,"Jamnagar, Gujarat, India"
BHTH,BHAROPATTI,ECR,"Parwa, Bihar, India"
BHTK,BHANWAR TONK,SECR,"Bilaspur, Chhattisgarh, India"
BHTL,BHATEL,WR,"Jamnagar, Gujarat, India"
BHTN,BHITONI,WCR,"Jabalpur, Madhya Pradesh, India"
BHTR,BHATPAR RANI,NER,"Deoria, Uttar Pradesh, India"
BHTS,BHATASA H,NER,"Bhatia, Gujarat, India"
BHU,BHANDU MOTIDAU,WR,"Mehsana, Gujarat, India"
BHUA,BHUA,NCR,"Bhua, Uttar Pradesh 285001, India"
BHUJ,BHUJ,WR,"Bhuj Railway Station, Atmaram Marg, Bh.."
BHV,BHOMA,SECR,"Seoni, Madhya Pradesh, India"
BHVP,BHAVPURA,WR,"Mota Bhela, Gujarat, India"
BHW,BARHARWA JN,ER,"Barharwa, Jharkhand, India"
BHWA,BECHHIWARA,NWR,"Dungarpur, Rajasthan, India"
BHWR,BHITIHARWA ASHRAM F,ECR,"Pashchim Champaran, Bihar, India"
BHX,BULLUANA,NR,"Balluana, Punjab, India"
BHY,BHAYAVADAR,WR,"Rajkot, Gujarat, India"
BHZ,BIHARA,NFR,"Vatparra Bus Stop, National Highway 44.."
BI,BARI SADRI,NWR,"Bari Sadri, Rajasthan, India"
BIA,BHILAI,SECR,"Bhilai, Chhattisgarh, India"
BIB,BIRPUR,NCR,"Birpur, Bihar, India"
BIC,BICHIA,NER,"Bichia, Uttar Pradesh 271855, India"
BICI,BARKICHANPI,SER,"Jharkhand 835302, India"
BID,BIDADI,SWR,"Bangalore, Karnataka, India"
BIDD,BIDIYAD,NWR,"Bidiyad, Rajasthan 341542, India"
BIDR,BIDAR,SCR,"Bidar, Karnataka, India"
BIF,BHAIRONPUR,WCR,"Bhairapur, Karnataka, India"
BIG,BELGAHNA,SECR,"Bilaspur, Chhattisgarh, India"
BIGA,BIGGA,NWR,"Rajasthan 331803, India"
BIGH,BAGRIGRAM HALT,ECR,
BIGJ,BIBIGANJ,NFR,"Kaalpeer, Bihar 855101, India"
BII,BORIDRA,WR,"Kharchi Village, Kharchi Bhilwada, Guj.."
BIJ,BIRNAGAR,ER,"Birnagar, State Highway 11, Birnagar, .."
BIJR,BIJOOR,KR,"Udupi, Karnataka, India"
BIK,BHIRA KHERI,NER,"Lakhimpur Kheri, Uttar Pradesh, India"
BILA,BHESLANA,NWR,"Bheslana, Rajasthan, India"
BILD,BILDI,WR,"Madhya Pradesh, India"
BILK,BILKHA,WR,"State Highway 30, Bilkha, Gujarat, India"
BILP,BHILUPUR,WR,"Near gram panchayat, Bhilapur, India"
BIM,BILIMORA JN,WR,"Bilimora Junction Railway Station, Bil.."
BIML,BHIMAL,NWR,"Rajsamand, Rajasthan, India"
BINA,BINA JN,WCR,"Bina, Madhya Pradesh, India"
BINR,BRIJ NAGAR,NCR,"Brij Nagar Railway Station, Rajasthan,.."
BIO,BORDI,WR,"Bordi, Gujarat, India"
BIP,BAHILPURWA,NCR,"Kaushambi, Uttar Pradesh, India"
BIPR,BHEEMPURA,NWR,"Jalore, Rajasthan, India"
BIQ,BANSI PAHARPUR,NCR,"Bharatpur, Rajasthan, India"
BIR,BIR,WCR,"Mundi, Madhya Pradesh, India"
BIRA,BIRA,ER,"Amdanga-Bira Road, West Bengal, India"
BIRD,BHIWANDI ROAD,CR,"Bhiwandi Road Railway Station, Bhiwand.."
BIRL,BIRAUL,ECR,"Afzala, Bihar 847203, India"
BIRP,BIRARAJPUR,SER,"Unnamed Road, Gamharia, Birajpur, Jhar.."
BIS,BISWA BRIDGE,CR,"Biswa Singha Rd, Cooch Behar, West Ben.."
BISH,BISHENGARH,NWR,"Bishangarh, Rajasthan, India"
BIV,BAMHNI BANJUR,SECR,"Bamhani, Madhya Pradesh, India"
BIWK,BISALWAS KALAN,WR,"Chittaurgarh, Rajasthan, India"
BIX,BHIND,NCR,"Bhind, Madhya Pradesh, India"
BIY,BARDOLI,WR,"Station Road, Bardoli, Gujarat, India"
BIYA,BANIYANA,NWR,Baniyana State: Rajasthan
BIZ,BAIHATA,NFR,"Baihata, Assam, India"
BJ,BAHJOI,NR,"Bahjoi, Uttar Pradesh, India"
BJA,BIJROTHA,NCR,"Uttar Pradesh, India"
BJBA,BIJBIARA,NR,Bijbehara
BJD,BAREJADI,WR,"Gujarat, India"
BJE,BHOJUDIH JN,SER,"Bhojudih Junction Railway Station, Jha.."
BJF,BIJNI,NFR,"Bijni, Assam 783390, India"
BJG,BAJRANGARH,WR,"Jhabua, Madhya Pradesh, India"
BJI,BIJAULI,NCR,"Jhansi, Uttar Pradesh, India"
BJIH,BIJULI HALT,ECR,India
BJK,BIJORA,WCR,"Baran, Rajasthan, India"
BJKN,BAJEKAN,NWR,"Bajekan, Haryana, India"
BJL,BRAHMAJAN,NFR,"Chilathia, Assam, India"
BJLP,BARAI JALALPUR,NER,"Uttar Pradesh, India"
BJM,BHAGAVATHIPURAM,SR,"Puliyarai R.F. Part, Tamil Nadu, India"
BJMA,BURJ MOHAR,NR,
BJMD,BARA JAMDA,SER,"833221, India"
BJNR,BIJAINAGAR,NWR,"Bijainagar, Rajasthan, India"
BJO,BIJNOR,NR,"Bijnor Railway Station, Bijnor, Uttar .."
BJP,VIJAYAPURA,SWR,"Bijapur, Karnataka, India"
BJPD,BAJIPARA,ECOR,"Bajipara, Paradeep - Chandikhol Rd, Od.."
BJPL,BAIJNATHPAPROLA,NR,"Himachal Pradesh, India"
BJPR,BIJAIPUR ROAD,NCR,"Baijalpur Rd, Rasra, Uttar Pradesh, In.."
BJQ,BAGHORA,WCR,"Sagar, Madhya Pradesh, India"
BJR,BARRAJPUR,NER,"Shivarajpur, Uttar Pradesh, India"
BJRA,BHAJERA,NCR,"Dubbi-Bhajera Rd, Rajasthan, India"
BJRI,BIJURI,SECR,"Madhya Pradesh, India"
BJT,BAJPATTI,ECR,"Bagpat, Uttar Pradesh, India"
BJU,BARAUNI JN,ECR,"Barauni Jn., NH 28, Barauni, Bihar, In.."
BJUD,BAJUD,WR,"Bhavnagar, Gujarat, India"
BJV,BIJAURIA,NER,"Bijaura, Uttar Pradesh, India"
BJW,BAJVA,WR,"Chhani Jakat Naka, Vadodara, Gujarat, .."
BJWS,BOJAWAS,NWR,"Haryana 123034, India"
BJY,BANGALBAREE,NFR,"Bangalore, Karnataka, India"
BK,BAKRA ROAD,NWR,"Bakra Road, Rajasthan, India"
BKA,BARKHERA,WCR,"Barkhera, Madhya Pradesh, India"
BKC,BHIKAMKOR,NWR,"Bhikamkor, Rajasthan, India"
BKD,BHANKODA,WR,"Bhandara, Maharashtra, India"
BKDE,BUDHA KHERA,NR,"Budha Khera, Haryana, India"
BKDR,BEGUN KUDAR,SER,"Nalkapi, West Bengal 723213, India"
BKG,BANKA GHAT,ECR,"Patna, Bihar, India"
BKH,BANKHEDI,WCR,"Bankhedi Railway Station, Bhopal Road,.."
BKHR,BAKHRI,ECR,"Bakhri, Bihar, India"
BKI,BANDIKUI JN,NWR,"MDR 48, Bandikui, Rajasthan, India"
BKIT,BINKADAKATTI,SWR,"Karnataka 582103, India"
BKJ,BARKUR,KR,"Udupi, Karnataka, India"
BKKA,BHUKARKA,NWR,"Bhukarka, Rajasthan, India"
BKKI,BAKARKUDI,SER,
BKKS,BAKKAS,NR,"Karaknalli Bakka Prabhu Gudi, Karnatak.."
BKL,BONA KALU,SCR,"Khammam, Andhra Pradesh, India"
BKLA,BAKULHA,NER,Leh Kushok Bakula Rinpoche Airport (IX..
BKLE,BAKUDI,ER,"Bakudi, Jharkhand, India"
BKN,BIKANER JN,NWR,"Bikaner Junction, Station Road, Sadul .."
BKNA,BAKAINA H,NR,"Jyotiba Phule Nagar, Uttar Pradesh, In.."
BKNG,BHAKTI NAGAR,WR,"Bhaktinagar Railway Station, Rajkot, G.."
BKNM,BANKRA NAYABAZ,SER,"Nibra, West Bengal, India"
BKNO,BIKNAPH,SER,"West Bengal 722203, India"
BKO,BINDKI ROAD,NCR,"Uttar Pradesh, India"
BKP,BAKHTIYARPUR JN,ECR,"Bakhtiyarpur Junction, Bakhtiyarpur, B.."
BKPR,BAKASPUR,SER,"Bilaspur, Chhattisgarh, India"
BKPT,BHAKARAPET,SCR,"Tarapet, Vijayawada, Andhra Pradesh, I.."
BKRD,BHALUKA ROAD F,NFR,"Mashaldaha, West Bengal, India"
BKRH,BRIJ KISHOR H,NER,"Jugal Kishore Temple, Vrindavan, Uttar.."
BKRL,BAKROL,WR,"Bakrol, Gujarat, India"
BKRO,BOKARO THERMAL,ECR,"Bokaro Thermal, Jharkhand, India"
BKS,BALIKOTIA,NFR,"Assam 782124, India"
BKSA,BAKHSHA,NR,"Bakhsha, Uttar Pradesh, India"
BKSC,BOKARO STL CITY,SER,"Bokaro Steel City, Jharkhand, India"
BKSL,BIKRAM SHILA,ER,"Bikram Shila, Bihar, India"
BKT,BAKSHI KA TALAB,NER,"Bakshi Ka Talab, Uttar Pradesh, India"
BKTB,BINDUKURI,NFR,"Deka Chuburi, Assam 784502, India"
BKTH,BAIKUNTH,SECR,"Pathari - Boharhi, Chhattisgarh, India"
BKTL,BAKTAL,WR,"Sehore, Madhya Pradesh, India"
BKTS,BAKHOTI KHAS H,NER,"Kanpur Nagar, Uttar Pradesh, India"
BKTU,BARI KHATU,NWR,"Khatu, Rajasthan, India"
BKU,BHIKNUR,SCR,"Bihar Sharif, Bihar, India"
BKWA,BAKAYANWALA,NR,"152128, India"
BL,VALSAD,WR,"Valsad, Gujarat, India"
BLA,BAJALTA,NR,Bajalta Forest
BLAE,BALARAMBATI,ER,"Baramati, Maharashtra, India"
BLAX,BARLAI,WR,"Madhya Pradesh, India"
BLC,BOLDA,SCR,"kurunda road, Maharashtra, India"
BLD,BHILAD,WR,"Bhilad Railway Station, NH 8, Bhilad, .."
BLDA,BELDA,SER,"OT Road, Belda, West Bengal, India"
BLDI,BHILDI,WR,"Bhildi, Gujarat, India"
BLDK,BALAUDA TAKUN,WR,"Balauda Takun Railway Station, Madhya .."
BLDL,BALLE DA PIR LARATH,NR,"Balle-Da-Pir Larath Train Station, Him.."
BLG,BILHAR GHAT,NR,"Uttar Pradesh, India"
BLGA,BELAGULA,SWR,"Bagula, West Bengal, India"
BLGH,BISHALGARH,NFR,"Raghunathpur, Krishna Kishorenagar, Tr.."
BLGR,BALANGIR,ECOR,"Bolangir Railway Station, Balangir, Or.."
BLGT,BALURGHAT,NFR,"Mangalpur, Balurghat, West Bengal, India"
BLH,BELGHARIA,ER,"Belgharia, Kolkata, West Bengal, India"
BLHI,BISALEHALLI,SWR,"Dodda Buksagara, Karnataka 577548, India"
BLHR,BALAHAPUR H,ECR,"Balahapur, Bihar 811310, India"
BLJA,BHALOJALA H,NR,"Kapurthala, Punjab, India"
BLK,BELAKOBA,NFR,"Belacoba, West Bengal, India"
BLKR,BALLEKERE H,SWR,"Ballekere, Karnataka, India"
BLL,BANTANAHAL,SCR,"Bantanahal Station, Andhra Pradesh, In.."
BLLI,BALLI,KR,"Bali, Goa, India"
BLM,BALAMU JN,NR,"Hardoi, Uttar Pradesh, India"
BLME,BHOLLDIH,ECR,"Railway Crossing, Hariharpur, Jharkhan.."
BLMK,BHALUMASKA,ECOR,"Gumma -Serrigumma Road, Orissa, India"
BLMR,BHALUKMARA,NFR,"Jorhat, Assam, India"
BLN,BALLYGUNGE JN,ER,"Ballygunge, Kolkata, West Bengal, India"
BLND,BOLINNA DOABA,NR,"Jalandhar, Punjab, India"
BLNG,BARLANGA,SER,"Barlanga, Jharkhand, India"
BLNI,BHALWANI,CR,"Maharashtra, India"
BLNK,BELANKI,CR,"Belanki, Karnataka, India"
BLNR,BIRLANAGAR,NCR,"Gwalior, Madhya Pradesh, India"
BLO,BHULON,WCR,"Rajasthan, India"
BLP,BALRAMPUR,NER,"Balrampur, Uttar Pradesh, India"
BLPA,BILASIPARA,NFR,"Hanuman Mandir-NH 31 Link Rd, Bilasipa.."
BLPE,BALAPALLE,SCR,"Andhra Pradesh 516101, India"
BLPR,BADULIPAR,NFR,"Kurhalguri, Assam, India"
BLPU,BILPUR,NR,"Bareilly, Uttar Pradesh, India"
BLQR,BILASPUR ROAD,NER,"Uttar Pradesh, India"
BLR,BALGANUR,SWR,"Balaganur, Karnataka, India"
BLRD,BALA ROAD,WR,"Surendranagar, Gujarat, India"
BLRE,BELSIRI,NFR,"No.6 Jurukhri, Assam, India"
BLRG,BALASIRING,SER,"Pindarkom, Jharkhand 834004, India"
BLRI,BELARI HALT,ECR,
BLRR,BELANDUR ROAD,SWR,"Bellandur Lake, Bangalore, Karnataka"
BLS,BALASORE,SER,"Baleshwar Railway Station, Balasore, O.."
BLSA,BOLSA,SCR,"Nanded, Maharashtra, India"
BLSD,BALSAMAND,NWR,"Nagaur, Rajasthan, India"
BLSN,BELSONDA,ECOR,"Mahasamund, Chhattisgarh, India"
BLSR,BELASER,NWR,"Rajasthan 334022, India"
BLT,BALOTRA JN,NWR,"Balotra, Rajasthan, India"
BLTR,BELTHARA ROAD,NER,"Ballia, Uttar Pradesh, India"
BLU,BILHAUR,NER,"Bilhaur, Uttar Pradesh, India"
BLV,BHELWA,ECR,"Bhilwara, Rajasthan, India"
BLW,BALAWALI,NR,"Balawali, Uttarakhand, India"
BLWR,BILESHWAR,WR,"Rajkot, Gujarat, India"
BLX,BOLAI,WR,"Shajapur, Madhya Pradesh, India"
BLY,BALLY,ER,"Bally, West Bengal, India"
BLYC,BALLY CHORD,ER,
BLYG,BALLY GHAT,ER,"Bally Ghat, Bally, West Bengal, India"
BLYH,BALLY H,ER,"West Bengal 711227, India"
BLZ,BUDHLADA,NR,"Punjab 151502, India"
BMA,BAGMAR,CR,"East Nimar, Madhya Pradesh, India"
BMAE,BELMURI,ER,"Belmuri, West Bengal, India"
BMB,BAMRA,SER,"Bamra, Orissa, India"
BMBE,BIMBARI H,SCR,"Bimbari Station, Maharashtra, India"
BMC,BHIMALGONDI,SECR,"Chhindwara, Madhya Pradesh, India"
BMCK,BISSAMCUTTACK,ECOR,"Rayagada, Orissa, India"
BMD,BHIMADOLU,SCR,"Bhimadole, Andhra Pradesh, India"
BMDR,BAMANDONGRI,CR,"Ulwe, Navi Mumbai, Maharashtra 410206,.."
BME,BARMER,NWR,"Barmer, Rajasthan, India"
BMF,BASMAT,SCR,"Basmath, Maharashtra, India"
BMG,BAMANGACCHI,ER,"Bamangachi, West Bengal, India"
BMGA,BHIMGARA,ER,"NH 60, Bhimgara, West Bengal 731133, I.."
BMGM,BRAHMANAGUDEM,SCR,"Dhulapally, Brahmanagudem, Andhra Prad.."
BMGN,BAMUNIGAON,NFR,"Birpara, Assam, India"
BMGR,BAMANGRAM,NFR,"Periyakulam, Tamil Nadu, India"
BMH,BETAMCHERLA,SCR,"Betamcherla, Andhra Pradesh, India"
BMHR,BAMANHERI,NR,"Muzaffarnagar, Uttar Pradesh, India"
BMHT,BARAW MORE,ECR,"Ara - Sasaram Rd, Bihar 802215, India"
BMI,BAMNIA,WR,"Madhya Pradesh, India"
BMJ,BRIJMANGANJ,NER,"Brijmanganj Rd, Brijmanganj, Uttar Pra.."
BMK,BIRANG KHERA,NWR,"Punjab 151211, India"
BMKD,BELLAMKONDA,SCR,"Bellamkonda Railway Station, Andhra Pr.."
BMKI,BAPUDHAM MOTIHARI,ECR,"Motihari, Bihar, India"
BMKJ,BHIMKHOJ,ECOR,"Chhattisgarh, India"
BMLL,BAMLA,NWR,"Bamla, Haryana, India"
BMN,BHIMANA,NWR,"Sirohi, Rajasthan, India"
BMNL,BAMANWALI,NWR,"Dhimanwali, Punjab, India"
BMO,BOLARUM,SCR,"Bolarum, Railway Crossing Road, Bolaru.."
BMP,BRAMHAPURI,SECR,"Brahmapuri, Maharashtra, India"
BMPL,BRAHMANPALLI,SCR,"Brahmanpalli, Andhra Pradesh, India"
BMPR,BADAMPAHAR,SER,"National Highway 6, Orissa, India"
BMPT,BANNI MAHAMMANPATTI H,NER,"Mahammanpatti, Bihar, India"
BMQ,BHIMARLAI,NWR,"Bheemali, Andhra Pradesh, India"
BMR,BIKRAMPUR,WCR,"Madhya Pradesh, India"
BMRN,BHIMRANA,WR,"Bhimrao Ambedkar University Campus, Un.."
BMSB,BHIMASAR,WR,"Bhimasar, Gujarat, India"
BMSN,BAMSIN,NWR,"Basin, Bhavnagar Salt & Industrial Wor.."
BMT,BEGUMPET,SCR,"Street No 1, Uma Nagar, Begumpet, Hyde.."
BMU,BAMHRAULI,NCR,"Allahabad, Uttar Pradesh, India"
BMVR,BHAMER MINAWADA,WR,"GJ SH 210, Gujarat 387630, India"
BMWS,BAMANWAS,NWR,"Bamanwas Patti Kal, PIN - 322211 State.."
BMY,BAMIANA,NER,"Bamiana, Uttar Pradesh, India"
BMZ,BAMOUR GAON,NCR,"Bamour Gaon Railway Station, Madhya Pr.."
BN,BIBINAGAR,SCR,"Bibinagar Railway Station, Bibinagar, .."
BNA,BANNI KOPPA,SWR,"Koppal, Karnataka, India"
BNAA,BIBHUTI BHUSHAN H,ER,"Bibhuti Bhushan Halt, Manmohanpur-Chek.."
BNAR,BINAUR,NCR,"Kanpur Nagar, Uttar Pradesh, India"
BNB,BANSTOLA PH,SER,"West Medinipur, West Bengal, India"
BNBH,BANI BIHAR,ECOR,"Bhubaneshwar, Orissa, India"
BNBR,BAHANAGA BAZAR,SER,"Bahanaga Bazar Station, Odisha, India"
BNC,BANGALORE CANT,SWR,"Bangalore, Karnataka 560046, India"
BNCE,BANGALORE EAST,SWR,"Bangalore East Railway Station, Richar.."
BNCR,BANCHARI,NCR,"Haryana 121106, India"
BND,BHANDUP,CR,"CGS Colony, Kanjurmarg East, Bhandup E.."
BNDA,BANDA JN,NCR,"Banda, Uttar Pradesh, India"
BNDI,BARUNDANI,WCR,"Bhilwara, Rajasthan, India"
BNDM,BONDAMUNDA,SER,"Rourkela, Orissa, India"
BNDP,BUNIADPUR,NFR,"Bansihari, West Bengal, India"
BNE,BOHANI,WCR,"Narsinghpur, Madhya Pradesh, India"
BNF,BANDHUA,ECR,"Bandhwa, Uttar Pradesh, India"
BNG,BARNAGAR,WR,"Barnagar, Madhya Pradesh, India"
BNGL,BHANGALA,NR,"Bhangala, Punjab, India"
BNGM,BANGURGRAM,NWR,"Bangur, Lake Town, Kolkata, West Benga.."
BNGN,BONGAIGAON,NFR,"Bongaigaon, Assam 783380, India"
BNGY,BABHANJYOTIYA H,NER,"Basti, Uttar Pradesh, India"
BNH,BHIMNATH,WR,"State Highway 36, Bhimnath, Gujarat, I.."
BNHR,BANABIHARI GWALIPUR PH,ECOR,"Jagatsinghpur, Odisha, India"
BNI,BUDNI,WCR,"Hoshangabad, Madhya Pradesh, India"
BNJ,BANGAON JN,ER,"Bangaon, West Bengal, India"
BNJL,BINJHOL,NR,"Panipat, Haryana, India"
BNK,BANA SHANKARI H,SWR,"Tumkur, Karnataka, India"
BNKA,BANKIMNAGAR H,ER,"Bankimnagar, West Bengal, India"
BNKH,BHAIRANAYAKANAHALLI H,SWR,"Bhairanayakanahalli Railway Station, K.."
BNKI,BANMANKHI JN,ECR,"Purnia, Bihar, India"
BNKJ,BANKEGANJ,NER,"Bakergonj, Patna, Bihar, India"
BNKM,VINAEKMA HALT,ECR,"Bihar, India"
BNL,BEVINAHALU,SCR,"Bevinahalu Station, Andhra Pradesh, In.."
BNLS,BANGI NIHAL SINGH,NWR,"Bangi Nihal Singh, Punjab, India"
BNLW,BANASTHALI NIWAI,NWR,"Tonk, Rajasthan, India"
BNLY,BHANUPLI,NR,
BNM,BARAGAON,NR,"Faizabad, Uttar Pradesh, India"
BNN,BARNALA,NR,"Barnala, Punjab, India"
BNNR,BHINDAR,NWR,"Bhindar, Rajasthan, India"
BNO,BANAR,NWR,"Jodhpur, Rajasthan, India"
BNOD,BENODA,CR,"Benoda, Maharashtra 444908, India"
BNOI,BINDORI,NWR,"Bilona Kalan, PIN - 303503, Lalsot Te.."
BNP,BHANAPUR,SWR,"Koppal, Karnataka, India"
BNPH,BASANTPUR HALT,NER,"Malmaliya, Lahuri Kauria, Bihar 841406.."
BNPR,BANIKPUR HALT,ECR,
BNPT,BENIPATTI PIRAPUR,ECR,"Vaishali, Bihar, India"
BNQ,BANARHAT,NFR,"Jalpaiguri, West Bengal, India"
BNQL,BHANKALA H,NR,"Bhankala, Uttar Pradesh, India"
BNR,BHAGWANPUR,ECR,"Bhawanpur Railway Station, Bhagwanpur,.."
BNRD,BALANGIR ROAD,ECOR,"Khurda Road-Bolangir Rly Line, Odisha,.."
BNRS,BANARAS,NER,"Banaras Raliway Station, Varanasi, Utt.."
BNS,BANAS,NWR,"Rajasthan, India"
BNSA,BANBASA,NER,"Champawat, Uttarakhand, India"
BNSL,BANSINALA H,ECR,"Bansinala Halt Station, Bihar, India"
BNSP,BANSAPAHAR,WCR,"Choolhi, Uttar Pradesh 210208, India"
BNSR,BHAGWANSAR,NWR,"Bhagwansar, Punjab, India"
BNT,BHARTHANA,NCR,"Etawah, Uttar Pradesh, India"
BNTH,BANDHNATH,WR,"Panshnath Plot Street No.17, Panchnath.."
BNTL,BANTAWALA,SWR,"Banwala, Rajasthan, India"
BNU,BANDAKPUR,WCR,"Bandakpur, Madhya Pradesh, India"
BNV,BINNAGURI,NFR,"Binnaguri, West Bengal, India"
BNVD,BHANVAD,WR,"Jamnagar, Gujarat, India"
BNW,BHIWANI,NWR,"Bhiwani Railway Station, Bhiwani, Hary.."
BNWC,BHIWANI CITY,NWR,"Bhiwani City Railway Station, Rajiv Co.."
BNXR,BIDHAN NAGAR,ER,"Bidhan Nagar, Ghose Bagan, Kolkata, We.."
BNY,BARHNI,NER,"Siddharthnagar, Uttar Pradesh, India"
BNZ,BADSHAHNAGAR,NER,"Balmikinagar, Lucknow, Uttar Pradesh, .."
BO,BORSAD,WR,"Borsad, Gujarat, India"
BOBS,BOBAS,NWR,"Jaipur, Rajasthan, India"
BOD,BANGROD,WR,"Ratlam, Madhya Pradesh, India"
BODG,BODAGRAM PH,SER,"Boda, Jharkhand, India"
BOE,BARSOI JN,NFR,"Barsoi Junction Railway Station, Raghu.."
BOF,BAROG,NR,"Solan, Himachal Pradesh, India"
BOG,BHAIRONGARH,WR,"Madhya Pradesh, India"
BOI,BAINCHI,ER,"Boinchi- Gram Boinchi Road, Boinchi, W.."
BOJ,BHOJO,NFR,"Assam 785691, India"
BOK,BORKHEDI,CR,"Borkhedi, Maharashtra, India"
BOKA,BOKRA,SER,
BOKE,BHOKE,KR,"Bhoke, Maharashtra, India"
BOKO,BOKO,NFR,"Boko, Assam, India"
BOKR,BHOKAR,SCR,"Bhokar, Maharashtra, India"
BOM,BOMADRA,NWR,"Pali, Rajasthan, India"
BOMN,BOMMAGUNDANAKERE,SWR,"Bommaghatta, Karnataka, India"
BON,BHONRA,WCR,"Rajasthan, India"
BONA,BOINDA,ECOR,"Angul, Orissa, India"
BOP,BHOGPUR,SER,"Bhogpur railway station, West Bengal, .."
BOR,BOISAR,WR,"Boisar, Maharashtra, India"
BORA,BAGHDOGRA,NFR,"Bagdogra Airport (IXB), Bagdogra, West.."
BORT,BOLAGARH TOWN PH,ECOR,Orissa
BOT,BOROTI,CR,"Boroti Railway Station, Maharashtra, I.."
BOTI,BAORI THIKRIA,NWR,"Sikar, Rajasthan, India"
BOTR,BHAVDHARI,NWR,"Jhunjhunu, Rajasthan, India"
BOUH,BOUDH,ECOR,"Badhigaon, Dist:- boudh State: Odisha"
BOW,BORAWAR,NWR,"Borawar, Rajasthan, India"
BOY,BHADOHI,NR,"Bhadohi Railway Station, Bhadohi, Utta.."
BOYA,BOTHIYA,SECR,"Unnamed Road, Bothia , Distt. Seoni St.."
BOZ,BOLARUM BAZAR,SCR,"Bolarum, Hyderabad, Andhra Pradesh, In.."
BP,BARRACKPORE,ER,"Barrackpore Railway Station, Barrackpo.."
BPA,BELAMPALLI,SCR,"Bellampalli, Andhra Pradesh, India"
BPAE,BEGAMPUR,ER,"Begampur, West Bengal, India"
BPAH,BENIPUR A HALT,ECR,"Nandapatti, Bihar 847103, India"
BPB,BADARPUR JN,NFR,"Assam 788803, India"
BPBS,BALLALPUR,ER,"Ballalpur Brahmattar, West Bengal 7422.."
BPC,BERHAMPORE CRT,ER,"Berhampore Court Railway Station, Berh.."
BPD,BAHADURPUR,ER,"Krishnanagar, West Bengal, India"
BPE,BENAPUR,SER,"Burnpur, West Bengal, India"
BPF,BANAPURA,WCR,"Madhya Pradesh, India"
BPGJ,BHARPURA PAHLEJAGHAT JN,ECR,"Pahleza Junction, Bharpura, Bihar 8411.."
BPGR,BENIPURGRAM HALT,ECR,"Bhadai, Bihar"
BPH,BELPAHAR,SECR,"Belpahar, Odisha, India"
BPHB,BHILAI PWR HS,SECR,"Bhilai Power House Railway Station, Bh.."
BPJ,BARA HAPJAN,NFR,"Bara Bhangal School, Himachal Pradesh,.."
BPK,BHUGAON,CR,"Wardha, Maharashtra, India"
BPKA,BHOPALKA,WR,"SH 95, Gujarat, India"
BPKH,BUDHA PUSHKAR HALT,NWR,"Ajmer, Rajasthan, India"
BPL,BHOPAL JN,WCR,"Bhopal, Madhya Pradesh, India"
BPM,BAGHPAT ROAD,NR,"Baghpat Rd, Meerut, Uttar Pradesh, India"
BPMH,BISHUNPUR MAHUARI H,NER,"Station Rd, Jhajhawa, Bihar 841242, In.."
BPN,BANPUR,ER,"Burnpur, West Bengal, India"
BPO,BARIPADA,SER,"Baripada Railway Station, State Highwa.."
BPP,BAPATLA,SCR,"Bapatla, Andhra Pradesh, India"
BPQ,BALHARSHAH,CR,"Balharshah Railway Station, Balharshah.."
BPR,BHOJIPURA JN,NER,"Bareilly, Uttar Pradesh, India"
BPRA,BARIPURA,NCR,"Mahoba, Uttar Pradesh, India"
BPRD,BARPETA ROAD,NFR,"Barpeta Road, Assam, India"
BPRH,BALPUR HALT,SECR,"Ganga Reddy Nagar Colony Bus Stop, Mad.."
BPRS,BHOGPUR SIRWAL,NR,"Punjab 144622, India"
BPS,BANPAS,ER,"BOPAS STN Rd, West Bengal, India"
BPTP,BHANUPRATAPPUR,SECR,"Chhattisgarh 494635, India"
BPU,BHAUPUR,NCR,"Bihar, India"
BPUR,BAIDPUR,NCR,"Kurawali - Mainpuri - Etawah Rd, Barra.."
BPV,BHOTEPATI,NFR,"Bhote Patty, West Bengal 735305, India"
BPW,BURHPURA,NCR,"Burhanpur, Madhya Pradesh, India"
BPY,BADAMPUDI,SCR,"Badampudi, Andhra Pradesh, India"
BPZ,BAZPUR,NER,"Doraha Bus Stop, National Highway 74, .."
BQA,BANKURA,SER,"Bankura Railway Station, Bankura, West.."
BQE,BAKANIAN BHAUNR,WR,"Bhopal, Madhya Pradesh, India"
BQG,BHAGWANGOLA,ER,"Bhagwangola, West Bengal, India"
BQI,BOMMIDI,SR,"Dharmapuri, Tamil Nadu, India"
BQM,BARELIPUR,CR,"Betul, Madhya Pradesh, India"
BQN,BAGRI NAGAR,NWR,"Pali, Rajasthan, India"
BQP,BIGHAPUR,NR,"Bighapur, Uttar Pradesh, India"
BQQ,BAKHLETA,WCR,"Badgaon, Madhya Pradesh, India"
BQR,BHILAINAGAR,SECR,"Bhilai Nagar Railway Station, Bhilai, .."
BQSP,BASUACHAK HALT,ECR,"Ramal Bigha, Bihar 811310, India"
BQU,BHATTIPROLU,SCR,"Bhattiprolu, Andhra Pradesh, India"
BQW,BARAKALAN,ECR,"Buxar, Bihar, India"
BQY,BELERHAT,ER,"Belerhat, West Bengal, India"
BR,BANDH BARETA,NCR,"Bharatpur, Rajasthan, India"
BRA,BIRSOLA,SECR,"India, Providence, RI 02903, USA"
BRAG,BARANG,ECOR,"Khordha, Orissa, India"
BRAM,BALARAMAPURAM,SR,"Balaramapuram - Vizhinjam Road, Balara.."
BRBD,BORABANDA,SCR,"Borabanda, Hyderabad, Andhra Pradesh, .."
BRBG,BARBIGHA,ECR,"Barbigha, Bihar 811101, India"
BRBH,BHOJPUR ROHTAS BORDER HALT,ECR,"Bihar 802212, India"
BRBL,BIRAHALLI H,SWR,"Birahalli Railway Station, Karnataka, .."
BRBS,BIRBANS,SER,Jharkhand
BRC,VADODARA JN,WR,"Vadodara Railway Station, Sayajigunj, .."
BRCK,BARUA CHAK,NER,"Chak aamru Police Station, Chak Aamru .."
BRD,BHANDARA ROAD,SECR,"Bhandara, Maharashtra, India"
BRDB,BARDA,SER,"Barda, Haryana, India"
BRDT,BERIA DAULAT H,NER,"Udham Singh Nagar, Uttarakhand, India"
BRDV,BARADEV,NR,"Awadh Hospital Lal Colony, Kanpur, Utt.."
BRE,BHARWARI,NCR,"Bharwari, Uttar Pradesh, India"
BRG,BARGARH,NCR,"Uttar Pradesh, India"
BRGA,BARGARH ROAD,ECOR,"Bargarh Railway Station, Bargarh, Odis.."
BRGJ,BARGAON GUJAR,CR,"East Nimar, Madhya Pradesh, India"
BRGL,BURGULA H,SCR,"Raikal, Ramakrishnapur, Telangana 5092.."
BRGM,BARAIGRAM JN,NFR,"Saija Nagar, Assam, India"
BRGT,BHERAGHAT,WCR,"Bheraghat Railway Station, Madhya Prad.."
BRGW,BARGAWAN,WCR,"Jayant-Singrauli Main Road, Bargawa, M.."
BRH,BAIKUNTHPUR RD,SECR,"Baikunthpur, Chhattisgarh, India"
BRHD,BABA RAGHUNI HALT DWARIKA,ECR,"Hussain Chak Road, Bhorha, Bihar 85212.."
BRHI,BARHI,ECR,"Barhi, Jharkhand 825405, India"
BRHL,BARYAL HIMACHAL,NR,"Baryal Himachal Railway Station, Himac.."
BRHT,BAILEY ROAD H,ECR,"Bailey Road, Patna, Bihar, India"
BRHU,BARAHU,NFR,"Barah, Haryana, India"
BRI,BHIRINGI,WCR,"Bhiringi More, Nachan Rd, Durgapur, We.."
BRIH,BAIRI HALT,ECR,"Bairi Halt, Soni, Bihar 802212, India"
BRJ,BRACE BRIDGE,ER,"Brace Bridge, Behala, Kolkata, West Be.."
BRJN,BRAJRAJNAGAR,SECR,"Brajarajanagar Railway Station, Brajra.."
BRK,BAHRAICH,NER,"Bahraich, Uttar Pradesh, India"
BRKA,BARKA KANA,ECR,"Barkakana, Jharkhand, India"
BRKB,BHARAT KHAND,ECR,"Bharat Khand Halt, National Highway 27.."
BRKH,BISAPURKALAN,SECR,"Chhindwara, Madhya Pradesh, India"
BRKP,BARKIPONA,SER,"Jharkhand 825101, India"
BRKY,BORAKI H,NCR,"Boraki, Greater Noida, Uttar Pradesh, .."
BRL,BARWALA ROAD,WR,"Gujarat 363641, India"
BRLA,BRAYLA CHAURASI,WR,"Ratlam, Madhya Pradesh, India"
BRLF,BAR LONGFER,NFR,"Assam 782447, India"
BRLY,BIROLIYA,NWR,"Pali, Rajasthan, India"
BRM,BARABAMBO,SER,"Jharkhand 833102, India"
BRMA,BARMASIA,ER,"Mohanpur, Jharkhand, India"
BRMD,BIRAMDIH,SER,"Biramdih Station, West Bengal, India"
BRMH,BELUR MATH,ER,"Belur Math, Bally, Howrah, West Bengal.."
BRMI,BRAHAMANI PH,ECOR,"Unnamed Road, Manatira, Odisha 755026,.."
BRML,BARAMULLA,NR,Baramulla
BRMO,BERMO,ECR,"Jharkhand 828102, India"
BRMP,BIRMITRAPUR,SER,"Birmitrapur Railway Station, National .."
BRMR,BHARMAR,NR,"Barmer, Rajasthan, India"
BRMT,BARAMATI,CR,"Baramati, Maharashtra, India"
BRMX,BURMI H,NR,"Burma, Punjab, India"
BRN,BARHAN JN,NCR,"Barhan, Uttar Pradesh, India"
BRNA,BERAWANYA,WR,"Ujjain, Madhya Pradesh, India"
BRND,BORIDAND,SECR,"Boridand Junction, Madhya Pradesh, India"
BRNI,BARWASNI HALT,NR,"Haryana 131001, India"
BRNR,BARUA NAGAR,NFR,"Timon Habi, Assam 785705, India"
BROR,BERORE,NWR,
BRP,BARUIPUR JN,ER,"Baruipur, West Bengal, India"
BRPA,BARUI PARA,ER,"31 no Road, Baruipara, West Bengal, In.."
BRPK,BISHARPARA KODALIYA,ER,"Kolkata, West Bengal, India"
BRPL,BARPALI,ECOR,"Bargarh, Orissa, India"
BRPS,BARAPALASI,ER,"Dumka Hansdiha Road, Bara, Jharkhand, .."
BRPT,BIRAPATTI,NR,"Uttar Pradesh, India"
BRQ,BAGRAKOT,NFR,"Bagalkot, Karnataka, India"
BRR,BARAKAR,ER,"Barakar Railway Station, Barakar, West.."
BRRD,BORDI ROAD,WR,"Valsad, Gujarat, India"
BRRG,BIYAVRA RAJGARH,WCR,"Biaora, Madhya Pradesh, India"
BRRI,BIRARI,NCR,"Birari Railway Station Road, Birari, U.."
BRRZ,BARARA BUZURG,NR,"Rae Bareli, Uttar Pradesh, India"
BRS,BIRSINGHPUR,SECR,"Pali, Madhya Pradesh, India"
BRSA,BARWA KALAN H,NER,"Maharajganj, Uttar Pradesh, India"
BRSQ,BRAR SQUARE,NR,"Brar Square, Delhi Cantonment, New Del.."
BRSR,BIRANARSINGHPUR,ECOR,"Champapur, Odisha, India"
BRST,BIRPURUSOTHAMPUR,ECOR,"Purusottampur, Odisha, India"
BRT,BRAHMAVART,NER,"Ktaribithoorkurd, Uttar Pradesh, India"
BRTA,BARTARA,NR,"Chak Bhitara, Uttar Pradesh, India"
BRTG,BARITHENGARH PH,ECOR,"Odisha, India"
BRTK,BHORTEX,WR,"Jalgaon, Maharashtra, India"
BRTL,BHARTHALI,WR,"Vadodara, Gujarat, India"
BRU,BHAIROGANJ,ECR,"Station Road Bhairoganj, Bhairoganj, B.."
BRUD,BARUD,WCR,"Harda, Madhya Pradesh, India"
BRVR,BORVIHIR,CR,"Dhule, Maharashtra, India"
BRW,BARIWALA,NR,"Barvala, Punjab, India"
BRWD,BARWADIH JN,ECR,"Barwadih Railway Station, Barwadih, Jh.."
BRWH,BAHERWA H,NER,"Mirzapur, Uttar Pradesh, India"
BRY,BAREILLY,NER,"Bareilly Railway Station, Bareilly, Ut.."
BRYA,BARHIYA,ECR,"Barahiya, Bihar 811302, India"
BRYC,BAREILLY CANTT,NR,"Cantt. Bypass,Bareilly Cantt, Bareilly.."
BRZ,BARETA,NR,"151501, India"
BS,BENISAR,NWR,"Benisar, Rajasthan 331811, India"
BSA,BHAINSA,NCR,"Bhainsa, Andhra Pradesh, India"
BSAE,BANSH BARIA,ER,"1no railgate, Bansberia, West Bengal, .."
BSB,VARANASI JN,NR,"Varanasi Junction Railway Station, Cha.."
BSBH,BHAINSBODH,SECR,"Bangaon, Chhattisgarh 491226, India"
BSBP,BIRSHIBPUR,SER,"Birshib Pur, Kulgachia, West Bengal, I.."
BSBR,BANSHLAI BRIDGE,ER,"Birbhum, West Bengal, India"
BSC,BULANDSHAHR,NR,"Gyan Lok, Bulandshahr, Uttar Pradesh, .."
BSCK,BASUCHAK H,NER,"Basuchak, Uttar Pradesh, India"
BSCP,BIHAR STATE SUGAR C,ECR,"Patwans, Bihar, India"
BSD,BASULDANGA,ER,"Basuldanga, West Bengal, India"
BSDA,BANIYA SANDA DHORA,NWR,"Barmer, Rajasthan, India"
BSDL,BHARSENDI,WCR,"Parasi, Madhya Pradesh 486669, India"
BSDP,BHUSANDPUR,ECOR,"Odisha, India"
BSDR,BANSADHARA PH,ECOR,"Rayagada, Orissa, India"
BSE,BADSHAHPUR,NR,"Mungra Badshahpur, Uttar Pradesh, India"
BSGN,BASUGAON,NFR,"Basugaon, Assam, India"
BSGR,BHAGSAR,NR,"Bhagsar, Rajasthan, India"
BSHT,BASIRHAT,ER,"Basirhat, West Bengal, India"
BSI,BASBARI,NFR,"Basbari, Assam, India"
BSJ,BHUPALSAGAR,NWR,"Chittaurgarh, Rajasthan, India"
BSKH,BASUKINATH,ER,"Kairabani Basukinath Road, Basukinath,.."
BSKO,BANSKHO,NWR,"NH21, Rajasthan 303305, India"
BSKR,BASI KIRATPUR,NR,"Kiratpur, Uttar Pradesh, India"
BSL,BHUSAVAL JN,CR,"Bhusawal, Maharashtra, India"
BSLA,BHASILA,ER,"Bhasila, West Bengal, India"
BSLE,BATASPUR,ER,"Bilaspur, Chhattisgarh, India"
BSM,BISANATTAM,SWR,"Bisanattam Station, Andhra Pradesh, In.."
BSMH,BIRSAMUNDA HALT,ER,"Siromanipur, West Bengal 722122, India"
BSN,BANASANDRA,SWR,"Tumkur, Karnataka, India"
BSNP,BISHANPUR,ECR,"Dhusmuri Bishanpur, PIN - 851215, Dist.."
BSP,BILASPUR JN,SECR,"Bilaspur Junction Railway Station, Tar.."
BSPH,BISHANPUR HARYANA,NR,"Kishanpur, Haryana, India"
BSPL,BASAMPALLE,SWR,"Bairanpalle, Andhra Pradesh, India"
BSPN,BASSI PATHANAM,NR,"Cheema Colony, Bassi Pathana, Punjab, .."
BSPR,BISHRAMPUR,SECR,"Bishrampur, Chhattisgarh, India"
BSPX,BANSPANI,SER,"Banspani, Odisha, India"
BSQ,BARSI TAKLI,SCR,"State Highway 197, Barsi Takli, Mahara.."
BSQP,BANSIPUR,ECR,"Rai Kundi, Bihar 811310, India"
BSR,VASAI ROAD,WR,"Ambadi Road, Vasai West, Vasai, Mahara.."
BSRA,BASARHIA HALT,ECR,
BSRI,BASARI,NCR,"Dalon, Madhya Pradesh, India"
BSRL,BESROLI,NWR,"State Highway 2B, Rajasthan, India"
BSRX,BAGEVADI RD,SWR,"Bagevadi Rd, Karnataka, India"
BSS,BAHADUR SINGH W,NR,"Punjab 148001, India"
BSSL,BASSI BERISAL,WCR,"Rajasthan, India"
BST,BASTI,NER,"Basti, Uttar Pradesh, India"
BSTP,BASANTAPUR,ECOR,"Kendujhar, Orissa, India"
BSUR,BISALPUR,NER,"Bisalpur, Uttar Pradesh, India"
BSW,BANESWAR,NFR,"Kuthipara, West Bengal 736133, India"
BSWA,BAISWARA,NR,"Rae Bareli, Uttar Pradesh, India"
BSWD,BHEMSWADI,WR,"Amreli, Gujarat, India"
BSX,BASAR,SCR,"Andhra Pradesh, India"
BSY,BARSATHI,NR,"Jaunpur, Uttar Pradesh, India"
BSYA,BARKISALALYA,ECR,"Aurangabad, Bihar, India"
BSZ,BHARWA SUMERPUR,NCR,"Bharuwa Sumerpur, Uttar Pradesh, India"
BT,BARASAT,ER,"Barasat, Noapara Road, Barasat, Kolkat.."
BTA,BIHTA,ECR,"Bihta, Bihar, India"
BTBR,BUTI BORI,CR,"Buti Bori, Maharashtra, India"
BTC,BALAGHAT JN,SECR,"Balaghat Junction Railway Station, Bal.."
BTD,BOTAD JN,WR,"Botad Junction Railway Station, Botad,.."
BTDR,BATADRAWA ROAD,NFR,"Assam 782122, India"
BTE,BHARATPUR JN,WCR,"Bharatpur Junction, Railway Colony, Bh.."
BTF,BATHNAHA,NFR,"Bathnaha, Bihar, India"
BTG,BASHARATGANJ,NR,"Bareilly, Uttar Pradesh, India"
BTGH,BETTADNAGENHALLI H,SWR,"Utanahalli, Karnataka, India"
BTH,BETTIAH,ECR,"Bettiah Railway Station, Bettiah, Biha.."
BTHL,BITHAULI F,ECR,"Bithauli Chowck, National Highway 27, .."
BTHN,BITHAN,ECR,"Hasanpur - Bithan Rd, Bithan , Dist.- .."
BTI,BHATINDA JN,NR,"Bathinda Railway Sation, Bathinda, Pun.."
BTIC,BHATINDA CANTT,NR,"Bathinda Cantt., Bathinda City, Punjab.."
BTJL,BHATKAL,KR,"Bhatkal, Karnataka, India"
BTK,BANKATA,NER,"Uttar Pradesh, India"
BTKB,BATHNA KRITTIBAS H,ER,"Bathna Krittibas, West Bengal, India"
BTKD,BHARATKUND,NR,"Uttar Pradesh, India"
BTKP,BHARAT KUP,NCR,"Uttar Pradesh, India"
BTL,BORTALAO,SECR,"Gondia, Maharashtra, India"
BTM,BATTULAPURAM H,SCR,"Battulapuram Station, Andhra Pradesh, .."
BTNR,BHARATNAGAR,SCR,"Moosapet, Hyderabad, Andhra Pradesh, I.."
BTO,BHITAURA,NR,"Bihar Sharif, Bihar, India"
BTP,BABATPUR,NR,"Uttar Pradesh, India"
BTPD,BETHAMPURDI,SCR,"Khammam, Andhra Pradesh, India"
BTPG,BETBERIA GHOLA H,ER,"Betberia Ghola, West Bengal, India"
BTPH,CHAKIA THERMAL H,ECR,"Bihar, India"
BTQ,BETNOTI,SER,"Betnoti Railway Station, Betnoti, Oris.."
BTR,BUTARI,NR,"Punjab 143114, India"
BTRA,BANTHRA,NR,"Shahjahanpur, Uttar Pradesh, India"
BTRB,BETUR PH,SER,"Beta Tech Pro Univ, Chandigarh, 160055.."
BTRH,BHATAR HALT,ER,"Palar, West Bengal 713125, India"
BTRI,BITROI,NER,"Badaun, Uttar Pradesh, India"
BTRO,BASTOI H,NER,"Mahamaya Nagar, Uttar Pradesh, India"
BTS,BASTA,SER,"Basta Railway Station, Basta, Odisha, .."
BTSD,BHATISUDA,WR,"Bathinda, Punjab, India"
BTSI,BATASI,NFR,"Batasi Railway Station, West Bengal, I.."
BTSR,BHUTESHWAR,NCR,"MDR 94W, Uttar Pradesh, India"
BTT,BHATNI JN,NER,"Deoria, Uttar Pradesh, India"
BTTN,BHATTIAN,NR,"Bhattian, Punjab, India"
BTTR,BITRAGUNTA,SCR,"Bitragunta Railway Station, Bitragunta.."
BTU,BARAUT,NR,"Baraut, Uttar Pradesh, India"
BTV,BAITARANI ROAD,ECOR,"Jajpur, Odisha, India"
BTVA,BATUVA PH,ECOR,"Vizianagaram, Andhra Pradesh, India"
BTW,BARSI TOWN,CR,"Maharashtra, India"
BTX,BELA TAL,NCR,"Uttar Pradesh, India"
BTY,BETHUADAHARI,ER,"Nadia, West Bengal, India"
BTYA,BHATARIYA,WR,"Bhalariya, Rajasthan, India"
BTZ,BALIMARA,NFR,"India Ave, Baltimore, MD 21229, USA"
BU,BASWA,NWR,"Rajasthan, India"
BUA,BARADWAR,SECR,"Naya Baradwar, Chhattisgarh, India"
BUB,BISSAU,NWR,"Bissau, Rajasthan, India"
BUBA,BIJUBIGHA HALT,ECR,"Sahebnagar, Bihar, India"
BUBR,BHUTAKIYA BHIMASAR,WR,"Kutch, Gujarat, India"
BUBT,BUDA BHARTHARA H,NCR,"Agra, Uttar Pradesh, India"
BUD,BADLAPUR,CR,"Badlapur Station Bus Stop, Shani Mandi.."
BUDA,BHUDA,NCR,"Bhuda, Rajasthan, India"
BUDI,BUNDI,WCR,"Bundi, Rajasthan, India"
BUDM,BADMAL,ECOR,"Badmal, Odisha, India"
BUE,BARUNA,ECR,"Baruna, Bihar, India"
BUF,BIMALGARH JN,SER,"Dalimdihi, Odisha 770040, India"
BUG,BAGAHA,ECR,"Bagaha Railway Station, Bagaha, Bihar,.."
BUGL,BUGLANWALI,NWR,"29 Amp, Rajasthan 335064, India"
BUGM,BERUGRAM,SER,"Memari-Tarkeswar Rd, Berugram, West Be.."
BUGN,BHURJIHA BARAGN,NER,"Badan Gaon, Uttar Pradesh 261125, India"
BUGY,BUGIA,NWR,"1 Sad, Rajasthan, India"
BUH,BURHAR,SECR,"Burhar Railway Station, Burhar, Madhya.."
BUI,BALLIA,NER,"Ballia Railway Station, Harpur Middhi .."
BUJ,BARAUNI F,ECR,"Barauni, Bihar, India"
BUJA,BHUJIA,NCR,"Gauri, Uttar Pradesh 205268, India"
BUL,BHALULATA,SER,"Srawan Sahoo Locality, Rourkela, Oriss.."
BUM,BOMMASAMUDRAM H,SCR,"Ambasamudram, Tamil Nadu, India"
BUP,BARIARPUR,ER,"NH333, Bariarpur, Bihar 811213, India"
BUPH,BABUPETH,CR,"Chandrapur, Maharashtra, India"
BUQ,BARGI,SECR,"Jabalpur, Madhya Pradesh, India"
BUR,BINDAURA,NER,India
BURA,BAHUARA(HALT),NER,"Bihar 841419, India"
BURN,BURNPUR,SER,"Burnpur Railway Station, Burnpur, West.."
BUS,BADAUSA,NCR,"Badausa Railway Station, Uttar Pradesh.."
BUT,BAYTU,NWR,"Rajasthan, India"
BUTA,BHADUTALA,SER,"Lalgarh-Medinipur Road, Bhadutala, Wes.."
BUTN,BUTANA HALT,NR,"Butana Khetlan, Haryana 131302, India"
BUU,BHADANPUR,WCR,"Bhadanpur, Madhya Pradesh, India"
BUW,BURHWAL,NER,"Uttar Pradesh, India"
BUX,BHANDAK,CR,"Bhadrawati, Maharashtra, India"
BV,BABHNAN,NER,"Basti, Uttar Pradesh, India"
BVA,BAURIA JN,SER,"Bauria Jn, West Bengal, India"
BVB,BHADBHADAGHAT,WCR,"Raisen, Madhya Pradesh, India"
BVC,BHAVNAGAR TRMUS,WR,"Bhavnagar Terminus Railway Station, Ku.."
BVH,BALLABGARH,NR,"Sector 25, Faridabad, Haryana, India"
BVI,BORIVALI,WR,"Borivali Station, Borivali, Mumbai, Ma.."
BVL,BIKKAVOLU,SCR,"Bikkavolu, Andhra Pradesh, India"
BVM,BAYYAVARAM,SCR,"Vishakhapatnam, Andhra Pradesh, India"
BVN,BISWAN,NER,"Biswan, Uttar Pradesh, India"
BVNR,BHAVANI NAGAR,CR,"Satara, Maharashtra, India"
BVO,BOGOLU,SCR,"Bogolu Station, Andhra Pradesh, India"
BVP,BHAVANAGAR PARA,WR,"Bhavnagar, Gujarat, India"
BVQ,BHILAVDI,CR,"Sangli, Maharashtra, India"
BVR,BANAVAR,SWR,"Banavara, Karnataka, India"
BVRM,BHIMAVARAM JN,SCR,"Bhimavaram Junction Railway Station, H.."
BVRT,BHIMAVARAM TOWN,SCR,"Town Station Road Bus Stop, National H.."
BVS,BHIVPURI ROAD,CR,"Bhivpuri Rd, Maharashtra 410201, India"
BVU,BALIPARA,NFR,"National Highway 52, Assam, India"
BVV,BEDETTI,NFR,"Behali, Assam, India"
BVW,BAHMNIWALA,NR,"152023, India"
BVZ,NALOI BARWA,NWR,"127046, India"
BW,BIWAI,NCR,"Bawai, Uttarakhand, India"
BWA,BHINWALIYA,NWR,"Pali, Rajasthan, India"
BWB,BAGWALI,NWR,"Sangat, Punjab, India"
BWBN,BEWAR BHOJAN,NWR,"Churu, Rajasthan, India"
BWC,BANWALI,NWR,"Banwala, Rajasthan 335037, India"
BWCN,BOWAICHANDI PH,SER,"Bardhaman, West Bengal, India"
BWD,BELVANDI,CR,"Ahmednagar, Maharashtra, India"
BWF,BUTEWALA,NR,"Punjab 152021, India"
BWH,BHADAURA,ECR,"Dildar Nagar, Uttar Pradesh 232326, In.."
BWI,BILWAI,NR,"Uttar Pradesh, India"
BWIP,BHAWANIPATNA,ECOR,"Bhawanipatna Railway Station, SH 16, P.."
BWK,BAWANI KHERA,NWR,"Bawani Khera Railway Station, Bawani K.."
BWL,BAWAL,NWR,"Bawal Railway Station, State Highway 5.."
BWM,BHAWANI MANDI,WCR,"Bhawani Mandi Railway Station, Bhawani.."
BWN,BARDDHAMAN JN,ER,"Barddhaman, Bardhaman, West Bengal, In.."
BWO,BURAMARA,SER,"NH 5, Buramara, Odisha 757081, India"
BWP,BHAWANIPUR KALN,NER,"Bhawanipur Kalan, Uttar Pradesh, India"
BWPB,BHAWANIPUR BIHAR,NFR,"Panighatta, Bihar 855113, India"
BWPL,BALWANTPURA CHELASI,NWR,"Jhunjhunu, Rajasthan, India"
BWR,BARWA SAGAR,NCR,"Uttar Pradesh, India"
BWRA,BHARATWADA,CR,"Nagpur, Maharashtra, India"
BWS,BADWASI,NWR,"Rajasthan, India"
BWSN,BIJWASAN,NR,"Bijwasan, New Delhi, Delhi, India"
BWT,BANGARAPET,SWR,"Bangarapet Railway station, Bangarapet.."
BWW,BARWAHA,WR,"Barwaha Railway Station, Madhya Prades.."
BWX,BAHMAN DIWANA,NR,"Punjab 151001, India"
BWZ,BADDOWAL,NR,"Baddowal, Punjab, India"
BXA,BALOD,SECR,"Balod, Chhattisgarh, India"
BXB,BANGA,NR,"Banga, Punjab, India"
BXC,BARWALA,NR,"Unnamed Road, Barwala, Haryana 125111,.."
BXF,BARSUAN,SER,"Koida Rd, Odisha 770042, India"
BXG,BHANGA,NFR,"Mirjapur Pt II, Assam 788701, India"
BXHT,BOXIRHAT,NFR,"Bala Kuthi, Assam 783335, India"
BXJ,BOKAJAN,NFR,"782480, India"
BXK,BANDARKHAL,NFR,"Machilipatnam, Andhra Pradesh, India"
BXL,BHEDUASOL,SER,"Bhadas, Punjab, India"
BXLL,BILLI,ECR,"Chopan Road, Obra, Uttar Pradesh, India"
BXM,BELRAYAN,NER,"Lakhimpur Kheri, Uttar Pradesh, India"
BXN,BAYANA JN,WCR,"Bijlighar Rd, Bayana, Rajasthan, India"
BXO,BOPARAI H,NR,"Boparai, Punjab, India"
BXP,BARPATHAR,NFR,"Barpathar, Assam, India"
BXQ,BRUNDAMAL,ECOR,"Brundamal Station, Odisha, India"
BXR,BUXAR,ECR,"Buxar Railway Station, Pandey Patti, B.."
BXS,PICHCHANDAR KOVIL,SR,"Tamil Nadu, India"
BXT,BAMANHAT,NFR,"Banat, Uttar Pradesh, India"
BXY,BORDHAL,CR,"Betul, Madhya Pradesh, India"
BY,BYCULLA,CR,"Byculla Railway Station, Dr Baba Saheb.."
BYC,BELLARY CANT,SWR,"Cantonment, Bellary, Karnataka, India"
BYD,BYADGI,SWR,"Byadgi, Karnataka, India"
BYE,BANSI BOHERA,NWR,"Rajasthan, India"
BYH,BHITI,NER,"Bhatti, Maharashtra, India"
BYHA,BARYA RAM,NR,"Allahabad, Uttar Pradesh, India"
BYL,BELHA,SECR,"Belha Railway Station, Chhattisgarh, I.."
BYN,BANAHI,ECR,"National Highway 922, Shahpur, Bihar, .."
BYNR,MOOKAMBIKA ROAD,KR,"National Highway 17, Baindur, Karnatak.."
BYP,BAIJNATHPUR,ECR,"Bihar, India"
BYPL,BAIYYAPPANAHALI,SWR,"Baiyappanahalli Railway Station, NGEF .."
BYQ,BAHAI H,NR,"Rae Bareli, Uttar Pradesh, India"
BYR,BHAYANDAR,WR,"Bhayander Railway Station, Bhayandar W.."
BYS,BARSALI,CR,"Betul, Madhya Pradesh, India"
BYSA,BASULYA SUTAHATA,SER,"Basulia-Sutahata Railway Station, Durb.."
BYT,BHATAPARA,SECR,"Bhatapara Railway Station, Bhatapara, .."
BYXA,BETGARA,NFR,"Jalpaiguri, West Bengal, India"
BYY,BYREE,ECOR,"Byree Station, Bairi, Odisha, India"
BYZA,BEGUNIA,ECOR,"Begunia, Odisha 752062, India"
BZ,BHARUR H,NR,"Bharur, Punjab, India"
BZA,VIJAYAWADA JN,SCR,"Vijayawada, Andhra Pradesh, India"
BZB,BARRA BAZAR,ER,"West Bengal 700001, India"
BZC,BELIATOR PH,SER,"Beliator, West Bengal 722203, India"
BZE,BASERIA,ECR,"Kusunda, Jharkhand 828101, India"
BZG,BILGA,NR,"Punjab 144036, India"
BZGT,BAZARGHAT,NFR,"Bazarghat Rd, Assam, India"
BZJT,BAZIDA JATAN,NR,"Haryana 132001, India"
BZK,BHAINI KHURD,NR,"taraori road, Bhaini Khurd Village, Ha.."
BZL,BELANAGAR,ER,"Belanagar, West Bengal"
BZLE,BAZARSAU,ER,"Bazarsau, West Bengal, India"
BZM,BHIMSEN,NCR,"Bhimsen Railway Station, Bhimsen, Utta.."
BZN,BAGNAN,SER,"Bagnan, West Bengal, India"
BZO,BARSOLA,NR,"Haryana 125039, India"
BZR,BISRA,SER,"Bisra Railway Station, Bisra, Orissa, .."
BZS,BANSJORA,ECR,"Bansjora Railway Station, Jharkhand, I.."
BZU,BETUL,CR,"Betul Railway Station, Betul, Madhya P.."
BZY,BASAI,NCR,"Manikpur, Madhya Pradesh 473995, India"
CAA,CHAKIA,ECR,"Raniganj Mohhala, Chakia, Bihar, India"
CAC,CHANDPIPAR HALT,ECR,"Chandpiper, Bihar, India"
CAER,CHHANERA,WCR,"Harda, Madhya Pradesh, India"
CAF,CHANDA FORT,SECR,"Chandrapur, Maharashtra, India"
CAG,CHHABRA GUGOR,WCR,"Baran, Rajasthan, India"
CAI,CHANPATIA,ECR,"Chanpatia, Bihar, India"
CAJ,CHAKRAJ MAL,NR,"Bijnor, Uttar Pradesh, India"
CAM,CHHOTA AMBONA,ER,"Chota Ambona Station, Jharkhand, India"
CAMU,CHAMUA,ECR,"Pashchim Champaran, Bihar, India"
CAN,KANNUR,SR,"Kannur Railway Station, Padanapalam, K.."
CAO,CHAURADANO,ECR,"Chauradano Railway Station, Chauradano.."
CAP,CHATRAPUR,ECOR,"Chhatrapur Railway Station, Chhatrapur.."
CAPC,CHATRAPUR COURT PH,ECOR,"Ganjam, Odisha, India"
CAPE,KANYAKUMARI,SR,"Kanyakumari Railway Station, Kanyakuma.."
CAPG,CHAPAGURI,NFR,"Dumniguri, West Bengal 736157, India"
CAR,CHUNAR,NCR,"Chunar, Uttar Pradesh, India"
CARD,CHARADU,WR,"Charada, Gujarat, India"
CAS,CHAS ROAD PH,SER,"Purulia, West Bengal, India"
CASA,CHHANSARA,WR,"Kansara, Bihar, India"
CAT,CHATTAR HAT,NFR,"Darjeeling, West Bengal, India"
CATA,CHHATA ASCHAURA H,NER,"Chhata, Uttar Pradesh, India"
CATD,CHATAUD,SECR,"Satpara, Chhattisgarh, India"
CAZ,CHAUHANI,WCR,"Jitendra Chauhan Law College, Vile Par.."
CBD,CHANGRABANDHA,NFR,"Nagar Changrabandha, West Bengal 73530.."
CBDH,CBD NAYA RAIPUR,SECR,
CBE,COIMBATORE JN,SR,"Coimbatore Junction, Ukkadam, Coimbato.."
CBF,COIMBATORE NRTH,SR,"Tatabad, Coimbatore, Tamil Nadu, India"
CBH,CHAUBE,ECR,Shree Kamalakar Chaubey Adarsh Seva Vi..
CBJ,CLUTTERBUCKGANJ,NR,"Station Road, C.B.Ganj, Bareilly, Utta.."
CBK,CHACHAURA BNGJ,WCR,"Madhya Pradesh, India"
CBM,CUMBUM,SCR,"Prakasam, Andhra Pradesh, India"
CBN,CHIT BARAGAON,NER,"Chitbaragaon, Uttar Pradesh, India"
CBP,CHIK BALLAPUR,SWR,"Eshwara Temple Road, Chikballapur, Kar.."
CBR,CHAUBEPUR,NER,"Chaubepur Railway Station, Uttar Prade.."
CBSA,CHAIBASA,SER,"831002, India"
CBT,CHARBATIA,ECOR,"Cuttack, Odisha, India"
CBU,C BABUSAMUDRAM,SR,"Ambasamudram, Tamil Nadu, India"
CBX,CHAND BHAN,NR,"Chand Bhan, Punjab, India"
CBY,KHAMBHAT,WR,"Khambhat Railway Station, Khambhat, Gu.."
CBZ,CHURAIBARI,NFR,"Churaibari, Tripura, India"
CC,CHAURI CHAURA,NER,"Chauri Chaura, Uttar Pradesh, India"
CCA,CHIGICHERLA,SCR,"Chigicherla, Andhra Pradesh, India"
CCAB,C CABIN,SECR,"C Cabin, Bhilai Charoda, Chhattisgarh .."
CCBG,CHICHOLIBUZURG H,SECR,"Chandrapur, Maharashtra, India"
CCD,CHICHONDA,CR,"Chichonda Station, Madhya Pradesh, India"
CCG,CHURCHGATE,WR,"Churchgate, Maharshi Karve Road, Churc.."
CCH,CHINCHVAD,CR,"Chinchwad, Maharashtra, India"
CCI,CHINNEKUNTAPALLI,SCR,"Obulapuram, Andhra Pradesh 515672, India"
CCK,CHICHAKI,ECR,"Chichaki Station, Jharkhand, India"
CCL,CHANCHELAV,WR,"Vice Chancellors Office DU, University.."
CCO,CHICHOLI,SECR,"Chincholi, Karnataka, India"
CCP,CHHUCHHAPURA JN,WR,"Vadodara, Gujarat, India"
CCT,KAKINADA TOWN,SCR,"Valemuri Vari Veedhi, Rama Rao Peta, K.."
CD,CHANDRAPUR,CR,"Chandrapur Railway Station, Ganj Ward,.."
CDA,CHUDA,WR,"Surendranagar, Gujarat, India"
CDAE,CHANDANPUR,ER,"Chandanpur, Odisha, India"
CDB,CHAUDHURIBANDH,ECR,"Tumudibandh, Odisha, India"
CDBH,CANDRABANDA H,SCR,"Karnataka 584102, India"
CDBN,CHEDHABANNI H,ECR,"Khagaria, Bihar, India"
CDD,CHANDOD,WR,"Chandod, Gujarat, India"
CDG,CHANDIGARH,NR,"160102, India"
CDGR,CHANDRAKONA RD,SER,"Chandrakona Road, West Bengal, India"
CDH,CHAKDAHA,ER,"Chakdaha, West Bengal, India"
CDI,CHANDNI CHANDNI CHAUK CBA,CR,"East Nimar, Madhya Pradesh, India"
CDK,CHANDKHEDA ROAD,WR,"Devdarshan Bunglows, New c.g Road, Cha.."
CDL,CHODIALA,NR,"Uttarakhand, India"
CDM,CHIDAMBARAM,SR,"Cuddalore, Tamil Nadu, India"
CDMA,CHANDESHWARSTH,ECR,"Chandigarh, India"
CDMR,CHANDAULI MJHWR,ECR,"Chandauli, Uttar Pradesh, India"
CDNR,CHANDANAGAR,SCR,"Chandannagar, West Bengal, India"
CDP,CHANDPARA,ER,"Chandpara, West Bengal 743245, India"
CDRA,CHANDERA H,SR,"Chandera, Kanyakumari - Panavel Rd, Ke.."
CDRL,CHHANDRAULI,NR,"Ganga Road, Chandauli, Uttar Pradesh, .."
CDS,CHANDISAR,WR,"Gujarat, India"
CDSL,CHANDRESAL,WCR,India
CDV,CHANDARWA,WR,"Polarpur, Gujarat, India"
CE,CHHARODI,WR,"Gujarat, India"
CEL,CHEBROL,SCR,"Chebrolu, Andhra Pradesh, India"
CEM,CHEEKATEEGALPLM,SCR,"Cheekateegala Palem, Andhra Pradesh 52.."
CEME,CHEGRO,ECR,"Khurjio, Jharkhand, India"
CEU,CHIHERU,NR,"Punjab, India"
CFG,CHAKITING,NFR,"Chakiyan, Uttar Pradesh, India"
CG,CANNING,ER,"Canning, West Bengal, India"
CGA,CHENGEL,SER,"Chengel, West Bengal 711308, India"
CGF,CHARALI,NFR,"Chirala, Andhra Pradesh, India"
CGH,CHOLANG,NR,"Hoshiarpur, Punjab, India"
CGHD,CHINNADAGUDIHUNDI H,SWR,"Mysore District, Karnataka, India"
CGI,CHANDRAGIRI,SCR,"Chittoor, Andhra Pradesh, India"
CGKR,CHANDRAGIRI KOPPAL H,SWR,"Mandya, Karnataka, India"
CGL,CHENGALPATTU,SR,"Chengalpattu Railway Station, Chengalp.."
CGLA,CHANGOTOLA,SECR,"Balaghat, Madhya Pradesh, India"
CGN,CHIRGAON,NCR,"Chirgaon, Uttar Pradesh 284301, India"
CGON,CHAYGAON,NFR,"Assam 781124, India"
CGR,CHANDAN NAGAR,ER,"Chandannagar, Chandannagar railway sta.."
CGS,CHANGSARI,NFR,"Changsari, Assam, India"
CGTA,CHEGUNTA,SCR,"Chegunta, Andhra Pradesh, India"
CGV,CHINGAVANAM,SR,"Chingavanam, Kerala, India"
CGX,CHARGOLA,NFR,"Chargola, Bazarghat Rd, Assam, India"
CGY,CHANGANASERI,SR,"Changanassery Railway Station, Changan.."
CH,CHANDAUSI JN,NR,"Chandausi Jn Railway Station, Chandaus.."
CHA,CHAWAPALL,NR,"Punjab 141421, India"
CHAF,CHAF H,NER,"Kushinagar, Uttar Pradesh, India"
CHAH,CHAILAHA H,ECR,"Chailaha, Bihar, India"
CHAR,CHARMAL,ECOR,"Charmal, Odisha, India"
CHB,CHABUA,NFR,"Jhabua, Madhya Pradesh, India"
CHBN,CHANDKHIRA BAGN,NFR,"SH 1, Hati Bagan, Shyambazar, Kolkata,.."
CHBR,CHAURE BAZAR,NR,"Uttar Pradesh, India"
CHBS,CHAUBISI,NR,"Chaubari, Uttar Pradesh, India"
CHBT,CHAKARBHATHA,SECR,"Chakarbhatha, Chhattisgarh, India"
CHC,CHANCHAI H,ER,Chanchal Bai Patel Mahila Mahavidyalay..
CHCR,CHACHER,SECR,"Nagpur, Maharashtra, India"
CHD,CHANDIA ROAD,SECR,India
CHDX,CHHADA,SECR,"Chida, Punjab, India"
CHE,SRIKAKULAM ROAD,ECOR,"Srikakulam, Andhra Pradesh, India"
CHF,CHUNABHATTI,CR,"Chuna Bhatti, Sion, Mumbai, Maharashtr.."
CHG,CHINCHPOKLI,CR,"Chinchpokli, Mumbai, Maharashtra, India"
CHGA,CHIRUGODA,SER,
CHH,CHAUKHANDI,NR,"Varanasi, Uttar Pradesh, India"
CHHU,CHHANUA,SER,"Chhanua PH, Odisha, India"
CHI,CHIPLUN,KR,"Mumbai-Goa Road, Chiplun, Maharashtra,.."
CHIB,CHIRAI,WR,"Chirai, Gujarat, India"
CHIT,CHITHARI HALT,NCR,"Madhya Pradesh, India"
CHJ,CHATA,NCR,"Mathura, Uttar Pradesh, India"
CHJC,CHITODA,CR,"Maharashtra 442003, India"
CHK,CHAKERI,NCR,"Chakeri, Uttar Pradesh, India"
CHKB,CHAKKI BANK,NR,"Chakki Bank Railway Station, Pathankot.."
CHKE,CHALLAKERE,SWR,"Venkateshwara Nagar, Challakere, Karna.."
CHL,CHOLA,NCR,"Chola, Uttar Pradesh, India"
CHLK,CHAVALKHEDE,WR,"Maharashtra, India"
CHLR,CHHALESAR,NCR,"Kuberpur, Uttar Pradesh, India"
CHM,CHALTHAN,WR,"Surat, Gujarat, India"
CHMG,CHINTPURNI MARG,NR,"Kuneran, State Highway 25, Una, Himach.."
CHN,CHHINA,NR,"Chhina, Punjab, India"
CHNN,CHANNANI,NWR,"Tonk, Rajasthan, India"
CHNR,CHHAN ARORIAN,NR,Chhan Arorian
CHNU,CHHANVA,SER,
CHOD,CHARDUAR,NFR,"Dhekeri Gaon, Assam 784102, India"
CHOK,CHAUK,CR,"Chowk - Irshalgad Rd, Chowk, Maharasht.."
CHP,CHHAPI,WR,"Chhapi Railway Station, Chhapi, Gujara.."
CHPD,CHEPPADU,SR,"Manaus - Amazonas, Brazil"
CHPT,CHATRAPATTI,SR,"MDR971, Chatrapatti, Tamil Nadu 624614.."
CHR,CHILKAHAR,NER,"Chilkahar, Uttar Pradesh, India"
CHRA,CHHARRA,SER,"Chharra, Chharra Rafatpur, Uttar Prade.."
CHRG,CHORGI,SWR,"Chorgi, Karnataka, India"
CHRI,CHARHI,ECR,"National Highway 33, Indra, Jharkhand .."
CHRK,CHURKI,ECR,
CHRM,CHIRMIRI,SECR,"Chirimiri, Chhattisgarh, India"
CHRU,CHAMRUA,NER,"Uttar Pradesh, India"
CHSM,CHINNA SALEM,SR,"Chinnasalem, Tamil Nadu, India"
CHT,CHAMPAHATI,ER,"Champahati, Champahati station Rd, Wes.."
CHTL,CHURARU TAKARLA,NR,"Una, Himachal Pradesh, India"
CHU,CHAMPION,SWR,"Champion Bhaskaran Rd, Thiruvananthapu.."
CHUA,CHOURARI,SECR,"Chhindwara, Madhya Pradesh, India"
CHV,CHARVATTUR,SR,"Charuvattur Railway Station, Cheruvath.."
CHWT,CHAPRAWAT H,NR,"Champawat, Uttarakhand, India"
CHZ,CHARLAPALLI,SCR,"Cherlapally Railway Station, Cherlapal.."
CI,CHHAPRA KACHERI,NER,"Chhapra Kachahri Station, Dahiyanwa To.."
CIA,CHHEHARTA,NR,"Chheharta Railway Station, Amritsar, P.."
CID,CHIRAIDONGRI,SECR,"Chiraidongri, Madhya Pradesh 481768, I.."
CIH,CHILHIA,NER,"Kesari, Uttar Pradesh, India"
CII,CHETTIYARPATTI,SR,"Tamil Nadu 621307, India"
CIK,CHIKASANA,NCR,"Bharatpur, Rajasthan, India"
CIKA,CHIKANA,SCR,
CIKR,CHANDIKHOLE ROAD,ECOR,"Dist- Jajpur, PIN- 755044 State: Odisha"
CIL,CHILBILA JN,NR,"Uttar Pradesh, India"
CIO,CHIKHLI ROAD,WR,"City Court, Court road, Chikhli, Mahar.."
CIRL,CHIRULA,NCR,"Chirula, Madhya Pradesh, India"
CIT,CHITALI,CR,"Chitali, Maharashtra, India"
CIV,CHINNARAVURU,SCR,"chinnaravuru station Rd, Tenali, Andhr.."
CJ,KANCHIPURAM,SR,"Big Kamala st To Madras, Kanchipuram, .."
CJA,CHONGAJAN,NFR,"Golaghat, Assam, India"
CJE,KANCHIPURAM EAST,SR,"Kanchipuram, Tamil Nadu, India"
CJL,CHAJLI,NR,"Chhajli Rd, Chhajli, Punjab 148028, In.."
CJM,CHINNA GANJAM,SCR,"APSRTC Bus Stand, National Highway 214.."
CJN,CHHATNA,SER,"Chhatna, West Bengal 722132, India"
CJQ,CHAMPAJHARAN,SER,"Banki, Odisha 770037, India"
CJR,CHAMARAJ,WR,"Surendranagar, Gujarat, India"
CJS,CHARAMULA KUSUM,ECOR,"Koraput, Orissa, India"
CJW,CHAJAWA,WCR,"Baran, Rajasthan, India"
CK,CHIKSUGUR,SCR,"Chaksu, Rajasthan, India"
CKA,CHAK PAKHEWALA,NR,"Punjab 152033, India"
CKB,CHAUTH KA BRWRA,NWR,"Chauth Ka Brwra Railway Station, Chaut.."
CKBK,CHIKKABENAKAL,SWR,"Hire Benkal, Karnataka, India"
CKD,CHARKHI DADRI,NWR,"Charkhi Dadri Railway Station, Charkhi.."
CKDL,CHAKDAYALA,NR,"Chakdayala Station, NH 1A, Chak Dayala"
CKE,CHOKI SORATH,WR,"Choki Sorath, Gujarat, India"
CKG,CHOWKA GHAT,NER,"Chowka Ghat Bridge, Chaukaghat, Varana.."
CKH,CHAKAND,ECR,"Patna - Gaya Road, Chakand, Bihar, India"
CKHS,CHIKHLI,CR,"Mumbai - Pune Expy, Maharashtra 410206.."
CKHT,CHANKA HALT,ECR,"Jakhani, Bihar 802215, India"
CKI,CHALAKUDI,SR,"Chalakudy, Kerala, India"
CKK,CHAKARPUR,NER,"Champawat, Uttarakhand, India"
CKKD,CHARKHEDA KHURD,WCR,"East Nimar, Madhya Pradesh, India"
CKLA,CHAK BANWALA,NR,"Punjab 152033, India"
CKLT,CHAKKALI LAI H,NR,"Uttar Pradesh, India"
CKM,CHAUKI MAN,NR,"Punjab 142023, India"
CKMI,CHHOTAKI MASAUDHI H,ECR,"Chhotki Masaurhi, Bihar 804454, India"
CKN,CHINTAKANI,SCR,"Chintakani, Andhra Pradesh, India"
CKNA,CHIKNA F,ECR,Indian Sub-Continent
CKNI,CHIKNI ROAD,CR,"Maharashtra, India"
CKOD,CHAKROD,WR,"Shajapur, Madhya Pradesh, India"
CKP,CHAKRADHARPUR,SER,"South Eastern Railway Colony, Jharkhan.."
CKR,CHIKODI ROAD,SWR,"Belgaum, Karnataka, India"
CKRD,CHAKMAKRAND,ECR,"Chakmakrand Railway Station, Desari, B.."
CKS,CHAKSU,NWR,"Jaipur, Rajasthan, India"
CKSR,CHAKSAFAURA H,NER,"Pilibhit, Uttar Pradesh, India"
CKTD,CHITRAKOOTDHAM,NCR,"Uttar Pradesh, India"
CKU,CHAKULIA,SER,"Chakulia, Jharkhand, India"
CKV,CHERUKUVADA,SCR,"Cherukara, Kerala, India"
CKVD,CHIKKANDAWADI H,SWR,"Chikkanahalli, Karnataka, India"
CKW,CHALKHOWA,NFR,"AT Rd, Saguni Bari Gaon, Assam 786002,.."
CKX,CHAKUR,SCR,"Chakur, Maharashtra, India"
CKYD,CHAKRA ROAD H,NER,"Chakra Tirtha Rd, Puri, Odisha, India"
CLA,KURLA JN,CR,"Kurla, Mumbai, Maharashtra, India"
CLD,CHALSA JN,NFR,"Chalsa, West Bengal, India"
CLDR,CHILIKIDARA,ECOR,"Kendujhar, Orissa, India"
CLDY,CHANDLODIYA,WR,"K.K. Nagar Society, Chandlodia, Ahmeda.."
CLE,CHINTALPALLI,SCR,"Warangal, Andhra Pradesh, India"
CLF,CHHULHA,SECR,"Shahdol, Madhya Pradesh, India"
CLG,KAHALGAON,ER,"Kahalgaon, Bihar, India"
CLI,CHALGERI,SWR,"Haveri, Karnataka, India"
CLJ,COLONELGANJ,NER,"Colonelganj, Uttar Pradesh, India"
CLKA,CHILKA,ECOR,"Barkul, Orissa, India"
CLKN,CHUCHELA KALAN H,NR,"Jyotiba Phule Nagar, Uttar Pradesh, In.."
CLN,KOLLIDAM,SR,"Kollidam Railway Station, Kollidam-Ala.."
CLO,CHILO,NWR,"Chilo, Bhutan"
CLPE,CHALLAVARIPALLE,SCR,"Challavaripalle, Andhra Pradesh 515411.."
CLR,CASTLE ROCK,SWR,"Uttara Kannada, Karnataka, India"
CLT,KOZHIKODE,SR,"Railway Station Road, Kozhikode, Keral.."
CLU,CHILAKALAPUDI,SCR,"Chintalapudi, Andhra Pradesh, India"
CLVR,CHILUVUR,SCR,"Chiluvuru Road, Chiluvuru, Andhra Prad.."
CLW,CHILWARIYA,NER,"Bhilwara, Rajasthan, India"
CLX,CHIRALA,SCR,"Chirala, Andhra Pradesh, India"
CM,CAMPIERGANJ,NER,"Campierganj, Uttar Pradesh, India"
CMA,CINNAMARA,NFR,"Jorhat CD Block Part, Assam 785008, In.."
CMBR,CHEMBUR,CR,"Chembur, Mumbai, Maharashtra, India"
CMC,CHEMANCHERI,SR,"Panvel - Kanyakumari Highway, Kerala, .."
CMDG,CHAMARDIGHI,ER,"Kharjuli, West Bengal 713104, India"
CMDP,CHIMIDIPALLI,ECOR,"Vishakhapatnam, Andhra Pradesh, India"
CMGR,CHIKKAMAGALUR,SWR,
CMJ,CHAMARAJAPURAM,SWR,"Chamarajapuram Railway Station, Sarasw.."
CMMG,CHAMUNDA MARG,NR,"Chamunda Ln, Paschim Vihar, Vaishali N.."
CMNR,CHAMARAJANAGAR,SWR,"Chamarajanagar, Karnataka, India"
CMP,CHROMEPET,SR,"Chromepet, Tamil Nadu, India"
CMR,CHAMROLA,NCR,"Uttar Pradesh, India"
CMU,CHAU MAHLA,WCR,"Rajasthan, India"
CMW,CHIMA PAHAD,SCR,"Unnamed Road, Relakayalapalle, Telanga.."
CMX,CHAMAGRAM,ER,"Chamagram Rail Station, National Highw.."
CMY,CHINTAMANI,SWR,"Chintamani Railway Station, Chintamani.."
CMZ,CHALAMA,SCR,"Chalam Kondalu, Andhra Pradesh, India"
CNA,CHANDERIYA,WR,"Chittorgarh, Rajasthan, India"
CNB,KANPUR CENTRAL,NCR,"Kanpur Central, Jaipuria Road, Mirpur,.."
CNBI,CHANDARI,NCR,"Kanpur Rd, Kanpur Cantonment, Kanpur, .."
CNC,CHINCHLI,SWR,"Belgaum, Karnataka, India"
CND,CHANDUR,CR,"Amravati, Maharashtra, India"
CNDB,CHANDUR BAZAR,CR,"Maharashtra 444704, India"
CNDI,CHANDI,ECR,
CNDM,CHANDI MANDIR,NR,"Chandimandir Cantonment, Panchkula, Ha.."
CNDN,CHANDAN,ER,"Chandan, Bihar 814131, India"
CNE,CHANDRANATHPUR,NFR,"Chandrapur, Maharashtra, India"
CNF,CHIANKI,ECR,"Chianki, Jharkhand, India"
CNGR,CHENGANNUR,SR,"Chengannur, Kerala, India"
CNH,CHAUNRAH,NCR,"Uttar Pradesh, India"
CNI,CHANDIL JN,SER,"832401, India"
CNJ,CHANDER NAGAR H,NR,"Chander Nagar, Ghaziabad, Uttar Prades.."
CNK,CHANDOK,NR,"Bijnor, Uttar Pradesh, India"
CNKH,CHINNAKOTE HALT,SWR,
CNKP,CHANAKYAPURI,NR,"IB Colony, Chanakyapuri, New Delhi, De.."
CNL,CHANDAWAL,NWR,"Pali, Rajasthan, India"
CNN,CHINTAMAN GANESH,WR,"Sri Chintaman Ganesh Mandir, Madhya Pr.."
CNO,CANCONA,KR,"Canacona, Goa, India"
CNPA,CHANNARAYAPATNA,SWR,"Hassan, Karnataka, India"
CNPI,CHANDANPAHARI,ER,"Narcha, Jharkhand 814118, India"
CNPR,CHAINPUR,ECR,"Jharkhand 829134, India"
CNR,CHANDAR,SWR,"Om Marg, Chander Nagar, Ghaziabad, Utt.."
CNRF,CHANDRA,SER,"Chandra Taal, Himachal Pradesh"
CNS,CHUCHURA,ER,"Chinsurah Station Rd, Hooghly-Chinsura.."
CNV,KINATTUKKADAVU,SR,"Kinathukadavu, Tamil Nadu 642109, India"
CNX,CHANDAUNA H,ECR,"Chandana, Rajasthan, India"
COA,KAKINADA PORT,SCR,"Kakinada, Andhra Pradesh, India"
COB,COOCH BEHAR,NFR,"Kalighat Road No 2, Cooch Behar, West .."
COD,CHHOTA GUDHA,NWR,"Rajasthan, India"
COE,CHITROD,WR,"Chitrod, Gujarat, India"
COL,COROMANDEL,SWR,Coromandel Institute of Hotel Manageme..
COM,CHOMUN SAMOD,NWR,"Jai Shri Veer Hanuman, Samod Mountain,.."
COO,CHHOTI ODAI,WCR,"Sawai Madhopur, Rajasthan, India"
COR,CHITTAURGARH,WR,"Chittorgarh, Rajasthan, India"
CPA,KANPUR ANWRGANJ,NCR,"Anwarganj Railway Station, Darshan Pur.."
CPB,KANPUR BRIDGE RB,NR,"Kanpur, Uttar Pradesh, India"
CPBH,CHIRAILLA PAUTHU,ECR,"Bahuti, Bihar 824112, India"
CPD,CHINCHPADA,WR,"Gangapur, Maharashtra, India"
CPDR,CHHIPADOHAR,ECR,"Chhipitola, Rakabganj, Agra, Uttar Pra.."
CPE,CHANDIPOSI,SER,"Sibaichandi, West Bengal"
CPH,CHAMPA,SECR,"Champa, Chhattisgarh, India"
CPHT,COOPERS HALT,ER,"Coopers Halt, Ranaghat, West Bengal 74.."
CPJ,KAPTANGANJ JN,NER,"Kushinagar, Uttar Pradesh, India"
CPK,CHAPARMUKH JN,NFR,"Chaparmukh, Assam, India"
CPL,CHAKARLAPALLI,SWR,"Chakarlapalli, Andhra Pradesh, India"
CPLE,CHINPAI,ER,"48 Ross River Road, Mundingburra QLD 4.."
CPN,CHAMPANER RD JN,WR,"Jepura Bus Stop, SH 5, Gujarat, India"
CPP,CHIPURUPALLE,ECOR,"Chipurupalle Railway station, Cheepuru.."
CPPR,CHAMPAPUR HALT,ECR,
CPQ,CHAPRAKATA,NFR,"Chaprakata, National Highway 31C, Assa.."
CPR,CHHAPRA,NER,"Chhpara, Bihar, India"
CPS,CHAND SIAU,NR,"Chand Siau Railway Station, State High.."
CPSN,CH SAMBHAJI NAGAR,SCR,"MIDC, Aurangabad, Maharashtra, India"
CPT,CHANNAPATNA,SWR,"Channapatna, Karnataka, India"
CPU,CHOPAN,ECR,"Chopan, Uttar Pradesh, India"
CQA,CHERUKARA,SR,"Cherukara, Kerala, India"
CQL,CHIRAKKAL H,SR,"Chirakkal, Kerala, India"
CQR,CHAMPAPUKUR,ER,"Champapukur, West Bengal"
CQS,CAPPER QUARRY,SR,"Capper Quarry Railway Station, NH 32, .."
CRAE,CHERAGRAM BH.,ER,"Cheragram, West Bengal, India"
CRC,CHARKHARI ROAD,NCR,"Uttar Pradesh, India"
CRD,CURREY ROAD,CR,"Currey Rd, Parel, Mumbai, Maharashtra,.."
CRDA,CHAKARDAHA HALT,ECR,"Barhepara, Bihar, India"
CRE,CHORGHATPIPARIA,SECR,"Jabalpur, Madhya Pradesh, India"
CRG,CHURAMAN NAGRI,WCR,"Churaman Nagri, Uttar Pradesh, India"
CRJ,CHITTARANJAN,ER,"Chittaranjan Railway Station, Chittara.."
CRK,CHARKHERA,WCR,"Charkhari, Uttar Pradesh, India"
CRKR,CHAURAKHERI,WCR,"Baran, Rajasthan, India"
CRL,CHORAL,WR,"Choral Railway Station, State Highway .."
CRLM,KARAMELARAM,SWR,"Karnataka, India"
CRN,CHAREGAON,SECR,"Newargaon, Madhya Pradesh 481551, India"
CRND,CHORANDA JN,WR,"Choranda, Gujarat, India"
CROA,CHAUTARA,NFR,"Chautara, Assam, India"
CRP,CHANDRAPURA,ECR,"Jharkhand 828403, India"
CRQ,CHARPOKHARI H,ECR,"Charpokhari, Dekura, Bihar 802223, India"
CRR,KARAGOLA ROAD,ECR,"Bihar, India"
CRU,CHUDAWA,SCR,"Hingoli, Maharashtra, India"
CRV,CHUREB,NER,"Chureb, Uttar Pradesh, India"
CRW,CHARAUD,NWR,"Bhiwani, Haryana, India"
CRWA,CHIRAWA,NWR,"Jhunjhunu, Rajasthan, India"
CRWL,CHAKRAKWALA,NR,"Sial-Jattan Sorap Road, Udhampur, Jamm.."
CRX,CARRON,NFR,"Carron, Looksan, West Bengal 735205, I.."
CRY,CHIRAYINKIL,SR,"Chirayinkeezhu Railway Station, Atting.."
CS,CANNANORE SOUTH,SR,"Kannur, Kerala, India"
CSA,CHAUSA,ECR,"Buxar, Bihar, India"
CSB,SHIVAJI BRIDGE,NR,"Shivaji Bridge, Connaught Place, New D.."
CSDR,CHANNASANDRA,SWR,"Channasandra, Karnataka, India"
CSM,CANSAULIM,SWR,"Cansaulim Railway Station, Goa, India"
CSMT,C SHIVAJI TERM MUMBAI,CR,"Mumbai, Maharashtra 400001, India"
CSN,CHALISGAON JN,CR,"Chalisgaon, Maharashtra, India"
CSR,CHAK SIKANDAR,ECR,"Chak Sikander, Bihar, India"
CSZ,COSSIMBAZAR,ER,"Cossimbazar Railway Station., Berhampo.."
CT,CHITTAPUR,SCR,"Chitapur Railway Station, Chitapur, Ka.."
CTA,CHITRADURG,SWR,"Chitradurga, Karnataka, India"
CTC,CUTTACK,ECOR,"Cuttack Railway Station, Cuttack, Odis.."
CTD,CHHOTA UDEPUR,WR,"Chhota Udepur, Gujarat, India"
CTF,CHITGIDDA,SCR,"Chitgidda, Andhra Pradesh, India"
CTGN,COTTON GREEN,CR,"Abhyudaya Nagar, Parel, Mumbai, Mahara.."
CTH,CHIKALTHAN,SCR,"Aurangabad, Maharashtra, India"
CTHR,CHITAHRA,WCR,"Madhya Pradesh, India"
CTHT,CHATAR,ECR,"Chatra, Jharkhand, India"
CTJ,CHHATAINI,WCR,"Shahdol, Madhya Pradesh, India"
CTKT,CHOTI KHATU,NWR,"Nagaur, Rajasthan, India"
CTL,CHITAL,WR,"SH 34, Amreli, Gujarat, India"
CTM,KATTANGULATUR,SR,"Kattankulathur, Tamil Nadu, India"
CTMP,CHHIT MAKANDPUR,ER,"Sultanganj - Bhagalpur Rd, Bhaunathpur.."
CTND,CHETTINAD,SR,"Sivaganga, Tamil Nadu, India"
CTO,CHITTOOR,SCR,"Chittoor Railway Station, Thotapalyam,.."
CTPE,CHANDANATTOP,SR,"Chandannagar, West Bengal, India"
CTPR,CHINTAPARRU H,SCR,"Bageswaram - Vedangi Road, Andhra Prad.."
CTQ,CHETAR,ECR,"6 Chester Hill Road, Chester Hill NSW .."
CTR,CHATRA,ER,"Birbhum, West Bengal, India"
CTRD,CHITRAWAD,WR,"Steshan Road, Borvav, Gujarat, India"
CTRE,CHITTERI,SR,"Chittur, Kerala, India"
CTS,CHATTRIPUT,ECOR,"Koraput, Orissa, India"
CTT,CHITRASANI,NWR,"Banaskantha, Gujarat, India"
CTTP,CHITRAPUR,KR,"Chitrapur, Karnataka 581354, India"
CTU,CHHATAPUR ROAD,ECR,"Bhimpur, Bihar 854339, India"
CTW,CHHINTANWALA,NR,"Chhindwara, Madhya Pradesh, India"
CTYL,CHITYALA,SCR,"Nehrada to chityal Rd, Chityal, Andhra.."
CU,CHAGALLU,SCR,"West Godavari, Andhra Pradesh, India"
CUE,CHOUPALE,WR,"Nandurbar, Maharashtra, India"
CUK,CHURK,NCR,"Churk, Uttar Pradesh, India"
CUPJ,CUDDALORE PORT,SR,"Veerabadhrasamy Koil Street, Cuddalore.."
CUR,CHURU,NWR,"National Highway 65, Churu, Rajasthan,.."
CUX,CHAURA,ECR,"Jamui, Bihar, India"
CV,CAUVERY,SR,"Cauvery River, Tamil Nadu"
CVB,CAVALRY BARRCKS,SCR,"Lothkunta, Alwal, Secunderabad, Andhra.."
CVD,CHAVADIPALAYAM,SR,"Devampalayam, Tamil Nadu, India"
CVJ,CHAVAJ,WR,"Vadadla, Bharuch, Gujarat, India"
CVP,KOVILPATTI,SR,"Kovilpatti, Tamil Nadu, India"
CVR,CHORVAD ROAD,WR,"Junagadh, Gujarat, India"
CVV,CHERUVUMADHAVARAM,SCR,"Madhavaram, Tamil Nadu, India"
CW,CHAINWA,NER,"Chainwa, Bihar, India"
CWA,CHHINDWARA JN,SECR,"Chhindwara, Madhya Pradesh, India"
CWDA,CHUHRIWALA DHANNA,NR,"Punjab 152122, India"
CWI,CHONDI,SCR,"Sibaichandi, West Bengal"
CWLE,CHOWRIGACHA,ER,"Khagraghat - Chowrigacha, West Bengal,.."
CWN,CHAREWAN H,NR,"Punjab 152115, India"
CWR,CHOUVARA,SR,"Chavara, Kerala, India"
CWT,CHOWHATTA,ER,"Chauhata, West Bengal 731201, India"
CX,CHANOL,WR,"Rajkot, Gujarat, India"
CXA,CHANDSARA H,NR,"Chandra Taal, Himachal Pradesh"
CYI,CHHAYAPURI,WR,"Chhani, Vadodara, Gujarat 391740, India"
CYN,CHERIYANAD,SR,"Cherianad, Kerala, India"
CYR,CHARNI ROAD,WR,"Saifee Hospital, Girgaon, Mumbai, Maha.."
D,DEULA,ER,"Deula, West Bengal, India"
DAA,DATIA,NCR,"Datia Railway Station, Datia, Madhya P.."
DAB,DHARMABAD,SCR,"Dharmabad, Maharashtra, India"
DABN,DHABAN,NWR,"Dhaban, Rajasthan, India"
DAC,DAHINSARA JN,WR,"Mota Dahisara, Gujarat 363660, India"
DACT,DHAKA CANTT,BR,
DAD,DEVARGUDDA,SWR,"Haveri, Karnataka, India"
DADN,DR AMBEDKAR NGR,WR,"Jawahar Nagar, Mhow, Mhow, Indore, Mad.."
DAE,DAHEGAON,CR,"Dahegaon, Andhra Pradesh, India"
DAG,DHANG,ECR,"Dheng, Bihar, India"
DAJ,DUROJI,SWR,"Duroji Station, Karnataka, India"
DAKA,DHAKA,BR,"Dhaka Cantonment Station, Tongi Divers.."
DAKE,DAKHINESWAR,ER,"Belgharia Expy, Ashokgarh, Kolkata, We.."
DAL,DALIGANJ,NER,"Daliganj Railway Station, Daliganj, Lu.."
DAM,DHAMORA,NR,"Dhamot, Punjab, India"
DAN,DHANETA,NR,"Dhaneta, NH 24, Uttar Pradesh, India"
DANE,DANRE,ER,"Sukhiabarait, Jharkhand, India"
DAO,DAGHORA,SECR,"National Highway 200, Odisha, India"
DAP,DAGMAGPUR,NCR,"NH7, Newarhia, Uttar Pradesh 231304, I.."
DAPD,DAPODI,CR,"Sundar Baug Colony, Dapodi, Pune, Maha.."
DAQ,DAUD KHAN,NCR,"Aligarh, Uttar Pradesh, India"
DAR,DANWAR,NCR,"Danwar, Jharkhand, India"
DARA,DARA,WCR,"Rajasthan, India"
DAS,DHASA JN,WR,"State Highway 21, Dhasa, Gujarat, India"
DAU,DAGRU,NR,"Dagru, Punjab, India"
DAV,DEVALGAON AUCHR,SCR,"Parbhani, Maharashtra, India"
DAVC,D A V COLLEGE JALALABAD,NR,"G.G.S.D.A.V.C.College, GGS DAV College.."
DAVJ,D A V COLLEGE JALANDHAR,NR,"D.A.V College, Grand Trunk Rd, Jalandh.."
DAVM,DHANUVACHAPURAM,SR,"Thiruvananthapuram, Kerala, India"
DAYG,DARIYAGANJ,NCR,"Madhya Pradesh 471105, India"
DAZ,DELHI AZADPUR,NR,"Azadpur, New Delhi, Delhi, India"
DB,DABHOI JN,WR,"Dabhoi, Gujarat, India"
DBA,DABRA,NCR,"Dabra, Madhya Pradesh, India"
DBB,DHUBRI,NFR,"Station Road, Bou Bazar, Dhubri, Assam.."
DBD,DEOBAND,NR,"Deoband, Uttar Pradesh, India"
DBEC,DEVBALODA CHRDA,SECR,"Bhilai, Chhattisgarh, India"
DBF,DABPAL,ECOR,"Dantewada, Chhattisgarh, India"
DBG,DARBHANGA JN,ECR,"Darbhanga Junction, Darbhanga, Bihar 8.."
DBHL,DOBH BAHALI,NR,"Taja Majra, Haryana 124001, India"
DBI,DABLI RATHAN,NWR,"Hanumangarh, Rajasthan, India"
DBL,DODBELE,SWR,"Dodbele Railway Station, Karnataka, In.."
DBLA,DABLA,NWR,"Mahendragarh, Haryana, India"
DBLG,DIBLONG,NFR,"Langting, Assam 788832, India"
DBLI,DEBRABANDHAULI H,ECR,"Bihar, India"
DBM,DABOLIM,SWR,"Bogmalo Road, Vasco da Gama, Goa, India"
DBN,DHABLAN,NR,"Dhablan, Punjab, India"
DBNK,DERABABA NANAK,NR,"Dera Baba Nanak Rd, Batala, Punjab, In.."
DBNR,DIBNAPUR H,NER,"Singapur, Karnataka, India"
DBO,DABHODA,WR,"Dabhoda Railway Station, Gujarat, India"
DBP,DEBIPUR,ER,"Debipur, West Bengal, India"
DBR,DABHAURA,NCR,"Dabhaura, Uttar Pradesh, India"
DBRG,DIBRUGARH,NFR,"Khalihamari, Dibrugarh, Assam, India"
DBRT,DIBRUGARH TOWN,NFR,"Dibrugarh Railway Station, Dibrugarh, .."
DBS,DOBBSPET H,SWR,"Dobbspet Railway Station, NH 648, Dobb.."
DBSI,DAYA BASTI,NR,"Main Rohtak Road, Zakhira, New Delhi, .."
DBT,DAKSHIN BARASAT,ER,"Dakshin Barasat, West Bengal, India"
DBU,DODBALLAPUR,SWR,"Doddaballapur, Karnataka, India"
DBV,DABILPUR,SCR,"Debipur, West Bengal, India"
DBW,DUBIA,NFR,"Santipur Deori Gaon, Dubia Bori, Assam.."
DBY,DIGBOI,NFR,"National Highway 38, Assam, India"
DBZ,DHING BAZAR,NFR,"Dhing Bazar Station, Dhing Town, Assam.."
DC,MAGUDANCHAVADI,SR,"Magudanchavadi, Tamil Nadu, India"
DCA,DAMCHARA,NFR,"788817, India"
DCAB,D CABIN,SECR,"D Cabin, Bhilai Charoda, Chhattisgarh .."
DCH,DINHATA COLLEGE H,NFR,"Karishal, West Bengal 736135, India"
DCK,DHANDHUKA,WR,"Dhandhuka, Gujarat, India"
DCP,DAL CHAPRA F,NER,"Ballia, Uttar Pradesh, India"
DCU,DAMALCHERUVU,SCR,"Damalcheruvu, Andhra Pradesh, India"
DCX,DHANIACHHA,ECR,"Chancha Tal, Bagatpur, Varanasi, Uttar.."
DD,DAUND JN,CR,"Daund Railway Station, Daund, Maharash.."
DDA,DURAUNDHA JN,NER,"Siwan, Bihar, India"
DDC,DUM DUM CANT,ER,"3rd Bye Lane, Bediapara, South Dum Dum.."
DDCC,DAUND CHORD LINE,CR,"Girim, Maharashtra, India"
DDCE,DUNDI,WCR,"Dundi Railway Station, Madhya Pradesh,.."
DDCL,DOMBIVLI CONTROL CABIN,CR,
DDD,DHONDHA DIH,NER,"Uttar Pradesh, India"
DDDA,DUDDEDA,SCR,"SH1, Duddeda, Siddipet District State:.."
DDDM,DEEN DAYAL DHAM,NCR,"Farah, Uttar Pradesh, India"
DDE,DONDAICHA,WR,"Dondaicha, Maharashtra, India"
DDGA,DUGDA,ECR,"Dugda, Dugda, Jharkhand 828404, India"
DDGJ,DEEDAR GANJ,ECR,"Sabalpur, Bihar, India"
DDJ,DUM DUM,ER,"Dum Dum, Satpukur, Kolkata, West Benga.."
DDK,DHINDSA,NR,"Dhindsa, Punjab, India"
DDL,DHANDARI KALAN,NR,"Dhandari Kalan, Ludhiana, Punjab, India"
DDM,DAM DIM,NFR,"Jalpaiguri, West Bengal, India"
DDMT,DARIMETA,CR,"Chhindwara, Madhya Pradesh, India"
DDN,DEHRADUN,NR,"Dehradun Railway Station, Govind Nagar.."
DDNA,DUDHAUNDA H,NER,"Dhanauda, Haryana, India"
DDNI,DUDHNOI,NFR,"783124, India"
DDP,DAUDPUR,NER,"Saran, Bihar, India"
DDR,DADAR,WR,"Dadar West, Mumbai, Maharashtra, India"
DDU,PT DEEN DAYAL UPADHYAY JN,ECR,"Mughal Sarai, Uttar Pradesh, India"
DDV,DADHDEVI,WCR,"Rajasthan, India"
DDW,DUDWA,NER,"Paliya-Dudhwa-Chandan Chowki Rd, Uttar.."
DDWA,DEEDWANA,NWR,"Didwana, Tehsil - Lalsot, Dist. - Daus.."
DDX,DHAMDHAMIA,ER,"Talegaon Dhamdhere, Maharashtra, India"
DDY,DUDWINDI,NR,"Punjab 144620, India"
DEA,DIARA,ER,"Diara, West Bengal, India"
DEB,DEBAGRAM,ER,"Debagram, West Bengal, India"
DEC,DELHI CANTT,NR,"Delhi Cantonment, New Delhi, Delhi 110.."
DEE,DELHI S ROHILLA,NR,"Sarai Rohilla, New Delhi, Delhi 110007.."
DEEG,DEEG,NCR,"Deeg, Rajasthan, India"
DEG,DELANG,ECOR,"Delang, Orissa, India"
DEHR,DEHU ROAD,CR,"Dehu Road Railway Station, Dehuroad Ca.."
DEL,DENDULURU,SCR,"denduluru, Andhra Pradesh, India"
DELI,DEOLI,CR,"Deoli, Maharashtra 442101, India"
DELO,DEORAKOT,NR,"Faizabad, Uttar Pradesh, India"
DEMU,DEMU,ECR,"Hundru, Jharkhand, India"
DEO,DEOKALI,NER,"Deokali, Uttar Pradesh, India"
DEOR,DIYODAR,WR,"Deodar, St. Johns Wood, Sadduguntepaly.."
DEOS,DEORIA SADAR,NER,"New Colony, Deoria, Uttar Pradesh, India"
DEP,DEPALSAR,NWR,"Churu, Rajasthan, India"
DEPI,DEENAPATTI,ECR,"Rampur, Bihar, India"
DER,DADRI,NCR,"Dadri, Uttar Pradesh, India"
DES,DESARI,ECR,"Desri, Bihar, India"
DET,DET,NWR,"Shivpura, Rajasthan 312901, India"
DEV,DEVARAYI,SWR,"Belgaum, Karnataka, India"
DEW,DEWALGAON,SECR,"Gondia, Maharashtra, India"
DFR,DEOGAN ROAD,ECOR,"Balangir, Orissa, India"
DG,DINDIGUL JN,SR,"Dindigul Junction Railway Station, Din.."
DGA,DIGHWARA,ECR,"Mirpur Bhual, Dighwara, Bihar, India"
DGB,DANDU GOPALAPURARN H,ECOR,"Dandu Gopalapuram Halt, Andhra Pradesh.."
DGBH,DIGHA BRIDGE HALT,ECR,"Danapur Main Road, Yadav Colony, Patna.."
DGBZ,DONGRI BUZURG,SECR,"Balaghat, Madhya Pradesh, India"
DGD,DANGIDHAR,WCR,"Gangadhar, Madhya Pradesh, India"
DGDG,DURGADA GATE,SCR,"Durgada Gate Station, Durgada, Andhra .."
DGF,DHANGARIA PH,SER,"Bankura, West Bengal, India"
DGG,DONGARGARH,SECR,"Dongargarh, Chhattisgarh, India"
DGHA,DIGHA FLAG STN,SER,"Digha, New Digha, West Bengal, India"
DGHL,DIGHAL,NR,"MDR 122, Haryana, India"
DGHR,DEOGHAR,ER,"Deoghar, Jharkhand, India"
DGHT,DIGHA H,ECR,"Digha Halt Railway Station, Bansghat R.."
DGI,DUNGRI,WR,"Dungari Railway Station, Dungari, Guja.."
DGJ,DUNGAR JN,WR,"Dungar, Gujarat, India"
DGLE,DHULIAN GANGA,ER,Ganga
DGN,DONGARGAON,CR,"Dongargaon, Chhattisgarh, India"
DGNH,DERGAON H,ECR,"Dergaon, Assam, India"
DGNR,DURGANAGAR F,ER,"Durganagar, Borim, Goa, India"
DGO,DURGAUTI,ECR,"Bihar, India"
DGPP,DHENGLI PP GOAN,SCR,"Parbhani, Maharashtra, India"
DGQ,DUGDOL,NWR,"Dugdol Nani, Gujarat 385310, India"
DGR,DURGAPUR,ER,"Durgapur, West Bengal, India"
DGS,DAGORI,SECR,"Dagori, Chhattisgarh, India"
DGU,DIGARU,NFR,"Kamrup, Assam, India"
DGW,DHIGAWARA,NWR,"Alwar, Rajasthan, India"
DGX,DAHGAON,NFR,"Dahigaon, Maharashtra, India"
DGZ,DEVIGANJ,ECR,"Khaira, Bihar 854338, India"
DH,DIAMOND HARBOUR,ER,"Diamond Harbour, West Bengal, India"
DHA,DHEENA,ECR,"Dheena, Uttar Pradesh, India"
DHAE,DAINHAT,ER,"Dainhat, West Bengal"
DHBI,DHABAULI HALT,ECR,
DHD,DAHOD,WR,"Dahod Railway Station, Dahod, Gujarat,.."
DHE,DOBHI H,NER,"Dobhi, Bihar, India"
DHF,DAHEJ,WR,"Dahej, Gujarat, India"
DHG,DHRANGADHRA,WR,"Surendranagar, Gujarat, India"
DHH,DINHATA,NFR,"Dinhata, West Bengal, India"
DHI,DHULE,CR,"Dhule, Maharashtra, India"
DHJ,DHINOJ,WR,"State Highway 55, Dhinoj, Gujarat, India"
DHK,DHAKURIA F,ER,"Sarat Ghosh Garden Rd, Dhakuria, Babu .."
DHKR,DHODA KHEDI,NR,"Haryana 136118, India"
DHL,DEVANAHALLI,SWR,"Devanahalli, Karnataka, India"
DHM,DADHAL INAM,WR,"Dadhal, Ankleshwar, Gujarat 393001, In.."
DHMZ,DHOLA MAZRA,NR,"Kurukshetra, Haryana, India"
DHN,DHANBAD JN,ECR,"Dhanbad, Jharkhand 826001, India"
DHNA,DHACHNA,NFR,"Dhachna, Bihar 854317, India"
DHND,DHINDA,NWR,"Jaipur, Rajasthan, India"
DHNE,DHONE,SCR,"S S Colony, Dhone, Andhra Pradesh, India"
DHNR,DHANORA DECCAN,SCR,"Dhanora Deccan Station, Maharashtra, I.."
DHO,DHAULPUR,NCR,"Dhaulpur Railway Station, Dholpur, Raj.."
DHOA,DHAULPUR,NCR,"Dholpur NG, Dhaulpur Railway Station, .."
DHP,DICHPALLI,SCR,"Dichpally, Andhra Pradesh, India"
DHPD,DAHAPARA DHAM,ER,"Ghanasyampur, West Bengal, India"
DHPR,DAPPAR,NR,"160104, India"
DHQ,DHARAKHOH,CR,"Dharangaon, Maharashtra, India"
DHR,DHARNAODA,WCR,"Dharnawada, Rajasthan, India"
DHRJ,DHIRGANJ,NR,"Pratapgarh, Uttar Pradesh, India"
DHRN,DHURANA,NR,"Dhurana, Haryana, India"
DHRR,DHIRERA,NWR,"Dherera, Rajasthan, India"
DHRY,DHAIPUKHURI,NFR,"Padumpukhuri, Mahabhairab, Tezpur, Assam"
DHT,DHAMARA GHAT,ECR,"Khagaria, Bihar, India"
DHU,DHUBULIA,ER,"Dhubulia Kudiram Sangha, West Bengal, .."
DHW,DHARIWAL,NR,"Dhariwal, Punjab, India"
DHWN,DANIYAWAN F,ECR,"Daniyawan, SH 4, Bihar, India"
DHY,DHARODI,NR,"Dharwad, Karnataka, India"
DI,DOMBIVILI,CR,"Dombivli, Dombivli West, Dombivli, Mah.."
DIA,DIDWANA,NWR,"Adarsh Nagar, Didwana, Rajasthan, India"
DIB,DIBAI,NR,"Dibai, Uttar Pradesh, India"
DIBL,DHOLI BHAL,WR,"Dholi bhal, Gujarat, India"
DIC,DAHISAR,WR,"Dahisar West, Maharashtra, India"
DIG,DUGGIRALA,SCR,"Railpeta, Duggirala, Andhra Pradesh, I.."
DIH,DHARUADIHI,SER,"State Highway 24, Orissa, India"
DIL,DILAWARNAGAR,NR,"Uttar Pradesh, India"
DIM,DHANSIMLA PH,SER,"Red Hills Rd, Chennai, Tamil Nadu, India"
DING,DING,NWR,"Ding Railway Station, Haryana, India"
DINR,DIVINE NAGAR,SR,"Divine Nagar, Valiakulam, Changanasser.."
DIP,DIPORE,CR,"Udaipur, Rajasthan, India"
DIR,DHANAPUR ORISSA,ECOR,"Jayantigiri Bus Stop, National Highway.."
DISA,DISA,WR,"Deesa, Gujarat, India"
DIT,DOHRIGHAT,NER,"Dohrighat, Uttar Pradesh, India"
DIU,DHING,NFR,"Dhing, Assam, India"
DIVA,DIVA,CR,"Diva Gaon, Maharashtra, India"
DIW,DHILWAN,NR,"Kapurthala, Punjab, India"
DIWR,DIGWAR HALT,ECR,
DJ,DARJEELING,NFR,"Darjeeling Rly Station, Hill Cart Road.."
DJA,DAOTUHAJA,NFR,"Dima Hasao, Assam, India"
DJD,DIDARGANJ ROAD,NER,"Uttar Pradesh, India"
DJG,DULIAJAN,NFR,"Assam 786692, India"
DJHR,DEOJHAR,SER,"Unnamed Road, Sialijoda, Odisha 758038.."
DJI,DHORAJI,WR,"Rajkot, Gujarat, India"
DJL,DODJALA H,SWR,"Doddajala, Karnataka, India"
DJR,DOMJUR,SER,"Domjur, West Bengal, India"
DJRZ,TO DARJEELING,NFR,"ROAD TO TLDP - III, West Bengal, India"
DJS,DHURANT JWAS H,ECR,"Lakhisarai, Bihar, India"
DJX,DUNGRIPALI,ECOR,"Dunguripali, Odisha, India"
DK,DAKOR,WR,"Kheda, Gujarat, India"
DKAE,DANKUNI,ER,"Station Pally, West Bengal, India"
DKB,DAKSHINBARI,SER,"Dakshindari, Kolkata, West Bengal, India"
DKBJ,DAHAR KA BALAJI,NWR,"Jhotwara Industrial Area, Jaipur, Raja.."
DKC,DEVARKADRE,SCR,"Devarkadra Railway Station, Devarkadra.."
DKD,DONAKONDA,SCR,"Donakonda, Andhra Pradesh, India"
DKDE,DANKAUR,NCR,"Dankaur, Uttar Pradesh, India"
DKDP,DAKSHIN DURGAPUR H,ER,"Dakshin Durgapur, West Bengal, India"
DKE,DIHAKHO,NFR,"Assam 788832, India"
DKGN,DEKARGAON,NFR,"Dekargaon Railway Station, Dekachuburi.."
DKGS,DINKAR GRAM SIMARIA,ECR,"Simaria, Bihar 851118, India"
DKI,DHARMKUNDI,WCR,"Dharmapuri, Andhra Pradesh, India"
DKJ,DORNAKAL JN,SCR,"Dornakal Railway Station, Dornakal, An.."
DKJR,DHEKIAJILI ROAD,NFR,"No.1 Panbari Bagan, Assam 784111, India"
DKLU,DOIKALLU,ECOR,"Karkala, Karnataka, India"
DKM,DIKOM,NFR,"Naduwa T.E., Assam, India"
DKMN,D KURHMA NARESH HALT,ECR,"Kadiahi Khurd, Bihar 824121, India"
DKN,DEVANGONTHI,SWR,"Devanakonda, Andhra Pradesh, India"
DKO,DEVAKOTTAI ROAD,SR,"Tamil Nadu, India"
DKR,DEKPURA H,ECR,"Sikandarpur Digpura, Bihar 803119, India"
DKRA,DHUANKHERI,WCR,"Madhya Pradesh, India"
DKRD,DOCKYARD ROAD,CR,"Dockyard Rd, Mumbai, Maharashtra, India"
DKS,DAREKASA,SECR,"Gondia, Maharashtra, India"
DKSA,DRAKSHARAMA,SCR,"Draksharamam, Andhra Pradesh, India"
DKT,DHULKOT,NR,"133006, India"
DKU,DUMRI KHURD,SECR,"Nagpur, Maharashtra, India"
DKUR,DOKUR,SCR,"Dokur Railway Station, Meenuguvanipall.."
DKW,DHANAKWADA,WR,"Dhankawadi, Pune, Maharashtra, India"
DKWA,DOKWA,NWR,"Rajasthan, India"
DKX,DUDHWAKHARA,NWR,"Dudhwakhara, Rajasthan, India"
DKY,DHOKI,CR,"Maharashtra, India"
DKZ,DELHI KISHANGNJ,NR,"Kishanganj Railway Station, Kishan Gan.."
DL,DALADI,WR,"Rajkot, Gujarat, India"
DLA,DAULTA,NCR,"Targuwan, Uttar Pradesh 284126, India"
DLB,DAULATABAD,SCR,"Maharashtra, India"
DLC,DALMERA,NWR,"Bikaner, Rajasthan, India"
DLCR,DULLABCHERRA,NFR,"Dullabcherra, Assam, India"
DLD,DALAUDA,WR,India
DLDE,DALDALI,NFR,"Dulduli, Hingalganj, West Bengal, India"
DLF,DALAN,NFR,"Dalan Chapra, Bihar, India"
DLGN,DHALGAON,CR,"Maharashtra, India"
DLI,DELHI,NR,"Old Delhi Junction, Hamilton Road, New.."
DLJ,DHOLA JN,WR,"Dhola, Gujarat, India"
DLK,DALKOLHA,NFR,"Farsara, Bihar, India"
DLM,DASKALGRAM,ER,"Daskolgram, West Bengal 731301, India"
DLMH,DHAULIMUHAN,ECOR,"Dhaulimuhan, Odisha, India"
DLN,DILDARNAGAR JN,ECR,"DLN Rd, Dildar Nagar, Bihar, India"
DLO,DALGAON,NFR,"Birpara, West Bengal, India"
DLP,DALPATPUR,NR,"Moradabad, Uttar Pradesh, India"
DLPC,DAULATPUR CHOWK,NR,"Daulatpur, Ghanari, Una, Himachal Prad.."
DLPH,DAULATPUR HAT,NFR,"Uttar Dinajpur, West Bengal, India"
DLPI,DELHI INDRAPURI H,NR,"Naraina Vihar, Naraina, New Delhi, Del.."
DLPR,DAYALPUR,NR,"Saraidina, Uttar Pradesh 212507, India"
DLPT,DULAKHAPATNA PH,ECOR,"Jajpur, Odisha, India"
DLQ,DALELNAGAR,NR,"Hardoi, Uttar Pradesh, India"
DLR,DULLAHAPUR,NER,"Dullahapur, Uttar Pradesh, India"
DLSR,DALHOUSI ROAD,NR,"Dalhousie Rd, Chakki, Punjab, India"
DLV,DOLAVI,CR,"Raigad, Maharashtra, India"
DLW,DILWA,ECR,"Dilwa Station, Jharkhand, India"
DLX,DALIMGAON,NFR,"Nimgaon, Maharashtra, India"
DLZ,DHOLBAZA,NFR,"Araria, Bihar, India"
DMA,DAMODAR JN,SER,"Purulia, West Bengal, India"
DMBR,DUMRI BIHAR,ECR,"Dumri, Bihar, India"
DMC,DHEMAJI,NFR,"Assam 787057, India"
DMD,DHARMADAM H,SR,"Dharmadom, Kerala, India"
DME,DAMNAGAR,WR,"SH 115, Damnagar, Gujarat, India"
DMF,DUMETRA,SER,"Odisha 769011, India"
DMG,DOMINGARH,NER,"Gorakhpur, Uttar Pradesh, India"
DMGN,DHAMALGAON,NFR,"Hapekhati Gaon, Assam 786004, India"
DMH,DAURAM MADHPURA,ECR,"Madhepura, Bihar, India"
DMJR,DOMJUR ROAD,SER,"Baghpara, Domjur, Howrah, West Bengal .."
DMK,DILMILI,ECOR,"Dantewada, Chhattisgarh, India"
DML,DHARAMTUL,NFR,"Dharamtul, Assam, India"
DMLE,DUMURDAHA,ER,"Dumurdahadham, West Bengal, India"
DMM,DHARMAVARAM JN,SCR,"Dharmavaram, Andhra Pradesh, India"
DMN,DHAMANGAON,CR,"Dhamangaon, Maharashtra, India"
DMNJ,DAMANJODI,ECOR,"Damanjodi, Orissa, India"
DMO,DAMOH,WCR,"Damoh Railway Station, Damoh, Madhya P.."
DMP,DHARMPUR HMCHL,NR,"Solan, Himachal Pradesh, India"
DMPR,DHARAMPUR,NR,"Uttar Pradesh, India"
DMR,DHARMANAGAR,NFR,"Dharmanagar, Tripura, India"
DMRT,DUMURIPUT,ECOR,"Dumuriput, Odisha, India"
DMRX,DUMRI HALT,ECR,"Dumri, Bihar 811302, India"
DMSR,DHIMSIRI HALT,NCR,"Dhimsiri, Uttar Pradesh 283111, India"
DMT,DIGUVAMETTA,SCR,"Diguvametta, Andhra Pradesh, India"
DMU,DHAMUA,ER,"Sherpur Dhamua Rd, West Bengal, India"
DMV,DIMAPUR,NFR,"Nagaland 797117, India"
DMW,DALMAU JN,NR,"Dalmau, Rae Bareli, Uttar Pradesh, India"
DMYA,DAMAY,WCR,"Madhya Pradesh, India"
DMZ,DUMDANGI,NFR,"National Highway 31, Sonapur, West Ben.."
DN,DHANARI,NR,"Dhanora, Maharashtra, India"
DNA,DEGANA JN,NWR,"Degana, Rajasthan 341503, India"
DNDI,DHONDI,SCR,"Parbhani, Maharashtra, India"
DNDL,DANDIMAL PH,ECOR,"Dhenkanal, Orissa, India"
DNE,DHAMNI,SCR,"Dhami, Jharkhand, India"
DNEA,DANEA,ECR,"Dana, Uttaranchal, India"
DNGD,DUNGARDA,WR,"Dungarpur, Rajasthan, India"
DNGI,DANGARI,NFR,"Dengari, Rajasthan, India"
DNH,DEONAGAR,ECR,"Ratari, Jharkhand, India"
DNHK,DHINDHORA HKMKD,WCR,"Dausa, Rajasthan, India"
DNHL,DHANIAKHALI H,ER,"Dhaniakhali, West Bengal, India"
DNI,DANSI PH,SER,"Tentulkuli, West Bengal, India"
DNJ,DAUNDAJ,CR,"Daund, Maharashtra, India"
DNK,DHANAKYA,NWR,"Dhankya Station Road, Rajasthan, India"
DNKL,DHENKANAL,ECOR,"Dhenkanal, Orissa, India"
DNL,DHANOLI PH,SECR,"Gondia, Maharashtra, India"
DNM,DHANMANDAL,ECOR,"Dhanmandal, Odisha, India"
DNN,DINA NAGAR,NR,"Punjab 143531, India"
DNQ,DANDKHORA,NFR,"Bihar, India"
DNR,DANAPUR,ECR,"Danapur Railway Station, Danapur, Khag.."
DNRA,DHANDHERA,NR,"Haridwar, Uttarakhand, India"
DNRE,DHANAURI,ER,"Rampur, Bihar 811310, India"
DNRP,DUNGARPUR,NWR,"Dungarpur, Rajasthan, India"
DNT,DANTAN,SER,"Dantan, West Bengal, India"
DNU,DALSANUR,SWR,"Kolar-Srinivaspur Rd, Hoohalli, Karnat.."
DNUA,DHANSURA,WR,"Dhansura, Gujarat, India"
DNV,DONKINAVALASA,ECOR,"Rajam Road, Badangi, Andhra Pradesh, I.."
DNW,DANGARWA,WR,"Mehsana, Gujarat, India"
DNWH,DANIYAWAN BZR H,ECR,"Daniawan, Bihar 803201, India"
DNWR,RAJDHANWAR,ECR,"Rajdhanwar, Jharkhand 815302, India"
DNX,DHANSU,NR,"Haryana 125044, India"
DO,DAUSA,NWR,"Dausa Railway Station, National Highwa.."
DOA,DORAHA,NR,"Doraha, Punjab, India"
DOB,DUNDLOD MKDGRH,NWR,"Jhunjhunu, Rajasthan, India"
DOBH,DEOBAHAL,ECOR,
DOC,DAUN KALAN,NR,"Daun Kalan, Punjab, India"
DOD,DHODHAR,WR,"Dhodar, Madhya Pradesh, India"
DODH,DODH,NR,"Dodh, Punjab, India"
DOE,DEORI,WCR,"Deori Railway Station, Madhya Pradesh,.."
DOH,DHODRA MOHAR,CR,"Bhoura, Madhya Pradesh, India"
DOI,DOMOHANI,NFR,"Teesta Bridge - Singimari Bypass, Domo.."
DOK,DHOLKA,WR,"Dholka, Gujarat, India"
DOKM,DOKRA H,ECR,"Baliapur Hirak Rd, Dhanbad, Jharkhand .."
DOKY,DUKHERI,NR,"Kheri, Uttar Pradesh, India"
DOL,DHOLI,ECR,"Bihar, India"
DOLK,DHOLIKUVA,WR,"Dholikuva, Gujarat, India"
DON,DONTA,WR,"Donta, Madhya Pradesh 455001, India"
DOR,DUNDARA,NWR,"Dundahera, Udyog Vihar, Gurgaon, Harya.."
DORD,DEO ROAD,ECR,"Vin Deo Cir, Indio, CA 92201, USA"
DOS,DEHRI ON SONE,ECR,"Dehri On Sone Railway Station, Dehri, .."
DOT,DHAKIA TIWARI H,NER,"Shahjahanpur, Uttar Pradesh, India"
DOTL,DEOTALA,NFR,"Maldah, West Bengal, India"
DOW,DAVOL,WR,"Davol, Gujarat, India"
DOX,DOHNA,NER,"Bareilly, Uttar Pradesh, India"
DOY,DORNAHALLI,SWR,"Marenahalli, Karnataka, India"
DOZ,DAURAI,NWR,"Rajasthan, India"
DPA,DURGAPURA,NWR,"Durgapura, Vasundhara Colony, Rajastha.."
DPC,DARLIPUT,ECOR,"Koraput, Orissa, India"
DPD,DOSAPADU,SCR,"Dosapadu, Andhra Pradesh, India"
DPDH,DHANPATDIH,ER,"Dhanpatdih, Jharkhand 814118, India"
DPDP,DHAPDHAPI,ER,"Dhapdhapi, West Bengal, India"
DPE,DEVARAPALLI,SWR,"Devarapalli, Andhra Pradesh, India"
DPH,DADHAPARA,SECR,"Budhapara, Raipur, Chhattisgarh, India"
DPI,DODDAMPATTI,SR,"Oddappatti, Tamil Nadu, India"
DPJ,DHARMAPURI,SWR,"Dharmapuri Railway Station, Dharmapuri.."
DPK,DHOLIPAL,NWR,"Dholipal, Rajasthan, India"
DPL,DANAULI PHLWRIA,ECR,"Begusarai, Bihar, India"
DPLN,DIPLANA,NWR,"Hanumangarh, Rajasthan, India"
DPNR,DEEPNAGAR H,ECR,"Chhabilapur - Parwalpur Rd, Deep Nagar.."
DPP,DHIRPUR,NR,"Dhirpur, Punjab, India"
DPR,DHAMPUR,NR,"Dhampur, Uttar Pradesh, India"
DPRA,DHUPDHARA,NFR,"Dhupdhara, Assam, India"
DPS,DANGOAPOSI,SER,"Dangoaposi, Jharkhand, India"
DPSR,DAPSAURA,NCR,"Kanpur Nagar, Uttar Pradesh, India"
DPT,DALPAT SINGHPUR,NWR,"7 V, Rajasthan 335023, India"
DPU,DIPHU,NFR,"Assam 782460, India"
DPUR,DEPUR PH,ECOR,"Depur, Odisha, India"
DPW,DHAPEWARA,SECR,"Balaghat, Madhya Pradesh, India"
DPX,DADPUR,ECR,"Dadpur, Odisha, India"
DPZ,DEVPURA,NWR,"Sawai Madhopur, Rajasthan, India"
DQG,DHUPGURI,NFR,"Jalpaiguri, West Bengal, India"
DQL,DHALAIBIL,NFR,"Dhalaibil, Assam, India"
DQN,DHANERA,NWR,"Banaskantha, Gujarat, India"
DQR,KACHEGUDA DBR,SCR,"Bagh-e-Jahan Ara, Madannapet, Hyderaba.."
DR,DADAR,CR,"Dadar Central, Lakhamsi Nappu Rd, Dada.."
DRA,DULARIYA,WCR,Smt Dulari Devi and Sh Bankey Lal Agga..
DRB,DEBARI,NWR,"Rajsamand, Rajasthan, India"
DRBR,DEORAHA BABA ROAD H,NER,"Chakra, Uttar Pradesh, India"
DRD,DAHANU ROAD,WR,"Dahanu Road, Main Road, Malyan, Dahanu.."
DRG,DARSHANNAGAR,NR,"Adarshnagar, Konnagar, West Bengal, In.."
DRGM,DEORAGRAM,WCR,"Madhya Pradesh 486886, India"
DRGU,DAMRUGHUTU,SER,"Damrughutu, West Bengal, India"
DRH,DHARHARA,ER,"Dharahra(South), Bihar 811212, India"
DRHI,DAGAR KHEDI,WCR,"Harda, Madhya Pradesh, India"
DRI,DUMRI JUARA,ECR,"Bihar, India"
DRL,DEROL,WR,"State Highway 5, Kalol, Gujarat, India"
DRLA,DAURALA,NR,"Daurala, Uttar Pradesh, India"
DRN,DEORANIAN,NER,"Bichpuri, Uttar Pradesh 243203, India"
DRO,DARYAOGONJ,NER,"Daryaoganj, Uttar Pradesh 207244, India"
DRPH,DEVRI PH,SECR,"Seoni, Madhya Pradesh, India"
DRQ,DHARMINIYA H,ECR,"Bihar 845433, India"
DRR,DHARUR,SCR,"Dharur, Andhra Pradesh, India"
DRS,DHARESHWAR,NWR,"Pali, Rajasthan, India"
DRSN,DHURWASIN,SECR,"Shahdol, Madhya Pradesh, India"
DRSV,DHARASHIV,CR,"Dharashiv, Maharashtra, India"
DRTP,DASHARATHPUR,ER,"Raghunatpur, Bihar, India"
DRU,KADUR,SWR,"Kadur, Karnataka, India"
DRV,DARAULI,ECR,"Darauli, Bihar, India"
DRW,DHAREWADA,WR,"Patan, Gujarat, India"
DRWN,DEROWAN P. H.,SER,"Derawan Halt, Saranda-Singhbhum Range,.."
DRZ,DALLI RAJHARA,SECR,"Durg, Chhattisgarh, India"
DS,DASNA,NR,"Ghaziabad, Uttar Pradesh, India"
DSA,DELHI SHAHDARA,NR,"Jawala Nagar, Shahdara, New Delhi, Del.."
DSAP,DELHI SHAHDARA A PAN,NR,"Viveka Vihar, Jhilmil Industrial Area,.."
DSB,SADAR BAZAR,NR,"Sadar Bazar, New Delhi, Delhi 110006, .."
DSJ,DELHI SAFDARJNG,NR,"Safdarjung, Netaji Nagar, New Delhi, D.."
DSK,DUSKHEDA,CR,"Walkheda, Maharashtra, India"
DSKG,DSKS NAGAR GARHPURA,ECR,"Garhpura, Bihar 848204, India"
DSL,DESWAL,NWR,"Nagaur, Rajasthan, India"
DSM,DARASURAM,SR,"Darasuram, Tamil Nadu, India"
DSME,DASARA,ECR,"Maskedih, Jharkhand, India"
DSNI,DAUSNI,NR,"Haridwar, Uttarakhand, India"
DSNR,DASHNAGAR,SER,"Dasnagar Railway Station, Howrah, West.."
DSO,DESHNOK,NWR,"Deshnok, Rajasthan, India"
DSPL,DASPALLA,ECOR,"Daspalla, Odisha, India"
DSPN,DESHAPRAN P H,SER,"Deshapran, West Bengal, India"
DSPT,DANISHPET,SR,"Salem, Tamil Nadu, India"
DSR,DHANSIRI,NFR,"Dhansiri, Assam, India"
DSS,DALSINGH SARAI,ECR,"Dalsingh Sarai, Bihar, India"
DST,DASAMPATTI,SR,"Dasampatti, Uthangarai, Tamil Nadu, In.."
DSVS,D SAMUDRAVALLI,SWR,"B.Samudravalli, Karnataka 573225, India"
DSX,DESANG,NFR,"Sorupalengi, Assam, India"
DTAE,DHATRIGRAM,ER,"Dhatrigram, West Bengal, India"
DTAP,DHATURA ALIPUR,SECR,"MP SH 11A, Alipur, Madhya Pradesh 4817.."
DTC,DITOKCHERRA,NFR,"788818, India"
DTE,DEULTI,SER,"Deulti, West Bengal, India"
DTF,DANTIA,NCR,"Alwar, Rajasthan, India"
DTG,DIGNAGAR,ER,"Dignagar, West Bengal 741401, India"
DTJ,DETROJ,WR,"Detroj, Gujarat, India"
DTK,DATTAPUKUR,ER,"Dattapukur, West Bengal"
DTL,DARRITOLA,SECR,"Koria, Chhattisgarh, India"
DTN,DHAMTAN SAHIB,NR,Guruduwara Dhamtan Sahib Novi Patshahi..
DTO,DALTONGANJ,ECR,"Daltonganj Railway Station, Daltonganj.."
DTP,DIVITI PALLI,SCR,"Diviti Palli Station, Divitipally, And.."
DTQ,DATARDA KALAN,NCR,"Madhya Pradesh, India"
DTR,DHAMTARI,SECR,"National Highway 43, Dhamtari, Chhatti.."
DTRA,DANTRA,NWR,"Kothera, Rajasthan 303348, India"
DTRD,DIYATARA ROAD,NWR,"Rajasthan, India"
DTT,DODAANATTA HALT,SWR,
DTV,DHUTRA,SER,"Black Diamond College Road, Jharsuguda.."
DTVL,DATIVLI CABIN,CR,"Thane, Maharashtra, India"
DTW,DATEWAS,NR,"Datewas, Punjab, India"
DTX,DANGTAL,NFR,"Kurulia Dangal Rd, Durgapur, West Beng.."
DUA,DHAURA,NCR,"Dhaura Station, Dhaura, Madhya Pradesh.."
DUAN,DUAN,SER,"Debra-Balichak, Balichak, West Bengal,.."
DUB,DABTARA,NR,"Uttar Pradesh, India"
DUBH,DUBAHA,ECR,"Dubha Station, Bihar, India"
DUD,DUDHANI,CR,"Dudhani Railway Station, Maharashtra, .."
DUE,DUDAHI,NER,"Kushinagar, Uttar Pradesh, India"
DUI,DHURI JN,NR,"Dhuri, Punjab, India"
DUJ,DUBRAJPUR,ER,"Dubrajpur, West Bengal, India"
DUK,DUDIA,NWR,"Dudia, Chhattisgarh, India"
DULP,DAULATPUR HARYANA,NR,"Daulatpur, Haryana, India"
DUM,DHAURMAU JAGHINA,WCR,"Bharatpur, Rajasthan, India"
DUMK,DUMKA,ER,"Dumka, Jharkhand, India"
DUMR,DUMRA,ECR,"Dumra, Bihar, India"
DUN,DUGANPUR,NR,"Durgapur Railway Station, Durgapur, We.."
DUO,DHAURSALAR H,NER,"Kanpur Nagar, Uttar Pradesh, India"
DUR,DESUR,SWR,"Desur, Karnataka, India"
DURE,DUMRAON,ECR,"Dumraon Railway Station, Dumraon, Biha.."
DURG,DURG,SECR,"Durg Railway Station, Durg, Chhattisga.."
DURP,DURGAPURI,NCR,"Semalda, Madhya Pradesh 476337, India"
DUS,DULRASAR,NWR,"Dulrasar Railway Station, Rajasthan, I.."
DUSI,DUSI,ECOR,"Dusipeta Railway Station, Dusi, Andhra.."
DUT,DUM DUMA TOWN,NFR,"Dum Duma, Assam, India"
DUTR,DURIATANR HALT,ECR,"Nima Pahri, Jharkhand 825412, India"
DUU,DUPADU,SCR,"Dupadu, Andhra Pradesh, India"
DVA,DELVADA,WR,"Railway Station Rd, Delvada, Gujarat, .."
DVD,DUVVADA,ECOR,"Duvvada, Vishakhapatnam, Andhra Prades.."
DVG,DAVANGERE,SWR,"Davanagere, Karnataka, India"
DVGM,DEVGAM,WR,"Devgam, Gujarat, India"
DVH,DEVI HALT,SECR,"Chhindwara, Madhya Pradesh, India"
DVJ,DILLIDEWANGANJ,NFR,"West Bengal, India"
DVL,DEVLALI,CR,"DEVLALI, Nashik, Maharashtra, India"
DVM,DALBHUMGARH,SER,"National Highway 33, Dhalbhumgarh, Jha.."
DVN,DEVTHANA H,SCR,"Devthana Station, Maharashtra, India"
DVR,DORAVART CHTRAM,SR,"Nellore, Andhra Pradesh, India"
DWA,DAILWARA,NCR,"Uttar Pradesh, India"
DWD,DHEKVAD,WR,"Nandurbar, Maharashtra, India"
DWDI,DIGHWA DUBAULI,NER,"Dighwa Dubauli Railway Station, Nation.."
DWG,DEWANGANJ,WCR,"Raisen, Madhya Pradesh, India"
DWI,DINGWAI,NCR,India
DWJ,DWARKAGANJ,NR,"Sultanpur, Uttar Pradesh, India"
DWK,DWARKA,WR,"Dwaraka Railway Station, Dwarka, Gujar.."
DWL,DHUWALA,NWR,"Beran, Rajasthan, India"
DWLE,DHAUNI,ER,"Bhagalpur-Hansdiha Road, Naripa, Bihar.."
DWNA,DIWANA,NR,"Diwana, Haryana, India"
DWO,DOIWALA,NR,"Doiwala, Uttarakhand, India"
DWP,DWARAPUDI,SCR,"Dwarapudi Village, Andhra Pradesh, India"
DWR,DHARWAR,SWR,"Dharwad Railway Station, Hubli, Karnat.."
DWT,DEWAN HAT,NFR,"Cooch Behar, West Bengal, India"
DWV,DIWANKHAVATI,KR,"Maharashtra, India"
DWX,DEWAS,WR,"Dewas Railway Station, Dewas, Madhya P.."
DWZ,DANTEWARA,ECOR,"National Highway 16, Gidam, Chhattisga.."
DXD,DIGOD,WCR,India
DXG,DHARANGAON,WR,"Dharangaon, Maharashtra, India"
DXH,DUHAI,NR,"Duhai, Uttar Pradesh, India"
DXK,DHANA KHERLI,NCR,"Bharatpur, Rajasthan, India"
DXN,DUDDHINAGAR,ECR,"Dudhinagar, Uttar Pradesh, India"
DXR,DIGSAR,WR,"Surendranagar, Gujarat, India"
DXU,DOHRU,NCR,"Kanpur Nagar, Uttar Pradesh, India"
DY,DUMARIYA,WCR,"Bharatpur, Rajasthan, India"
DYD,DARYABAD,NR,"Barabanki, Uttar Pradesh, India"
DYE,DAYANAND NAGAR,SCR,"Dayanand Nagar, Uttam Nagar, Malkajgir.."
DYK,DUDHIA KHURD,NER,"Uttar Pradesh, India"
DYP,DARYAPUR,NR,"Uttar Pradesh, India"
DYU,DIYURI H,NER,"Hanuman Mandir Rd, Kanjurmarg East, Bh.."
DYW,DIYAWAN H,ECR,"SH 4, Bihar 801305, India"
DZA,DASUYA,NR,"Dasuya Railway Station, National Highw.."
DZB,DAHINA ZAINABAD,NWR,"Masit Bus Stop, Masit - Rampuri Road, .."
DZK,DURGACHAK,SER,"Durgachak, Haldia, West Bengal, India"
DZKT,DURGACHAK TOWN,SER,"Durgachak Town Railway Station, Durgac.."
DZL,DHANA LADANPUR,NWR,"Dhana Ladanpur, Haryana, India"
DZP,DARAZPUR,NR,"Durgapur, West Bengal, India"
ED,ERODE JN,SR,"Erode Junction Railway Station, Erode,.."
EDD,EDDULADODDI,SCR,"Undraldoddi, Andhra Pradesh, India"
EDG,EDEN GARDEN,ER,"Eden Garden, Hosur, Tamil Nadu, India"
EDN,EDAMANN,SR,"Edamon, Kerala, India"
EDP,EDAPALAYAM HALT,SR,"691309, India"
EDU,ERIODU,SR,"Government Hospital, Ayyalur Rd, Tamil.."
EE,ELURU,SCR,"Eluru Railway Station, Eluru, Andhra P.."
EGT,EGATTUR,SR,"Egattur, Tamil Nadu 631203, India"
EGU,IRANAGALLU,SCR,"Warangal, Andhra Pradesh, India"
EKC,EKCHARI,ER,"Bhagalpur, Bihar, India"
EKH,EKSARI,ECR,"Eksari, Bihar 811105, India"
EKI,EKLAKHI,NFR,"Eklakhi, West Bengal, India"
EKL,EKDIL,NCR,"Ekdil, Uttar Pradesh, India"
EKM,EKAMBARAKUPPAM,SR,"Chittoor, Andhra Pradesh, India"
EKMA,EKMA,NER,"Bihar, India"
EKN,EZHUKONE,SR,"Ezhukone, Kerala, India"
EKNR,EKTA NAGAR,WR,"Kevadiya, Gujarat 393151, India"
EKR,EKANGARSARAI,ECR,"Nalanda, Bihar, India"
EL,ELAMANUR,SR,"Elamanur, NH 67, Thirupparaithurai, Ta.."
ELL,ERALIGUL,NFR,"Kabaribond Pt II, Assam 788724, India"
ELM,ELIMALA,SR,"Thekkumbad, Kerala, India"
ELR,ELAVUR,SR,"Elavur, Tamil Nadu, India"
EN,ISAND,WR,"Gandhinagar, Gujarat, India"
ENB,ELLENABAD,NWR,"Ellenabad, Haryana, India"
ENR,ENNORE,SR,"Parry Road, Gandhi Nagar, Ennore, Chen.."
ERC,ERICH ROAD,NCR,"Poonchh, Uttar Pradesh 284306, India"
ERL,ERANIEL,SR,"Eraniel, Tamil Nadu, India"
ERN,ERNAKULAM TOWN,SR,"Ernakulam Town, Xavier Arakkal Road, A.."
ERS,ERNAKULAM JN,SR,"Karshaka Road, Elamkulam, Ernakulam, K.."
ESV,ISIVI,SCR,"Isivi Station, Andhra Pradesh, India"
ET,ITARSI JN,WCR,"Itarsi Junction Railway Station, Itars.."
ETAH,ETAH,NCR,"Etah - Kasganj Road, Etah, Uttar Prade.."
ETK,ETAKKOT,SR,"Kachin, Burma"
ETM,ETTUMANUR,SR,"Kerala, India"
ETMD,ETTIMADAI,SR,"Ettimadai, Tamil Nadu, India"
ETP,ETTAPUR ROAD,SR,"Partapur Rd, Partapur, Uttar Pradesh, .."
ETR,ELATTUR,SR,Elatt Cape
ETUE,ETMADPUR,NCR,"Firozabad, Uttar Pradesh, India"
ETW,ETAWAH,NCR,"Etawah, Uttar Pradesh, India"
EVA,EDAVAI,SR,"Edava Kunnumpuram Rd, Vettakada, Edava.."
EZP,EZHUPUNNA,SR,"Ezhupunna, Kerala, India"
FA,FALNA,NWR,"Falna Railway Station, Falna, Rajastha.."
FAB,FATEHABAD,NCR,"Fatehabad, Uttar Pradesh 283111, India"
FAH,FATEHA H,ECR,"Bihar, India"
FAN,FATEHNAGAR,NWR,"Fatehnagar, Rajasthan, India"
FAP,FAKHARPUR H,NR,"Fakharpur, Uttar Pradesh, India"
FAR,FARAH,NCR,"Farah, Uttar Pradesh, India"
FBD,FARRUKHABAD,NER,"Thandi Sadak Station Road, Farrukhabad.."
FBG,FORBESGANJ,NFR,"Forbesganj, Bihar, India"
FDB,FARIDABAD,NR,"121003, India"
FDK,FARIDKOT,NR,"Faridkot, Punjab, India"
FDN,FARIDABAD NW TN,NR,"Faridabad, Haryana 121001, India"
FGCN,FATEHGARH CHURIAN,NR,"Fatehgarh Churian, Punjab, India"
FGH,FATEHGARH HARYANA,NWR,"Fatehgarh, Punjab, India"
FGR,FATEHGARH,NER,"Fatehgarh, Uttar Pradesh, India"
FGSB,FATEHGARH SAHIB,NR,"Punjab 140407, India"
FHT,FARAH TOWN,NCR,"Farah, Uttar Pradesh, India"
FK,FEROK,SR,"Feroke Railway Station, Feroke, Kerala.."
FKA,FAZILKA,NR,"Fazilka Railway Station, Fazilka, Punj.."
FKB,FAKHRABAD,SCR,"Fakhrabad, Basara Rd, Maharashtra, India"
FKG,FURKATING JN,NFR,"Forkating Jn, Furkating, Assam, India"
FKM,FAKIRAGRAM JN,NFR,"Assam 783345, India"
FL,PHULERA JN,NWR,"Phulera Railway Station, Rajasthan, In.."
FLCK,FAZALCHAK,ECR,"Patna, Bihar 804451, India"
FLD,PHULAD,NWR,"Phulad, Rajasthan, India"
FLK,FALAKATA,NFR,"Falakata Railway Station, Rabindra Nag.."
FLM,FALIMARI,NFR,"Cooch Behar, West Bengal, India"
FLR,PHULESWAR,SER,"National Highway 6, Uluberia, West Ben.."
FLU,PHULIA,ER,"Dhule, Maharashtra, India"
FM,KCG FALAKNUMA,SCR,"Falaknuma, Hyderabad, Andhra Pradesh, .."
FN,FARUKHNAGAR,NR,"Virudhunagar, Tamil Nadu, India"
FNB,FATEHNAGAR BRIDGE,SCR,"Shastri Nagar, Fatehnagar, Begumpet, H.."
FNO,FUNGO H,ECR,"Dhamara Ghat, Bihar 852127, India"
FPAW,FATEHPUR ATWA HALT,NER,"Kotawalipur, Uttar Pradesh 233001, India"
FPMP,FATEHPUR MAKRANDPUR,NCR,"Mahepa Jagir, Uttar Pradesh 203202, In.."
FPS,FATEHPUR SKHWTI,NWR,"Raghunathpura Bus Stand, National High.."
FRD,FARHEDI H,NR,"Moradabad, Uttar Pradesh, India"
FRDH,FARIDAHA,NER,"Faridabad, Haryana, India"
FRH,FARHANTNAGAR,NR,"Shantinagar, Andhra Pradesh, India"
FSG,PHURSUNGI,CR,"Wadki, Maharashtra 412308, India"
FSP,FATEH SINGHPURA,WCR,"Rajasthan, India"
FSR,FAQARSAR,NR,"Fakarsar, Punjab, India"
FSW,FATEH SINGHWALA,NWR,
FTC,FATEHPUR CHAURASI,NR,"Fatehpur Chaurasi, Uttar Pradesh, India"
FTD,FATEHABAD CH.JN,WR,"Fatehabad, Madhya Pradesh, India"
FTG,FURSATGANJ,NR,"Fursatganj, Uttar Pradesh, India"
FTH,FATUHI,NR,"Fatwah, Bihar, India"
FTP,FATEHPUR,NCR,"Krishna Colony, Harihar Ganj, Fatehpur.."
FTS,FATEHPUR SIKRI,NCR,"Bharatpur, Rajasthan, India"
FUT,FATUHA JN,ECR,"Fatuha, Bihar 803201, India"
FYZ,FAIZULLAPUR,NCR,"Allapur, Uttar Pradesh, India"
FZD,FIROZABAD,NCR,"Firozabad, Uttar Pradesh, India"
FZGH,FEROZGUDA HALT,SCR,"Ferozguda, Bowenpally, PIN - 500042, H.."
FZL,FAZALPUR,NR,"Fazalpur, West Bengal, India"
FZP,FIROZPUR CITY,NR,"Ferozepur Railway Station, Ferozepur, .."
FZR,FIROZPUR CANT,NR,"Ferozepur Cantonment Railway Station, .."
G,GONDIA JN,SECR,"Gondia Junction Railway Station, Rail .."
GA,GUDHA,NWR,"Gudha, Rajasthan, India"
GAA,GALAN,CR,"Galan, Maharashtra, India"
GAD,GEVRA ROAD,SECR,"Gevra-Kusmunda Rd, Kuchaina, Chhattisg.."
GADH,GOALDIH,ECOR,"Kendujhar, Orissa, India"
GADJ,GANDHINAGAR JPR,NWR,"Shanti Niketan Colony, Tonk Phatak, Ja.."
GADM,GANGA DHAM,NER,"Ganga Dham, Burhanj Baug-B Colony, Bib.."
GAE,GAIPURA,NCR,"Gaipura, Uttar Pradesh, India"
GAG,GANGAGHAT,SER,"Ranaghat, West Bengal, India"
GAGA,GALGALIA,NFR,"Galgalia Railway Station, Bihar, India"
GAH,GAWNAHA,ECR,"Guwahati, Assam, India"
GAHT,GHUSIA HALT,ECR,"Ghusia Halt, Ghosiya Khurd, Bihar 8022.."
GAI,GAUCHHARI,ECR,"Ochhari, Rajasthan, India"
GAJ,GANESHGANJ,WCR,"Ganeshganj, Madhya Pradesh, India"
GAJB,GAJARA BAHARA,WCR,"Gajara Bahara, Madhya Pradesh 486886, .."
GAJU,GAJU H,NR,"Hardoi, Uttar Pradesh, India"
GAL,GHATALA,NWR,"Hatala, Maharashtra, India"
GALE,GANKAR,ER,"Mirzapur Gankar, West Bengal, India"
GAM,GANJAM,ECOR,"Ganjam Railway Station, Ganjam, Odisha.."
GAMI,GOGAMERI,NWR,"Goga Medi, Rajasthan, India"
GAMN,GAMANI,NFR,"Gamani Station Rd, 784102"
GANG,GANGAGANJ,NR,"Rae Bareli, Uttar Pradesh, India"
GANL,GHANAULI,NR,"Punjab 140113, India"
GAO,GAIGAON,CR,"Naigaon West, Maharashtra, India"
GAP,GURPA,ECR,"Gurpa, Bihar, India"
GAQ,GANJ KWAJA,ECR,"Tour Ajmer , Khwaja Garib Nawaz, Darga.."
GAR,GADARWARA,WCR,"Narsinghpur, Madhya Pradesh, India"
GARA,GARHA,ECR,"Garha, Bahilwara urf Garha, Bihar 8433.."
GATD,GAUTAMDHARA,SER,"Gautam Marg, Jaipur, Rajasthan, India"
GATL,GHATOLI,WCR,"Ghatoli, Aklera, PIN - 326039, Dist. -.."
GAUR,GAUR,NER,"Gaur, Uttar Pradesh, India"
GAW,GAINJAHWA,NER,"Balrampur, Uttar Pradesh, India"
GAYA,GAYA JN,ECR,"Gaya Railway Station, Gaya, Bihar, India"
GB,GAURI BAZAR,NER,"Deoria, Uttar Pradesh, India"
GBA,GARHBETA,SER,"Garbeta, West Bengal, India"
GBB,GUBBI,SWR,"Gubbi, Karnataka, India"
GBD,GAURIBIDANUR,SWR,"Gauribidanur, Karnataka, India"
GBE,GAYABARI,NFR,"Hill Cart Rd, Cart Road, West Bengal 7.."
GBG,GOBARDANGA,ER,"Gobardanga, West Bengal, India"
GBHA,GAROBIGHA H,ECR,"Dhanawan, Bihar 805103, India"
GBK,GOPALPUR BALIKUDA,ECOR,"Balikuda, Gopalpur, Odisha, India"
GBN,GARH BANALI,NFR,"Garh Banaili, NH 57, Saraunchia, Bihar.."
GBP,GULABPURA,NWR,"Gulabpura, Rajasthan, India"
GBPM,GARHI BERI,NCR,"Sanaura, Uttar Pradesh, India"
GBQ,GODBHAGA,ECOR,"Godbhaga Station, Odisha, India"
GBRA,GOBRA,ER,"Gobra, Chhattisgarh, India"
GBRI,GOBARWAHI,SECR,"Nagpur, Maharashtra, India"
GBX,GOVINDPUR ROAD,SER,"Jharkhand, India"
GC,GHAT KOPAR,CR,"Ghatkopar Station(W), Ghatkopar West, .."
GCAB,G CABIN,SECR,"Charoda Rd, Bhilai Steel Plant, Bhilai.."
GCH,GACHHIPURA,NWR,"Haripura, Rajasthan, India"
GCN,GOCHARAN,ER,"Gocharan, West Bengal, India"
GCT,GHAZIPUR CITY,NER,"Ghazipur City Railway Station, Ghazipu.."
GD,GONDA JN,NER,"Gonda Junction Railway Station, Gonda,.."
GDA,GODHRA JN,WR,"Godhra, Gujarat, India"
GDB,GIDDARBAHA,NR,"Gidderbaha, Giddarbaha, Punjab, India"
GDBR,GOONDA BIHAR,SER,"Bihar, India"
GDD,GADRA ROAD,NWR,Gadra Road
GDE,GARLADINNE,SCR,"70-84 Glenvale Boulevard, Brampton, ON.."
GDG,GADAG JN,SWR,"Gadag Junction, Gadag, Karnataka, India"
GDGN,GAUDGAON,CR,"Udgaon, Maharashtra, India"
GDH,GIDNAHALI,SWR,"NH234, Karnataka 562102, India"
GDHA,GODHA,NR,"Gudha, Rajasthan, India"
GDI,GUDGERI,SWR,"Gudgeri, Karnataka, India"
GDK,GONDA KACHAHRI,NER,"Gonda, Uttar Pradesh, India"
GDKP,GHUDANKHAPA,CR,"Chhindwara, Madhya Pradesh, India"
GDL,GONDAL,WR,"Gondal Railway Station, Gondal, Gujara.."
GDM,GUDMA,SECR,"State Highway 249, Maharashtra, India"
GDN,GANGAIKONDAN,SR,"Gangaikondan, Tamil Nadu, India"
GDO,GOVERDHAN,NCR,"MDR 70, Deeg, Rajasthan, India"
GDP,GUDUPULLI,SWR,"Gudupulli Station, Andhra Pradesh, India"
GDPL,G POCHAMPALLI,SCR,"Pochampalli, Tamil Nadu, India"
GDQ,GODAMGURA,SCR,"Godamgura, Andhra Pradesh, India"
GDR,GUDUR JN,SCR,"Gudur Junction Railway Station, Gudur,.."
GDRA,GANGADHARA,SCR,"Gangadhara, Islampur, Telangana 505445.."
GDU,GUDRU HALT,SECR,"Balaghat, Madhya Pradesh, India"
GDV,GUDIVADA JN,SCR,"Gudivada Jn Railway Station, Karmikana.."
GDW,GADHWALA,NWR,"Gadhwala, Rajasthan, India"
GDX,GHOKSADANGA,NFR,"Sajerpar Railway Station, Ghoksadanga,.."
GDY,GUINDY,SR,"Guindy, Chennai, Tamil Nadu, India"
GDYA,GHORADONGRI,CR,"Ghoradongri Station, Ghoradongri, Madh.."
GDZ,GUNDARDEHI,SECR,"Durg Rajhara Road, Gundardehi, Chhatti.."
GEA,GHATERA,WCR,"Madhya Pradesh, India"
GEB,GARH BARUARI,ECR,"Garh Baruari, Bihar, India"
GEBL,GOREBAL,SWR,"Venkatagiri Camp, Karnataka, India"
GED,GULEDAGUDDA RD,SWR,"Bagalkot, Karnataka, India"
GEDE,GEDE,ER,"Gede, West Bengal"
GEG,GIR GADHARA,WR,"Gir Gadhada Station, Girgadhada, Gujar.."
GEK,GEGAL AKHRI,NWR,"Ajmer, Rajasthan, India"
GELA,GHADELA,SECR,"Chhindwara, Madhya Pradesh, India"
GEOR,GUNJARIA,NFR,"Gunjaria Railway Station, West Bengal,.."
GER,GERATPUR,WR,"Vatwa, Ahmedabad, Gujarat, India"
GFAE,GARIFA,ER,"Garifa, West Bengal 743166, India"
GG,GANDHIGRAM,WR,"Rasala Marg, Ellis Bridge, Ahmedabad, .."
GGA,GHOGA,ER,"Ghoga, Bihar, India"
GGAR,GANGADHARA,WR,"Surat, Gujarat, India"
GGB,GARHMUKTESAR BR,NR,"Garhmukteshwar Bridge Railway Station,.."
GGC,GANGAPUR CITY,WCR,"Gangapur City Station, Gangapur, Rajas.."
GGD,GULLAGUDA,SCR,"Lalaguda, Malkajgiri, Secunderabad, An.."
GGG,GANGAGARH H,NER,"Sri Ganganagar, Rajasthan, India"
GGGS,GARHA GOODS SHED,SECR,"Jabalpur, Madhya Pradesh, India"
GGH,GHOGARDIHA,ECR,"Ghoghardiha, Bihar, India"
GGJ,GOSHAINGANJ,NR,"Uttar Pradesh, India"
GGKR,GOVINDGARH KHOKHAR,NR,"Punjab 148031, India"
GGLE,GANGATIKURI,ER,"GangatiKuri, West Bengal, India"
GGN,GURGAON,NR,"Kheri, Gurgaon, Haryana, India"
GGNP,GANGANAPALLE,SCR,"Ganganapalle, Andhra Pradesh, India"
GGO,GORAM GHAT,NWR,"Pali, Rajasthan, India"
GGP,GANGNAPUR F,ER,"Gangnapur, Parnadan Wildlife Sanctuary.."
GGR,GANGRAR,NWR,India
GGSY,GANGA SAHAI H,ECR,"Bihar 811311, India"
GGT,GHUNGHUTI,SECR,"Madhya Pradesh, India"
GGTA,GHORAGHATA,SER,"Ghoraghata, West Bengal, India"
GGV,GHORARAS GHONA H,ER,"Ghoraras Ghona, West Bengal, India"
GGVT,GANGAVATHI,SWR,"Gangawati Rural, Karnataka 583227, India"
GGWA,GANGWARA HALT,ER,"Kharbari, Jharkhand 814153, India"
GGY,GAGARIYA,NWR,"Barmer, Rajasthan, India"
GH,GHUGHULI,NER,"Ghughuli, Uttar Pradesh, India"
GHA,GOLEHWALA,NR,"Golewala, Punjab, India"
GHAA,GHAGHRA,SER,
GHAI,GHATIGAON,WCR,"Ghatigaon, Madhya Pradesh, India"
GHB,GAHRI BHAGI,NWR,"Gehri Bhagi, Punjab, India"
GHD,GARWA ROAD,ECR,"Garhwa Road Railway Station, Garwa Roa.."
GHE,GHEVRA,NR,"Ghevra, New Delhi, Delhi, India"
GHG,GHAGGHAR,NR,"Ghaggar, Haryana"
GHGL,GHAGWAL,NR,Ghagwal
GHH,GARHI HARSARU,NR,"Garhi Harsaru, Gurgaon, Haryana, India"
GHJ,GURSAHAIGANJ,NER,"Kannauj, Uttar Pradesh, India"
GHL,GOLHALLI,SWR,"Golhalli Railway Station, Karnataka 56.."
GHLE,GADADHARPUR,ER,"Grand Trunk Rd, West Bengal, India"
GHLU,GHALLU,NR,
GHN,GHORPARAN,ER,"Tola Ghorparan, Bihar, India"
GHNA,GOHANA,NR,"Gohana, Haryana, India"
GHNH,GHANTIKHAL NDPR,ECOR,"Ghantikhal Ndpr Station, Odisha, India"
GHPU,GANDHIPURAM HALT,SCR,"Khammam-Yellandu Rd, Gandhi Nagar, Tel.."
GHQ,GARHWA,ECR,"Garhwa Railway Station, Garhwa, Jharkh.."
GHR,GIDHAUR,ECR,"Gidhaur Railway Station, SH 18, Gidhau.."
GHRI,GHORI H,NR,Ghori
GHS,GURU HARSAHAI,NR,"Guru Har Sahai, Punjab, India"
GHSR,GHASARA H,NCR,"Agasara Beedi, Chamrajpura, Mysuru, Ka.."
GHT,GHAGHARA GHAT,NER,"Uttar Pradesh, India"
GHUM,GHUM,NFR,"GHUM, Sukhia Pokhri Rd, Ghoom, Darjeel.."
GHX,GARHARA,ECR,"Simariya, Bihar, India"
GHY,GUWAHATI,NFR,"Guwahati Railway Station, Paltan Bazaa.."
GI,GUDUVANCHERI,SR,"Guduvancheri, Tamil Nadu, India"
GIA,GARIA F,ER,"Garia, Kolkata, West Bengal, India"
GIBP,GHOGI BARIARPUR,ER,"Kalisthan, Bariarpur, Bihar 811309, In.."
GID,GIDDALUR,SCR,"Prakasam, Andhra Pradesh, India"
GIF,GANI DHAM H,ER,"Tadiha, Bihar 812005, India"
GIG,GOHARI GRAM HALT,ECR,"Gohri, Bihar 811310, India"
GIHT,GAIGHAT HALT,NER,"Gayaghat, Uttar Pradesh 271865, India"
GII,GIDHNI,SER,"Gidhni, West Bengal, India"
GIL,GAISAL,NFR,"Purnea - Siliguri Road, Gaisal, West B.."
GILA,GHIALA,NR,"India, Quilicura, Santiago Metropolita.."
GILL,GILL,NR,"Punjab 141122, India"
GIMB,GANDHIDHAM BG,WR,"Gandhidham Railway Station, Railway St.."
GIN,GINIGERA,SWR,"Ginigera, Karnataka, India"
GIO,GORIYAN,NWR,Gorian
GIR,GAINSARI JN,NER,"Uttar Pradesh, India"
GIS,GARHI SANDRA,NCR,"Dhaulpur, Rajasthan, India"
GIW,GIRDHARPUR,NCR,"Kyarpura, Madhya Pradesh 476337, India"
GIZ,GIDAM,ECOR,"Gidam, Chhattisgarh, India"
GJ,GANGAJHARI,SECR,"Gangajalghati, West Bengal, India"
GJD,GUJHANDI,ECR,"National Highway 31, Bihar, India"
GJH,GOLDINGANJ,ECR,"Goldingganj, Bihar, India"
GJJ,GAJJELAKONDA,SCR,"R. S. Road, Ulindakonda, Andhra Prades.."
GJL,GAJRAULA JN,NR,"Gujraula, Uttar Pradesh, India"
GJMB,GANJMURADABAD,NR,"Moradabad, Uttar Pradesh, India"
GJN,GAJNER,NWR,"Bikaner, Rajasthan, India"
GJR,GOJHARIYA,WR,"Gozaria, Gujarat, India"
GJS,GAJSINGHPUR,NWR,"Gajsinghpur, Rajasthan 335024, India"
GJT,GANNAGHATTA,SWR,"Jannaghatta, Karnataka 563126, India"
GJTA,GURUDIJHATIA,ECOR,"Gurudijhatia, Odisha, India"
GJUT,GANGSAR JAITU,NR,"Jaitu, Punjab, India"
GJW,GAJUWALA H,NR,"Gajuwaka, Vishakhapatnam, Andhra Prade.."
GJWL,GAJWEL,SCR,"Toopran Road,Gajwel, Siddipet District.."
GK,GOLA GOKARANATH,NER,"Gola Gokaranath Railway Station, State.."
GKA,GOKHULA,ECR,"Gokhale Rd, Madurai, Tamil Nadu, India"
GKB,GHATAKA VARANA,WCR,"Ghataka Varana Station, Rajasthan, India"
GKC,GORAKHPUR CANT,NER,"Gorakhpur Cantonment Railway Station, .."
GKD,GADHAKDA,WR,"Gadhada, Gujarat, India"
GKG,GOKALGARH,NR,"Jhajjar Road, Haryana 123412, India"
GKH,GUSKARA,ER,"Guskhara, West Bengal, India"
GKHT,GRAM KHARIKA H,ECR,"Vaishali, Bihar, India"
GKJ,GOLAKGANJ JN,NFR,"National Highway 31, Assam, India"
GKK,GOKAK ROAD,SWR,"Gokak Taluka, Karnataka, India"
GKL,GOKULPUR,SER,"Samraipur, West Bengal, India"
GKM,GUNDALUKAMMA,SCR,"Gundalukamma Station, Andhra Pradesh, .."
GKP,GORAKHPUR JN,NER,"Gorakhpur Railway Station, Station Roa.."
GKT,GANKHERA,SECR,"Khera, Gujarat, India"
GKV,GOTTIHALLI HALT,SWR,
GKX,GHAL KALAN,NR,"Ghal Kalan, Punjab, India"
GLA,GARLA,SCR,"Railway Station Road, Garla, Andhra Pr.."
GLBA,GOLABAI PH,ECOR,"Khordha, Orissa, India"
GLBN,GUJRAN BALWA H,NR,"Balwa Gujran, Uttar Pradesh, India"
GLG,GULABHGANJ,WCR,"Madhya Pradesh, India"
GLGT,GOLAGHAT,NFR,"Golaghat Railway Station, Golaghat, As.."
GLH,GULAOTHI,NR,"Gulaothi Railway Station, Gulaothi, Ut.."
GLI,GALSI,ER,"Galsi, West Bengal, India"
GLKN,GUGALWA KIRTAN H,NWR,"Rajasthan, India"
GLMA,GULMA,NFR,"Gulma Railway Station, West Bengal, In.."
GLNA,GOLANA,NWR,"Sahajpura, Rajasthan 303323, India"
GLP,GOLLAPROLU,SCR,"East Godavari, Andhra Pradesh, India"
GLPT,GOALPARA TOWN,NFR,"Goalpara Train Station, Bhalukdubi, As.."
GLTA,GAHLOTA,NWR,"Gahlot Apartment, Kevni Pada, Mumbai, .."
GLU,GULLIPADU,SCR,"Gudipadu, Andhra Pradesh, India"
GLY,GOLLAPALLY,SCR,"Bangalore-Hyderabad Highway, Andhra Pr.."
GM,GARMADI,WR,"Gujarat, India"
GMA,GUDIMETTA,SCR,"Unnamed Road, Andhra Pradesh 523356, I.."
GMAN,GUMANI,ER,"Jharkhand, India"
GMC,GOODS MARSHALLING YARD,NCR,"Saina Purwa, Cooperganj, Kanpur, Uttar.."
GMD,GURAMKHEDI,WCR,"Guramkhedi, Madhya Pradesh, India"
GMDA,GUMADA,ECOR,"Gumada, Andhra Pradesh, India"
GMDN,GIRIMAIDAN,SER,"Kharagpur, West Bengal, India"
GMDP,GRAMDADPUR,SER,"Habaspur, West Bengal, India"
GME,GUMMANDEV,WR,"Gumandev, Gujarat 393110, India"
GMG,GUMGAON,CR,"Gumgaon, Maharashtra, India"
GMGM,GOMANGALAM,SR,"Tamil Nadu 642107, India"
GMH,GAMHARIA,SER,"Gamharia, Jharkhand, India"
GMI,GOND UMRI,SECR,"Gondia, Maharashtra, India"
GMIA,GUMIA,ECR,"Gumia, Jharkhand, India"
GMM,GUMMAN,NR,"Gumman, NH 22, Parwanoo, Himachal Prad.."
GMMG,GRAM MASAGRAM,SER,"Masagram, West Bengal 713401, India"
GMN,GOREGAON,WR,"Goregaon, Mumbai, Maharashtra 400063, .."
GMO,NSC BOSE J GOMO,ECR,"Gomoh Junction Railway Station, Gomoh,.."
GMR,GAHMAR,ECR,"Uttar Pradesh, India"
GMS,GARHMUKTESAR,NR,"Garhmukteshwar, Uttar Pradesh, India"
GMTO,GUMTO,NFR,"Gumto, Doimukh-Harmuti Road, Papumpare.."
GMU,GAURIYAMAU,NR,"Faizabad, Uttar Pradesh, India"
GMX,GURMURA,ECR,"Panari, Uttar Pradesh, India"
GN,GOPALNAGAR F,ER,"Gopalnagar, West Bengal, India"
GNA,GONEANA BHAI JAGTA,NR,"Mall Rd, Goniana, Punjab, India"
GNB,JNANA BHARATI,SWR,"Jnana Bharati, Chunchgatta Main Rd, My.."
GNBA,GAON BARODA,NR,"Jind, Haryana 126115, India"
GNC,GANDHINAGAR CAP,WR,"Gandhinagar Railway Station, Sector 14.."
GND,GOVINDGARH MALK,NWR,"Govindgarh, Rajasthan, India"
GNDI,GONDWALI,WCR,"Madhya Pradesh 486892, India"
GNDM,GUNRAJPUR DHAMA H,NER,"Jaithar, Bihar 841417, India"
GNG,GAURIGANJ,NR,"Gauriganj, Uttar Pradesh, India"
GNGD,GANGADHARPUR,ECOR,"Gangarampur, West Bengal, India"
GNGL,GANGAULI H,NER,"Gangauli, Bihar, India"
GNGT,GANGATOLA,SECR,"Seoni, Madhya Pradesh, India"
GNH,GANGAKHER,SCR,"Gangakhed, Maharashtra, India"
GNHI,GANDHI H,ECR,"Gandhi, center, Ananthavarappadu Stage.."
GNJ,GUNJI,SWR,"Gunji, Karnataka, India"
GNJB,GOPINATHJEW BANIKUND,ECOR,"Odisha 754140, India"
GNJP,GOKULNAGAR JOYPUR,ER,"Salda, West Bengal 722138, India"
GNK,GARHNOKHA,ECR,"Garh Nokha, Bihar, India"
GNL,GONGLE,SECR,"Gondia, Maharashtra, India"
GNN,GANGINENI,SCR,"Gangineni, Andhra Pradesh, India"
GNNA,GANGANIA,ER,"Ganganiyan, Bihar 813213"
GNND,JNANDAS KANDRA,ER,"West Bengal 713129, India"
GNO,GOREGAON ROAD,KR,"Raigad, Maharashtra, India"
GNP,GHANPUR,SCR,"Warangal, Andhra Pradesh, India"
GNPR,GUNUPUR,ECOR,"Gunupur, Odisha, India"
GNQ,GODHANI,CR,"Godhani Rd, Nagpur, Maharashtra, India"
GNR,GADIGANURU,SWR,"Gadiganuru, Karnataka, India"
GNRL,GANGRAUL H,NCR,"Gangra, West Bengal, India"
GNS,GHONSOR,SECR,"Ghansor, Madhya Pradesh, India"
GNSL,GHANSOLI,CR,"Ghansoli, Navi Mumbai, Maharashtra, In.."
GNST,GANDHISMRITI,WR,"Navsari, Gujarat 396450, India"
GNT,GUNTUR JN,SCR,"Guntur Junction Railway Station, Guntu.."
GNTR,GAUNTRA,NR,"Andhra Pradesh, India"
GNU,GANAUR,NR,"Ganaur Railway Station, Ganaur, Haryan.."
GNV,GANDEVI,WR,"Gandevi, Gujarat, India"
GNVR,GONDWANAVISAPUR,CR,"Gondwana Chowk, Byramji Town, Nagpur, .."
GNW,GANGIWARA,CR,"Gangiwara, Madhya Pradesh, India"
GNWA,GHUNWARA,WCR,"Maihar, Madhya Pradesh 485771, India"
GO,GHOTI,CR,"Ghoti, Maharashtra, India"
GOA,GOHAD ROAD,NCR,"Bhind, Madhya Pradesh, India"
GOC,PONMALAI GLD RCK,SR,"Ponmalai Railway Station, Railway Colo.."
GOD,GIDARPINDI,NR,"Gudari, Odisha, India"
GODA,GODDA,ER,"Gorhighat Chhit, Jharkhand 814133, India"
GOE,GHOGRAPAR,NFR,"Ghagrapar, National Highway 27, Assam,.."
GOF,GHUTIARI SHARIF,ER,"Ghutiari Shariff, West Bengal, India"
GOG,GHORGHAT,ER,"Bhagalpur - Munger Rd, Karharia, Bihar.."
GOGH,GOSSAIGAON HAT,NFR,"Gossaigaon, Assam, India"
GOGT,GOGHAT,ER,"Goghat, West Bengal 712614, India"
GOH,GAROT,WCR,"Madhya Pradesh, India"
GOK,GOKARNA ROAD,KR,"Gokarna, Vile Parle East, Mumbai, Maha.."
GOL,GOILKERA,SER,"Goilkera, Jharkhand, India"
GOLE,GOLE,NWR,"Gole Station, Rajasthan, India"
GOM,GOGAMUKH,NFR,"Gogamukh, Assam, India"
GOP,GOP JAM,WR,"State Highway 27, Gujarat, India"
GOPA,GHOSIPURA,NCR,"Ghauspura, Gwalior, Madhya Pradesh, In.."
GOPG,GOPALGANJ,NER,"Bhitbherwa, Gopalganj, Bihar, India"
GOR,GOPINATHPUR PH,SER,"Bardhaman, West Bengal, India"
GOS,GHOSRANA,NCR,"Alwar, Rajasthan, India"
GOT,GOT H,NER,"Suniara Got Jathere, Chahar Mazara, Pu.."
GOTN,GOTAN,NWR,"Gotan, Rajasthan, India"
GOVR,GOVINDNAGAR,NER,"Basti, Uttar Pradesh, India"
GOX,GOBINDPUR DUGAULI H,NER,"Ballia, Uttar Pradesh, India"
GOY,GOVINDPURI,NCR,"Govindpuri Railway Station, Govind Nag.."
GOZ,GOLSAR,NWR,"Golsar, Rajasthan, India"
GP,RAJ GANGPUR,SER,"Raj Gangpur, Odisha, India"
GPAE,GUPTIPARA,ER,"Guptipara, West Bengal, India"
GPB,GHATPRABHA,SWR,"Gokak Taluka, Karnataka, India"
GPBN,GANDHI PARK HALT,SCR,"Banswada - Bodhan Rd, Gouse Nagar, Ven.."
GPC,GHAT PINDRAI,WCR,"Ghat Pidrai, Madhya Pradesh, India"
GPD,GUMMIDIPUNDI,SR,"National Highway 5, Gummidipundi, Tami.."
GPDE,GUDIPUDI,SCR,"Sattenapalle Amaravathi Road, Gudipudi.."
GPE,GOGI POTHIA,NFR,"Pothia, Bihar 854318, India"
GPH,GARPOS,SER,"Garpos, Odisha, India"
GPI,GAJAPATINAGARAM,ECOR,"Gajapatinagaram, Andhra Pradesh, India"
GPJ,GORAPUR,ECOR,"Tarapur, Maharashtra, India"
GPLG,GOPALPURGRAM,ER,"Kusumgaria, West Bengal, India"
GPNB,GOPINATHPUR NILGIRI,SER,"Gopinathpur, Odisha 756040, India"
GPSA,GHAT PARASIA,SECR,
GPSL,GOKULPUR SABOLI HALT,NR,"Saboli, Delhi, 110093, India"
GPT,GOPALAPATNAM,ECOR,"Gopalapatnam, Andhra Pradesh, India"
GPU,GULAPALYAMU,SCR,"Gollapalli, Andhra Pradesh, India"
GPX,GAUTAMPURA ROAD,WR,"Gautampura Road Railway Station, MDR, .."
GPY,GANGAYAPLLE,SCR,"Gangapur, Rajasthan, India"
GPZ,GOHPUR,NFR,"Assam 784168, India"
GQD,GAURDAHA H,ER,"South 24 Parganas, West Bengal, India"
GQL,GURLA,WCR,"Gurla Station, Gurla, Rajasthan, India"
GQN,GARHANI,ECR,"Garhani, Bihar, India"
GRA,GHARAUNDA,NR,"Gharaunda Railway Station, Gharaunda, .."
GRAE,GURAP,ER,"Gurap, West Bengal"
GRAK,GARKHA F,NER,"Gadhaka, Etah, Uttar Pradesh 207242, I.."
GRB,GARH DHRUBBESWAR,SER,"Rasulgarh, Bhubaneswar, Odisha, India"
GRBH,GAREA BIHAR,ECR,"Chichaki, Jharkhand, India"
GRBL,GARUDUBILLI,ECOR,"Vizianagaram, Andhra Pradesh, India"
GRCP,G RAMACHANDRAPUR,ECOR,"Tekartola, Odisha 766110, India"
GRD,GIRIDIH,ER,"Giridih, Jharkhand, India"
GRE,GOLA ROAD,SER,"Gola Rd, West Bengal, India"
GRF,GAMBHIRI ROAD,WR,"Gambhiri Rd, Berue, Uttar Pradesh, India"
GRG,GUWARIGHAT,SECR,"Near Gwarighat, Awadhpuri Colony Road,.."
GRH,GHORASAHAN,ECR,"Ghorasahan Railway Station, Station Rd.."
GRHI,GARHI,NR,"Garhi, Pin - 125033, Dist. - Rohtak St.."
GRHM,GIR HADMATIYA,WR,"Gujarat 362140, India"
GRHX,GARRA,SECR,"Garra River, Uttar Pradesh"
GRI,GURIYA,NWR,"mine princess(guriya) school, Danapur,.."
GRJ,GATRA,SECR,"Balaghat, Madhya Pradesh, India"
GRJA,GORINJA,WR,"Jamnagar, Gujarat, India"
GRKA,GURHA KEMLA,NWR,"Haryana 123034, India"
GRKN,GORAKHNATH,ECOR,"Jagatsinghpur, Odisha, India"
GRL,GORAUL,ECR,"Goraul, Bihar, India"
GRM,GARHMAU,NCR,"Takori, Uttar Pradesh 284121, India"
GRMA,GHORMARA,ER,"Ghormara, Jharkhand, India"
GRMP,GANGARAMPUR,NFR,"Gangarampur, West Bengal, India"
GRMR,GARHI MANIKPUR,NR,"Uttar Pradesh, India"
GRN,GURNAY,NR,"Gurna, Punjab, India"
GRNA,GURHANWA F,ECR,"Tilahra Kalan, Bihar, India"
GRO,GURRA,WCR,"Gurra Railway Station, Gurra, Madhya P.."
GRP,GANGPUR,ER,"Gangpur, West Bengal, India"
GRR,GORPHAR,NFR,"Gopher Corner, Isabel, SD 57633, USA"
GRRG,GURLI RAMGARHWA,NER,"Maharajganj, Uttar Pradesh, India"
GRRU,GURARU,ECR,"Gaya, Bihar, India"
GRU,GAROPARA,NFR,"Garpar, Machuabazar, Kolkata, West Ben.."
GRWD,GHORAWADI,CR,"Talegaon Dabhade, Maharashtra, India"
GRX,GAURA,NR,"Gaura, Uttar Pradesh, India"
GRY,GORAYA,NR,"Goraya, Punjab, India"
GRZ,GURTHURI,NR,"Guntur, Andhra Pradesh, India"
GS,GODHANESWAR,WR,"Dhaneswar, Odisha, India"
GSA,GUAGACHHA,NFR,"Bahbari, Assam, India"
GSB,GARNA SAHIB,NR,"Gurdwara Shri Garna Sahib, Punjab, India"
GSD,GHOSUNDA,NWR,"Chittaurgarh, Rajasthan, India"
GSDH,GARSANDA,ECR,"Garland Rd, Indio, CA 92201, USA"
GSGB,GOSAINGRAM,ER,"Matiapara, West Bengal 742122, India"
GSGJ,GHAUSGANJ,NR,"Kasganj, Uttar Pradesh, India"
GSI,GHOSI,NER,"Ghosi, Uttar Pradesh, India"
GSK,GHUSIA KALAN HALT,ECR,"Purandarpur, Bihar 802212, India"
GSL,GODAPIASAL,SER,"Station Road, Godapiasal, West Bengal .."
GSO,GHASO,NR,"Ghaso, Haryana, India"
GSP,GURDASPUR,NR,"Gurdaspur, Punjab, India"
GSPR,GOSALPUR,WCR,"Gosalpur Railway Station, Madhya Prade.."
GSPU,GAUSPUR HALT,ECR,"Gawaspur, Jaitiya, Bihar 804451, India"
GSQ,GUIR SARANG PH,SER,"Bardhaman, West Bengal, India"
GSR,GARHSHANKAR,NR,"Garhshankar, Punjab, India"
GSRM,GAURI SHRI RAM H,NER,"Sri Ram Nagar Colony, Masab Tank, Hyde.."
GSW,GURSAR SHNEWALA,NWR,"Punjab 151001, India"
GSX,GANDHI SMRAK RD,SCR,"Sultanpet, Palakkad, Kerala, India"
GT,GHATKESAR,SCR,"Ghatkesar Railway Station, Ghatkesar, .."
GTA,GOLANTHRA,ECOR,"Golanthara, Odisha, India"
GTBN,GURU TEGHBAHADURNAGAR,CR,"Guru Teg Bahadur Nagar, Koliwada, Anto.."
GTD,GOURINATHDHAM,SER,"Gourinathdham, West Bengal, India"
GTE,GOTHAJ,WR,"Kalbhor Gotha School, Sector No. 22, N.."
GTF,GUMTHAL,NR,"Gumthla Rd, Haryana, India"
GTHT,GHATARO,ECR,"Vaishali, Bihar, India"
GTI,GHUTAI,NCR,"Ghutai Protected Forest, Uttar Pradesh"
GTJT,GETOR JAGATPURA,NWR,"Jagatpura Railway Station, Jagatpura, .."
GTK,GHUTKU,SECR,"Bilaspur, Chhattisgarh, India"
GTKD,GERITA KOLVADA,WR,"Gujarat, India"
GTL,GUNTAKAL JN,SCR,"Guntakal, Andhra Pradesh, India"
GTLM,GOTLAM,ECOR,"Gotham Towers, Ahmed Nagar, Banjara Hi.."
GTM,GHATAMPUR,NCR,"Kanpur Nagar, Uttar Pradesh, India"
GTNR,GOMATI NAGAR,NER,"Gomti Nagar Railway Station, Gomti Nag.."
GTP,GHATPURI,NER,"Ghatpuri, Maharashtra, India"
GTQ,GUMTALI,NR,"Patti Manna, Punjab, India"
GTR,GRANT ROAD,WR,"Grant Rd, Mumbai, Maharashtra, India"
GTRA,GOTRA,NR,"Gotra High School, West Bengal, India"
GTS,GHATSILA,SER,"Ghatshila, Jharkhand, India"
GTST,GAUTAM STHAN,NER,"Bihar, India"
GTT,GOMTA,WR,"Gomta, Gujarat 363030, India"
GTU,GHAT NANDUR,SCR,"Nandur Ghat Bus Station, Nadur Ghat, M.."
GTW,GATORA,SECR,"Bilaspur, Chhattisgarh, India"
GTX,GOTHANGAM,WR,"Surat, Gujarat, India"
GTY,GOLAPATTI,WCR,"Kovilpatti, Tamil Nadu, India"
GUA,GUA,SER,"Gua, Jharkhand, India"
GUB,GULARBHOJ,NER,"Udham Singh Nagar, Uttarakhand, India"
GUD,GALUDIH,SER,"East Singhbhum, Jharkhand, India"
GUDM,GUDUM,SECR,"Gudum, Dalli Rajhara Bhanupratappur Rd.."
GUG,GARH JAIPUR,SER,"Jai Garh Fort, Jaipur, Rajasthan, India"
GUGD,G GORKHNATH DHM,NR,"Uttar Pradesh, India"
GUH,GULDHAR,NR,"Ghaziabad, Uttar Pradesh, India"
GUJ,GUNJA,WR,"Mehsana, Gujarat, India"
GUK,GUNTAKODURU,SCR,"Krishna, Andhra Pradesh, India"
GULR,GULER,NR,"Kangra, Himachal Pradesh, India"
GUMA,GUMA,ER,"Guma Rajibpur Road, West Bengal, India"
GUMI,GORUMAHISANI,SER,"Gorumahisani, Odisha, India"
GUNA,GUNA,WCR,"Guna, Madhya Pradesh, India"
GUNS,GHUNAS H,NR,"Ghunas, Punjab, India"
GUP,GAURIPUR,NFR,"Dhubri, Assam, India"
GUR,GANAGAPUR ROAD,CR,"Gulbarga, Karnataka, India"
GURN,GURUDAS NAGAR,ER,"Gurudas Nagar, West Bengal, India"
GUU,GUNDRATIMADUGU,SCR,"Gundratimadugu Railway Station, Gundra.."
GUV,GURUVAYUR,SR,"Guruvayur Railway Station, Guruvayoor,.."
GUZ,GUMANIHAT,NFR,"Cooch Behar, West Bengal, India"
GV,GOVANDI,CR,"Govandi, Mumbai, Maharashtra, India"
GVA,GANGUWADA,ECOR,"Ganguvada, Andhra Pradesh, India"
GVB,GUNERU BAMORI,WCR,"State Highway 19, Madhya Pradesh, India"
GVD,GHOLVAD,WR,"Gholvad Railway Station, Gholvad, Maha.."
GVDP,GOVINDPUR PH,SER,
GVG,GOVINDGARH,NR,"Mandi Gobindgarh, Punjab, India"
GVH,GOVINDGARH,NCR,"Govindgarh, Madhya Pradesh, India"
GVI,GARIVIDI,ECOR,"Garividi Railway Station, Garividi, An.."
GVL,GUDLAVALLERU,SCR,"Gudlavalleru, Andhra Pradesh, India"
GVMH,GANGAVARAM,SCR,"Gangavaram, Andhra Pradesh, India"
GVMR,GOVINDI MARWAR,NWR,"Govindi Marwar, Rajasthan, India"
GVN,GODAVARI,SCR,"East Godavari, Andhra Pradesh, India"
GVR,GORESUAR,NFR,"No.3 Goreswar, Assam, India"
GW,GIRWAR,WCR,"Girwar, Madhya Pradesh, India"
GWA,GANJ DUNDWARA,NER,"Gandhi Ganj, Chhindwara, Madhya Prades.."
GWD,GADWAL,SCR,"Gadwal Railway Station, Gadwal, Andhra.."
GWH,GHOSHAWAR,ECR,"Ghoshawar, Patna, Bihar, India"
GWL,GWALIOR,NCR,"Gwalior Junction Railway Station, Gwal.."
GWM,GANNAVARAM,SCR,"Gannavaram, Andhra Pradesh, India"
GWO,GWALIOR NG,NCR,"Gwalior, Madhya Pradesh, India"
GWP,GANGWA PUR H,NER,"Uttar Pradesh, India"
GWS,GAUSHALA,NER,"Gaushala, Uttarakhand, India"
GWSB,GOINDWAL SAHIB H,NR,"Khawaspur, Punjab 143407, India"
GWV,GOWDAVALLI,SCR,"Gowdavalli, Andhra Pradesh, India"
GWYR,GREENWAYS ROAD,SR,"Greenways Rd, Chennai, Tamil Nadu, India"
GXG,GEONG H,NR,"India Temple, Jalan Changkat Jong, 360.."
GY,GOOTY JN,SCR,"Gooty Junction Station, Yengannapalli,.."
GYF,GOOTY FORT,SCR,"Gooty Junction Station, Yengannapalli,.."
GYL,GHARYALA,NR,"Gharyala, Punjab, India"
GYM,GUDIYATTAM,SR,"Vellore, Tamil Nadu, India"
GYN,GYANPUR ROAD,NER,"Sant Ravidas Nagar, Uttar Pradesh, India"
GZA,GURUJALA,SCR,"Gurujala Railway Station, Andhra Prade.."
GZB,GHAZIABAD,NR,"Ghaziabad Railway Station, Arya Nagar,.."
GZH,GULZARBAGH,ECR,"Patna, Bihar, India"
GZKA,GAZIKA,NCR,"Rajasthan 301001, India"
GZL,GAZULAPALLI,SCR,"Gajulapalli-Mahanandi Road, Andhra Pra.."
GZM,GOUR MALDA,ER,"Gour Malda, NH 34, Malda, West Bengal .."
GZN,N GHAZIABAD,NR,"Maharana Pratap Marg, Lohia Nagar, Gha.."
GZO,GAZOLE,NFR,"Gazole, West Bengal, India"
GZS,GIANI ZAIL SINGH SANDHWAN,NR,"Punjab 151209, India"
GZT,GHAZIPUR GHAT F,NER,"Ghazipur Ghat Station, Ghazipur, Uttar.."
HA,HARGAON,NER,"Hargaon, Uttar Pradesh, India"
HAA,HARWADA,KR,"Uttara Kannada, Karnataka, India"
HAB,BAH,NCR,"Uganpura, Uttar Pradesh 283104, India"
HAD,HARIPPAD,SR,"Haripad Railway Station, Haripad, Kera.."
HAG,HALLIGUDI,SWR,
HAH,HOSA AGRAHARA,SWR,"Hosa Agrahara Lake, Karnataka"
HAM,HAMIRATTI PH,SER,"West Bengal 722207, India"
HAN,HINDAUN CITY,WCR,"Karauli, Rajasthan, India"
HAPA,HAPA,WR,"Hapa Railway Station, Jamnagar, Gujara.."
HAPR,HANAMAPUR,SWR,"G.Jarkunti, Karnataka 583236, India"
HAQ,HASTAVARMU,SCR,"Chittavaram, Andhra Pradesh, India"
HAR,HAMIRPUR ROAD,NCR,"Kanpur Nagar, Uttar Pradesh, India"
HAS,HASSAN,SWR,"Hassan Railway Station, Bangalore Mang.."
HAT,HATHURAN,WR,"Bharuch, Gujarat, India"
HATB,HATIBARI,ECOR,"Hatibari, West Bengal, India"
HATI,HATI,WCR,"Hati, Chhattisgarh, India"
HAUR,HAUR,SER,"Haur, West Bengal, India"
HB,HABRA,ER,"Habra, West Bengal, India"
HBB,HENDLASO BHOKTA BAGICHA,SER,"Hesal, Jharkhand 835213, India"
HBD,HOSHANGABAD,WCR,"Hoshangabad Railway Station, Hoshangab.."
HBE,HABIBPUR,ER,"Habibpur, West Bengal, India"
HBF,HADOBHANGI PH,ECOR,"Gajapati, Odisha, India"
HBG,HOWBADH JABLPUR,SECR,"Jabalpur, Madhya Pradesh, India"
HBI,HGRIBOMANAHALLI,SWR,"Hagaribommanahalli Railway Station, Sh.."
HBL,HOMBAL,SWR,"Hombal, Karnataka, India"
HBLN,HBL NAGAR,SCR,"HBL Nagar, Andhra Pradesh, India"
HBN,HAIBARGAON,NFR,"Haibargaon, Nagaon, Assam, India"
HBP,HARPUR BOCHAHA,ECR,"Samastipur, Bihar, India"
HBS,HEBSUR,SWR,"Karnataka 580023, India"
HBSH,HASAN BAZAR STATION HALT,ECR,"Bihar 802204, India"
HBU,HALBARGA,SCR,"Gulbarga, Karnataka, India"
HBW,HABIBWALA,NR,"Bijnor, Uttar Pradesh, India"
HC,HINDU COLLEGE,SR,"Hindu College, Pattabiram, Tamil Nadu .."
HCM,HARISHCHANDRAPURAM PH,ECOR,"Srikakulam, Andhra Pradesh, India"
HCNR,HARICHANDANPUR,ECOR,"Harichandanpur, Odisha, India"
HCP,HARCHANDPUR,NR,"Harchandpur, Uttar Pradesh, India"
HCR,HARISCHANDRPUR,NFR,"Harishchandrapur, West Bengal, India"
HD,HARDA,WCR,"Harda Railway Station, Harda, Madhya P.."
HDA,HIRNODA,NWR,"MDR 59, Rajasthan, India"
HDB,HALDIBARI,NFR,"Haldibari, West Bengal, India"
HDC,HARISHDADPUR PH,SER,"Dakshin Ramchandrapur, West Bengal, In.."
HDD,HADDINAGUNDU,SCR,"Haddinagundu Station, Karnataka, India"
HDE,HARDAS BIGHA,ECR,"Railway Station Road, Bihar 803202, In.."
HDGR,HADGON ROAD,SCR,"Nanded, Maharashtra, India"
HDIH,HOODI HALT,SWR,"Krishnarajapuram, Bengaluru, Karnataka.."
HDK,HANDIA KHAS,NER,"Handia, Uttar Pradesh, India"
HDL,HODAL,NCR,"Hodal, Haryana, India"
HDM,HIRDAMALI,SECR,"Hirdamali Railway Station, Maharashtra.."
HDN,HAIDARNAGAR,ECR,"Jharkhand 822115, India"
HDP,HADAPSAR,CR,"Mundhwa Road, Kirtane Baug, Mundhwa, P.."
HDS,HARIDASPUR,ECOR,"Haridaspur, Odisha, India"
HDT,HARDATTPUR,NER,"Varanasi, Uttar Pradesh, India"
HDU,HARDUA,WCR,"Katni, Madhya Pradesh, India"
HDW,HALDWANI,NER,"Heera Nagar, Haldwani, Uttarakhand, In.."
HDWL,HARDORAWAL,NR,"Hardo Rawal, Punjab, India"
HEB,HEBBAL,SWR,"Hebbal, Bangalore, Karnataka, India"
HEI,HEGGERE H,SWR,"Heggere, Karnataka, India"
HEM,HIMAYATNAGAR,SCR,"Himayatnagar, Maharashtra, India"
HEN,HERIA P H,SER,"Heria, West Bengal, India"
HER,HER,SCR,"Her, Maharashtra, India"
HESK,HIRE SHELLIKERI,SWR,"Hire-Shellikeri, Karnataka, India"
HET,HETAMPUR,NCR,"Ghatampur, Uttar Pradesh, India"
HFZ,HAFIZPETA,SCR,"Hafizpet, Sai Nagar, Hafeezpet, Hydera.."
HG,HOTGI,CR,"Solapur, Maharashtra, India"
HGA,HOGLA H,ER,"Hogla, West Bengal"
HGH,HAIDERGARH,NR,"Haidargarh Railway Station, Uttar Prad.."
HGI,HAGARI,SCR,"Tis Hazari, Rajpur Marg, Civil Lines, .."
HGJ,HARDUAGANJ,NCR,"Harduaganj, Uttar Pradesh, India"
HGL,HARANGUL,CR,"Harangul, Maharashtra, India"
HGR,HEMAGIRI,SECR,"Odisha, India"
HGT,HINGANGHAT,CR,"Wardha, Maharashtra, India"
HGY,HOOGHLY,ER,"Hooghly, Hooghly-Chinsurah, West Benga.."
HHD,HUNSIHADGIL,CR,"Hunsihadgil Railway Station, Karnataka.."
HHG,HEHEGARA H,ECR,"Hehegara, Jharkhand, India"
HHL,HIREHALLI,SWR,"Hirehalli, Karnataka, India"
HHP,HARHAR FATEHPUR,NR,"Harafatehpur Railway Station, Uttar Pr.."
HHR,HRIDAYPUR,ER,"Hridaypur, Uttar Pradesh, India"
HHT,HABANGHATTA,SWR,"Hesaraghatta Lake, Bangalore, Karnataka"
HIH,HAJIGARH,ER,"Aligarh, Uttar Pradesh, India"
HIJ,HIJILLI,SER,"Aroeshir Dalal Avenue, IIT Kharagpur, .."
HIKD,HALLIKHED K,SCR,"Hallikhed, Gulbarga State: Karnataka"
HIL,HILSA,ECR,"Hilsa, Bihar, India"
HIND,HIND,NR,"Azad Hind Gram, Main Rohtak Rd, Tikri .."
HIP,HALDIPADA,SER,"Haldipada, Odisha, India"
HIR,HARINAGAR,ECR,"Harinagar, Bihar, India"
HIS,HISUA,ECR,"National Highway 82, Hisua, Bihar 8051.."
HISE,HIRISAVE,SWR,"Hirisave, Karnataka 573124, India"
HIVR,HIWARKHED,CR,"Ghoddeo Kh., Maharashtra 444908, India"
HJI,HOJAI,NFR,"Hojai, Assam, India"
HJL,HEJJALA,SWR,"Hejjala, Karnataka, India"
HJLI,HUGRAJULI,NFR,"Praja Basti Pathar, Assam 784111, India"
HJP,HAJIPUR JN,ECR,"Hajipur Junction, Hajipur, Bihar, India"
HK,HELAK,NCR,"Bharatpur, Rajasthan, India"
HKD,HAILAKANDI,NFR,"Bashdahar, Hailakandi, Assam 788155, I.."
HKG,HIRAKUD,ECOR,"Hirakud Railway Station, Orissa, India"
HKH,HARANYA KHERI,WR,"Haranya Kheri Railway Station, Nationa.."
HKL,HARKIA KHAL,WR,"Chittaurgarh, Rajasthan, India"
HKP,HAKIMPUR,NR,"Moradabad, Uttar Pradesh, India"
HKR,HIWARKHED,SCR,"Chinchari, Maharashtra 444103, India"
HLAR,HOLE ALUR,SWR,"Hole Alur, Karnataka, India"
HLB,HADALA BHAL,WR,"Hadala Bhal, Gujarat, India"
HLD,HALUDPUKUR,SER,"Haludpukhur, Jharkhand, India"
HLDD,HALDI ROAD,NER,"Haldi Rd, Uttarakhand, India"
HLDR,HALDAUR,NR,"Haldaur, Uttar Pradesh, India"
HLE,HEELALIGE,SWR,"Heelalige, Bangalore, Karnataka, India"
HLK,HOLALKERE,SWR,"Karnataka, India"
HLKH,HALLIKHED,SCR,"Hallikhed B Railway Station, Ameerabad.."
HLKK,HALLIKHED K,SCR,"Karnataka 585330, India"
HLN,HOLE NARSIPUR,SWR,"Holenarsipur Station, Karnataka, India"
HLP,HALDHARPUR F,NER,"Pandharpur, Maharashtra, India"
HLR,HALISAHAR,ER,"Halisahar, West Bengal, India"
HLV,HALIYURU H,SWR,"Haliyuru, Karnataka, India"
HLW,HIRNAWALI,NWR,"15 Mmk, Rajasthan 335064, India"
HLX,HILARA,NFR,"Hilara, Assam, India"
HLZ,HALDIA,SER,"Haldia, West Bengal, India"
HM,HADMATIYA JN,WR,"Jamnagar, Gujarat, India"
HMA,HUMMA,ECOR,"Humma, Odisha, India"
HMBD,HUMNABAD,SCR,"Humnabad Railway Station, National Hig.."
HME,HAMRE,NR,Hamre Railway Station
HMG,HAMIRGARH,NWR,"Hamirgarh, Rajasthan, India"
HMH,HANUMANGARH JN,NWR,"Sindhi colony, Hanumangarh, Rajasthan,.."
HMI,HIMMATANA,NR,"Himatnagar, Gujarat, India"
HMK,HINDUMALKOTE,NR,"Hindumal Kot Rd, Hindu Malkot, Rajasth.."
HML,HELEM,NFR,"Helem, Assam, India"
HMO,HANUMANGARHTOWN,NWR,"Hanumangarh, Rajasthan, India"
HMP,HEMPUR,NR,"Hempur, Uttar Pradesh, India"
HMPR,HURMUJPUR H,NER,"Maujpur, New Delhi, Delhi, India"
HMQ,HIMMATPURA,NR,"Himmatpura, Punjab, India"
HMR,HAMIRA,NR,"Punjab 144803, India"
HMRR,HAMARAPUR,CR,"Raigad, Maharashtra, India"
HMT,HIMMATNAGAR,WR,"S.T. Bus Station, Himatnagar, Gujarat,.."
HMY,HARMUTI,NFR,"Harmoti Gaon, Assam, India"
HMZ,HIND MOTOR,ER,"Hind Motor, Hindmotor, Konnagar, West .."
HN,HATHBANDH,SECR,"Hathbandh, Chhattisgarh, India"
HNA,HONNAVAR,KR,"Honavar, Karnataka, India"
HNB,HASANABAD JN,ER,"Hasnabad, Taki, West Bengal, India"
HND,HINDOL ROAD,ECOR,"Hindol Road Station, Odisha, India"
HNDR,HENDEGIR,ECR,"Hendegir, Jharkhand, India"
HNG,HIRANGAON,NCR,"Dharangaon, Maharashtra, India"
HNH,HANUMANAHALI H,SWR,"Hanumanahalli, Karnataka 577534, India"
HNHL,HARNAHALLI H,SWR,"Harnahalli, Karnataka, India"
HNK,HANAKERE,SWR,"Hanakere, Karnataka, India"
HNL,HINGOLI DECCAN,SCR,"Hingoli, Maharashtra, India"
HNM,HINAUTA RAMBAN,WCR,"Madhya Pradesh, India"
HNMN,HANUMAN STATION,SCR,"Guntakal, Andhra Pradesh, India"
HNN,HARSANA KALAN,NR,"Harsana Kalan Station, Haryana, India"
HNPA,HANDAPA,ECOR,"Handapa, Odisha, India"
HNR,HANSARA,NFR,"Kansara, Bihar, India"
HNS,HANSI,NWR,"Hisar, Haryana, India"
HNSL,HESALONG FS,SER,"Janum, Jharkhand, India"
HNU,HANSPURA,WCR,"Hanspura, Bihar, India"
HOD,HALDIYA BIHAR H,NFR,"Ahmadpur, Bihar 854334, India"
HOH,HONAGANAHALLI H,SWR,"Honaganahalli, Karnataka, India"
HOJ,HAMILTONGANJ,NFR,"Hamiltonganj, West Bengal, India"
HOL,HOL,WR,"Dhule, Maharashtra, India"
HP,HARIPUR,NWR,"Pali, Rajasthan, India"
HPA,HAMPAPURA,SWR,"Hampapura, Karnataka, India"
HPG,HUPPUGUDA,SCR,"Uppuguda Station Road, Kandikal Gate C.."
HPGM,HARIPURGRAM PH,ECOR,"Orissa, India"
HPH,HANUMAPURA,SCR,"Hanumapuram, Andhra Pradesh 518360, In.."
HPHI,HARPANHALLLI,SWR,"Harpanahalli, Karnataka 583131, India"
HPI,HARPATI,ECR,"Sahoria Subhai, Bihar, India"
HPKA,HINOTIA PIPALKHERA,WCR,"Pipal Kheda, Madhya Pradesh 473331, In.."
HPL,HARIPAL,ER,"Haripal, Dakshinkul, West Bengal, India"
HPLE,HATPURAINI,ER,"Jagdishpur, Bihar, India"
HPM,HAMPAPATNAM,SWR,"Marabbihal, Karnataka, India"
HPO,HASANPUR ROAD,ECR,"Rd, Uttar Pradesh, India"
HPP,HARPALPUR,NCR,"Harpalpur, Uttar Pradesh, India"
HPR,HIRAPUR,CR,"Hirapur, Maharashtra, India"
HPRD,HAPA ROAD,WR,"Hapa Road Railway Station, Gujarat, In.."
HPT,HOSPET JN,SWR,"Hospet, Karnataka, India"
HPU,HAPUR,NR,"Hapur Junction, Hapur, Uttar Pradesh, .."
HPUR,HABASPUR,SER,"Habaspur, West Bengal, India"
HQR,HIRENANDURU,CR,"Nandoor K, Karnataka, India"
HR,HARPALU,NWR,"Churu, Rajasthan, India"
HRB,HARRI,SECR,"Chhattisgarh, India"
HRBR,HARUBERA,SER,"Harber Road Kasaragod, Kasaragod, Kera.."
HRDR,HARSAR DEHRI,NR,"Harsar Dehri Railway Station, State Hi.."
HRE,HIRODIH,ECR,"Hirodih Station, Jharkhand, India"
HRF,HATHRAS KILA,NCR,"Hathras Kila Railway Station, Hathras,.."
HRG,HIRDAGARH,CR,"Madhya Pradesh, India"
HRGR,HARNAGAR,ECR,"Harinagar Rd, Dharshyam, Bihar 848205,.."
HRH,HARTHALA,NR,"Moradabad, Uttar Pradesh, India"
HRI,HARDOI,NR,"Hardoi, Uttar Pradesh, India"
HRLI,HARLAYA,NWR,"RJ SH61, Kerlanada, Rajasthan 342302, .."
HRLT,HARLATANR,ER,"Harlatanr, Jharkhand 814141, India"
HRM,HADMADIYA,WR,"Hadadi, Karnataka, India"
HRN,HARAUNI,NR,"Uttar Pradesh, India"
HRNG,HARPUR NAG,ECR,"Harpur Nag Halt, National Highway 27, .."
HRNR,HIRA NAGAR,NR,Hira Nagar
HRNS,HARINSING,ER,"Harinsing, Makrapahari, Jharkhand 8161.."
HRO,HARUA ROAD,ER,"Harua Rd, West Bengal, India"
HRPG,HARPALGANJ,NR,"Uttar Pradesh, India"
HRR,HARIHAR,SWR,"Harihar, Karnataka, India"
HRS,HATHRAS JN,NCR,"Hathras Junction Railway Station, Utta.."
HRSB,HILLAR SHAHABAD HALT,NR,"Hillar Shahabad, Dooru, Anantnag, Jamm.."
HRSG,HARSINGRA HALT,ECR,"Waira, Bihar 801303, India"
HRSN,HARISINGA,NFR,"Harisinga-Doulguri Rd, Harisinga, Assa.."
HRSR,HARISHNAGAR H,ER,"Harishnagar, West Bengal, India"
HRT,HARNAUT,ECR,"Kalyanbigha Station Rd, Harnaut, Bihar.."
HRV,HARRAD,SECR,"Shahdol, Madhya Pradesh, India"
HRW,HARRAWALA,NR,"Hariewala, Punjab, India"
HSA,HASIMARA,NFR,"Hasimara, West Bengal, India"
HSB,HASANBAZAR H,ECR,"Hasan Bazar, Hasan Bazar, Bihar 802204.."
HSD,HOSDURGA ROAD,SWR,"Chitradurga, Karnataka, India"
HSDA,HANSDIHA,ER,"Hansdiha Railway Station, Kasba, Jhark.."
HSI,HARSAULI,NWR,"Harsoli, Rajasthan, India"
HSK,HARISHANKER RD,ECOR,"Harishanker Rd, Chhattisgarh, India"
HSL,HISVAHAL,CR,"Maharashtra, India"
HSP,HASANPARTHI RD,SCR,"Hasanparthi Road Station, Yellapur, An.."
HSQ,HUSAINPUR,NR,"Hussainpura, Punjab, India"
HSR,HISAR,NWR,"Hisar Railway Station, Hisar, Haryana,.."
HSRA,HOSUR,SWR,"Hosur, Tamil Nadu, India"
HSWS,HANSIAWAS,NWR,"Hanumangarh, Rajasthan, India"
HSX,HOSHIARPUR,NR,"Hoshiarpur, Punjab, India"
HSY,HARSINGHPUR GOBA,NER,"Farrukhabad, Uttar Pradesh, India"
HT,HOTAR,ER,"Hotar, West Bengal"
HTC,HATHRAS CITY,NER,"Mahamaya Nagar, Uttar Pradesh, India"
HTCY,HITEC CITY,SCR,"Hitech City, Hyderabad, Andhra Pradesh.."
HTD,HATUNDI,NWR,"Ajmer, Rajasthan, India"
HTE,HATIA,SER,"Hatia Railway Station, Maharatoli, Ran.."
HTGR,HATHIGADH,WR,"Nathugadh, Gujarat, India"
HTJ,HATHRAS ROAD,NER,"Mahamaya Nagar, Uttar Pradesh, India"
HTK,HATKANAGALE,CR,"Hatkanangale, Maharashtra, India"
HTL,HATIKHALI,NFR,"Hatikhali Railway Station, NH 54, Assa.."
HTLA,HATOLA,CR,"Aasti, Hatola, Maharashtra 413207, India"
HTN,HATNAPUR,CR,"Hasanpur, Uttar Pradesh, India"
HTNL,HITNAL,SWR,"Koppal, Karnataka, India"
HTT,HATTA ROAD,SECR,"Surti Hatta Rd, Deoria, Uttar Pradesh,.."
HTW,HATHUA,NER,"Hathua, Bihar, India"
HTZ,HATHIDAH JN,ECR,"Murarpur, Bihar 803301, India"
HTZU,HATHIDAH UPPER,ECR,"Hathidah Buzurg, Bihar 803301, India"
HUD,HUDUKULA,SWR,"Hudukula, Karnataka, India"
HUDU,HUNDUR HALT,ECR,"Kanke - Ormanjhi Rd, Gobarhappa, Jhark.."
HUFP,HARAULI FATEHPUR,ECR,"Anrra, Bihar 844125, India"
HUK,HOLAMBI KALAN,NR,"Holambi Kalan, New Delhi, Delhi, India"
HUN,HUNSENAHALLI,SWR,"NH234, Channahalli, Karnataka 562105, .."
HUP,HINDUPUR,SWR,"Hindupur, Andhra Pradesh, India"
HVD,HALVAD,WR,"Halvad, Gujarat, India"
HVL,HONNAVALLI ROAD,SWR,"Honnavalli Road Railway Station, Karna.."
HVM,HAMSAVARAM,SCR,"East Godavari, Andhra Pradesh, India"
HVR,HAVERI,SWR,"Haveri, Karnataka, India"
HW,HARIDWAR JN,NR,"Haridwar Railway Station, Devpura, Har.."
HWH,HOWRAH JN,ER,"Howrah, Station Road, Howrah, West Ben.."
HWR,HATWAR,NFR,"Hatwar, Himachal Pradesh, India"
HWT,HANWANT,NWR,"Hanwant Garden, Laxmi Nagar, Jodhpur, .."
HWX,HABAIPUR,NFR,"Habaipur, Assam, India"
HX,CUDDAPAH,SCR,"Cuddapah Railway Station, Kadapa, Andh.."
HYA,HADIAYA,NR,"Hadiaya, Punjab, India"
HYB,HYDERABAD DECAN,SCR,"Nampally, Hyderabad, Andhra Pradesh, I.."
HYG,HOOGHLY GHAT,ER,"Olaichanditala, Kolkata, West Bengal 7.."
HYL,HADYAL,NWR,"Hadiyal, Rajasthan, India"
HYT,HAIAGHAT,ECR,"Haiaghat, Bihar, India"
HZBN,HAZARIBAGH TOWN,ECR,"VishnuPuri, Hazaribagh, Jharkhand 8253.."
HZD,HAZARIBAGH RD,ECR,"Saria, Jharkhand, India"
HZN,HAZRATNAGAR H,NR,"Moradabad, Uttar Pradesh, India"
HZR,HAFIZPUR,NR,"Ghaziabad, Uttar Pradesh, India"
IAA,INDARA JN,NER,"Indara, Uttar Pradesh, India"
IAM,MAI H,ECR,"Mai, Bihar 804427, India"
IB,IB,SECR,"State Highway 10, Odisha, India"
IBL,INDRABIL,SER,"Indrabil, West Bengal, India"
ICG,ICHCHANGADU,SR,"Eachangadu, Tamil Nadu 621730, India"
ICGH,ICHANGADU HALT,SR,"Eachangadu, Tamil Nadu 621730, India"
ICL,ICHAULI,NCR,"Ichauli, Uttar Pradesh, India"
IDG,INDARGARH,WCR,"Indargarh Station, Indargarh, Rajastha.."
IDGJ,IRADATGANJ,NCR,"Fursatganj, Uttar Pradesh, India"
IDH,IDGAH AGRA JN,NCR,"Idgah Railway Station, Rakabganj, Agra.."
IDJ,IDALHOND,SWR,"Garlgunj - Idalhond Rd, Karnataka, India"
IDL,INDALVAI,SCR,"Indalvai, Andhra Pradesh, India"
IDM,INDEMAU,NR,"Unnao, Uttar Pradesh, India"
IDP,INDUPALLI,SCR,"Indupalli, Andhra Pradesh, India"
IDR,INDI ROAD,SWR,"Indi Road, Karnataka, India"
IDS,ISHARDASPUR,NR,"Rae Bareli, Uttar Pradesh, India"
IDT,SIDLAGHATTA,SWR,Abludu - Shidlaghatta - Diburahalli Rd..
IGL,IRINGAL H,SR,"Iringal, Kerala, India"
IGP,IGATPURI,CR,"Igatpuri, Maharashtra, India"
IGR,INGUR,SR,"Ingur, Tamil Nadu, India"
IGRL,INGORALA,WR,"Ingorala, Gujarat, India"
IGTA,LNGOHTA,NCR,"Hamirpur, Uttar Pradesh, India"
IGU,IRUGUR,SR,"Coimbatore, Tamil Nadu, India"
IHP,INCHHAPURI,NR,"Haryana 122504, India"
IJ,ITAUNJA,NER,"Itaunja, Uttar Pradesh, India"
IJK,IRINJALAKUDA,SR,"Irinjalakkuda Railway Station, Kalletu.."
IK,IKRAN,NCR,"India, Moldova"
IKD,IKDORI,NCR,"Ikdori Railway Station, Rajasthan, India"
IKI,ITKYALA,SCR,"Itikyal, Andhra Pradesh, India"
IKK,IKKAR,NR,"Ikkar Railway Station, Uttarakhand, In.."
IKR,IKLEHRA,CR,"Iklehra, Madhya Pradesh, India"
ILA,SILAIMAN,SR,"Silaiman, Tamil Nadu, India"
ILO,ILLOO,SER,"India St, Brooklyn, NY 11222, USA"
IMAM,IMAMPURAM,SCR,
IMBG,IMLIBIGHA HALT,ECR,
IMGE,ISMAILPUR,ECR,"Ismailpur, Bihar, India"
IMLI,IMLI,ECR,"Imli Rd, Shahjahanpur, Uttar Pradesh, .."
IMR,IBRAHIMPUR,SWR,"Ibrahimpur, Uttar Pradesh, India"
INDB,INDORE JN BG,WR,"Indore Railway Station, Chhoti Gwaltol.."
INDR,INDRA NAGAR,SR,"Chennai, Tamil Nadu, India"
INJ,INNANJE,KR,"Innanje, Karnataka, India"
INK,INTAKANNE,SCR,"Warangal, Andhra Pradesh, India"
INP,INDAPUR,KR,"Indapur, Maharashtra, India"
INS,INDAS PH,SER,"Indas, West Bengal, India"
IP,ICHHAPUR,ER,"Ichapur, West Bengal, India"
IPG,IPPUGUDA,SCR,"Telangana 506301, India"
IPL,IDAPLLI,SR,"Indupalli, Andhra Pradesh, India"
IPM,ICHCHPURAM,ECOR,"Ichchapuram Railway Station, Ichchapur.."
IPPM,IPURUPALEM,SCR,"Ipurupalem, Andhra Pradesh, India"
IPR,ISLAMPUR,ECR,"Station Rd, Islampur, Bihar 801303, In.."
IQB,IQBALPUR,NR,"Uttarakhand, India"
IQG,IQBAL GADH,NWR,"Dr M Iqbal, 101, Rawatbhata Rd, Pratap.."
IRA,ISRANA H,NR,"Israna, Haryana, India"
IRN,IRGAON P H,SER,"Jharkhand 835325, India"
IRP,IRAVIPURAM,SR,"Pallimukku-Eravipuram Rd, Valathangal,.."
ISA,ISARDA,NWR,"Isarda Railway Station, Isarda, Rajast.."
ISH,ISARWARA,WCR,"Sagar, Madhya Pradesh, India"
ISHN,ISHANAGAR,NCR,"Isha Nagar, Madhya Pradesh 471315, India"
ISM,ISMAILA HARYANA,NR,"Rohtak, Haryana, India"
ISRI,ISHAPUR KHERI HALT,NR,"Issapur Kheri, Siwana Mal, Haryana 131.."
ITA,ITOLA,WR,"Vadodara, Gujarat, India"
ITE,INTIYATHOK,NER,"Gonda, Uttar Pradesh, India"
ITKY,ITKY,SER,"New Zealand Embassy, 50-N, Nyaya Marg,.."
IZN,IZZATNAGAR,NER,"Izatnagar, Bareilly, Uttar Pradesh, In.."
J,JALNA,SCR,"Jalna Railway Station, Jalna, Maharash.."
JA,JALIYA,WR,"Jaliya, Gujarat, India"
JAA,JHALIDA,SER,"Purulia, West Bengal, India"
JAB,YAMUNA BDG AGRA,NCR,"Agra, Uttar Pradesh, India"
JAC,JALSU,NWR,"Jalsooru, SH 88, Jalsoor, Karnataka, I.."
JACN,JALSU NANAK,NWR,"Nagaur, Rajasthan, India"
JAG,JALALGARH,NFR,"Jalalgarh, Mahiarpur, Bihar 854327, In.."
JAIC,JAIS CITY,NR,"Rae Bareli, Uttar Pradesh, India"
JAIS,JAIS,NR,"Uttar Pradesh, India"
JAJ,JHAJHA,ECR,"Jhajha, Bihar, India"
JAKA,JUNAKHERA,WCR,"Junakhera, PIN - 326021, Dist. - Jhala.."
JAL,JAWALI,NWR,"Jawali, Himachal Pradesh, India"
JALD,JALIYA DEVANI,WR,"Jamnagar, Gujarat, India"
JAM,JAMNAGAR,WR,"Jamnagar Railway Station, Jamnagar, Gu.."
JAMA,JAMA,ER,"National Highway 114A, Jama, Jharkhand.."
JAN,JARANGDIH,ECR,"Junagadh, Gujarat, India"
JAO,JAORA,WR,"Jaora, Madhya Pradesh, India"
JAPN,JHALRAPATAN,WCR,"Chandrawati Growth Centre, Jhalrapatan.."
JAQ,JANDRAPETA,SCR,"Jandrapeta, Andhra Pradesh, India"
JAR,JUNAIR H,ECR,"Barhanpura Rd, Juniar, Bihar, India"
JARI,JARI,NWR,"Jari, Odisha, India"
JASH,JORASHANKH HALT,ECR,"Poraia, Jharkhand 815316, India"
JAT,JAMMU TAWI,NR,
JATP,JAITPURA HALT,NCR,"Chandarpur Khurd, Uttar Pradesh 206131.."
JAU,JHAUA,NFR,India
JAUA,JAMUA,ECR,"Jamua, Jharkhand 815318, India"
JBB,JAMBUR,WR,"Jambur, Gujarat, India"
JBD,JALALABAD,NR,"Jalalabad, Uttar Pradesh, India"
JBG,JUNG BAHADURGNJ,NR,"Uttar Pradesh, India"
JBGD,JABBALGUDDA,SWR,"Jabbalgudda, Karnataka 583228, India"
JBK,JGMBLA KSHNPRM,SCR,"Andhra Pradesh 523333, India"
JBN,JOGBANI,NFR,"Jogbani Railway Station, Koshi Rajmarg.."
JBO,JAMADOBA P H,SER,"Jamadoba, Jharkhand, India"
JBP,JABALPUR,WCR,"Jabalpur Railway Station, Jabalpur, Ma.."
JBPN,JABALPUR JN,SECR,"Tagore Railway Colony, South Civil Lin.."
JBR,JAHANGIRABAD RAJ,NER,"Raj Bhavan, Bhopal, Madhya Pradesh, In.."
JBS,JADOLI KA BAS,NCR,"Jadoli Ka Bas Station, Rajasthan, India"
JBSR,JAMBUSAR ROAD,WR,"Bharuch Jambusar Rd, Gujarat, India"
JBU,JABUGAM,WR,"Jabugam, Gujarat, India"
JBW,JHABELWALI,NR,"Jhabel Wali, Punjab, India"
JBX,JABRI,WR,Jabri
JCH,JETHA CHANDAN,NWR,"Chandan, Rajasthan, India"
JCL,JADCHERLA,SCR,"Jadcherla Railway Station, Badepalle, .."
JCN,JUNICHAVAND,WR,"Unnamed Road, Juni Chavand, Gujarat 36.."
JCNR,JUCHANDRA,CR,"Juchandra, Maharashtra, India"
JCU,JAICHOLI,WCR,"Jaicholi, Rajasthan, India"
JCY,JIND CITY,NR,"Jind, Haryana, India"
JDA,JASODA,NER,"Jasoda poultry Rd, Odisha, India"
JDB,JAGDALPUR,ECOR,"Jagdalpur Railway Station, Jagdalpur, .."
JDD,JERTHI DADHIA,NWR,"MDR 87, Jerthi, Rajasthan, India"
JDDA,JETHA H,SECR,Sita Bhateja Speciality Hospital 24 Ho..
JDGP,GOPALPUR,NFR,"Dakshin Kharija Gopalpur, West Bengal .."
JDH,JAM JODHPUR JN,WR,"Jamnagar, Gujarat, India"
JDHH,JANDHERA HALT,NR,"Jandhera Samaspur, Uttar Pradesh 24745.."
JDI,JHARRADIH,SECR,"Raigarh, Chhattisgarh, India"
JDL,JAGDEVWALA,NWR,"Jagdevwala, Rajasthan, India"
JDN,JAGUDAN,WR,"Jagudan, Gujarat, India"
JDNX,JOGINDER NAGAR,NR,"Mandi, Himachal Pradesh, India"
JDP,JADABPUR,ER,"Jodhpur, Rajasthan, India"
JDPR,JAGDISHPUR,ECR,"Jagdishpur, Nawada, Biku, Bihar 803114.."
JDPT,JAGDISHPUR,ER,"Bhagalpur-Hansdiha Rd, Bhawanipur Desr.."
JDR,JIWDHARA,ECR,"Godhra, Gujarat, India"
JDW,JARAUDA NARA,NR,"Muzaffarnagar, Uttar Pradesh, India"
JEA,NAKAHA JUNGLE,NER,"National Highway 29, Vikas Nagar, Gora.."
JEN,JENAPUR,ECOR,"Jenapur, Odisha, India"
JEP,JEONATHPUR,NCR,"Ram Nagar Industrial Area, Ram nagar, .."
JER,JALESWAR,SER,"Jaleswar, Odisha, India"
JES,JAITSAR,NWR,"6 Bgd, Rajasthan 335702, India"
JET,JAMES STREET,SCR,"James St, Poonamalle, Tamil Nadu, India"
JEUR,JEUR,CR,"Maharashtra, India"
JFG,JAFARGANJ,NR,"Patparganj, New Delhi, Delhi, India"
JGA,JOGIARA,ECR,"Jale-jogiara, Bihar, India"
JGBR,JOGESWAR BIHAR,ECR,"Bihar, India"
JGD,JAGADISHPUR,ER,"Giridih, Jharkhand, India"
JGDL,JAGADAL,ER,"Jagadhri, Haryana, India"
JGE,JAGANNATH TEMPLE GATE,SR,"Jagannath Temple Rd, Surada, Odisha, I.."
JGF,JOGIDIH,ECR,"Jogidih, Jharkhand, India"
JGG,JANGIGANJ,NER,"Raniganj, West Bengal, India"
JGI,JHAGADIYA JN,WR,"Jagadia Rd, Jhagadia, Gujarat 393110, .."
JGJ,JAGESHARGANJ,NR,"Pratapgarh, Uttar Pradesh, India"
JGJN,JUGIJAN,NFR,"Jugijan, Assam, India"
JGKS,JIGNI KHAS H,NER,"Ballia, Uttar Pradesh, India"
JGLP,JATINGA LUMPUR,NFR,"Jatinga Lumpur, NH 54, Assam 788818, I.."
JGM,JHARGRAM,SER,"Jhargram Rail Station, Jhargram, West .."
JGN,JAGRAON,NR,"Jagraon, Punjab, India"
JGNR,JOGENDRANAGAR,NFR,"Surendranagar, Gujarat, India"
JGP,JALALPUR,NER,"Jalalpur, Uttar Pradesh, India"
JGR,JASWANTNAGAR,NCR,"Etawah, Uttar Pradesh, India"
JGW,JOGIWALA,NR,"Jogiwala, Punjab, India"
JGWL,JAGJVAN H,ECR,"Jagjivan College, New Police LIne Rd, .."
JGZ,JAMGAON,SECR,"Jangaon, Andhra Pradesh, India"
JHA,JAKHAURA,NCR,"Jakhaura Reserved Forest, Uttar Prades.."
JHBN,JHAMATPUR BAHARAN,ER,"Harinya, West Bengal, India"
JHD,JEHANABAD,ECR,"Jahanabad, Bihar, India"
JHDC,JAHANABAD COUIRT F,ECR,"Sarh Jahanabad Rd, Uttar Pradesh, India"
JHG,JHINGURA,NCR,"Jhinjara, Punjab, India"
JHH,JHALRA H,NR,"Jhaira, Rajasthan, India"
JHIR,JHIR,NWR,"Rajadhonk, Rajasthan, India"
JHJ,JHAJJAR,NR,"Jhajjar, Haryana 124103, India"
JHK,JETHUKE,NR,"Punjab 151104, India"
JHL,JAKHAL JN,NR,"Jakhal, Haryana, India"
JHMR,JHIMRI,SER,"Hesalang, Jharkhand 832401, India"
JHN,JAKHIM,ECR,"Jakhim, Bihar, India"
JHP,JUHJARPUR,WCR,"Itarsi, Madhya Pradesh 461115, India"
JHT,JUNETA,WCR,"Hoshangabad, Madhya Pradesh, India"
JHW,JHALAWAR ROAD,WCR,"Madhya Pradesh, India"
JHWR,JHAWAR H,NR,"Jhawar, Punjab, India"
JI,JHUSI,NER,"Jhusi, Uttar Pradesh, India"
JIA,JIGNA,NCR,"Jigna, Uttar Pradesh, India"
JIBI,JOLAIBARI,NFR,"Jolaibari, Dakshin Hichachhara, Tripur.."
JID,JAGI ROAD,NFR,"Jagi Rd, Assam, India"
JIGT,JIRIGHAT,NFR,"Manipur Road, Assam 788104, India"
JIL,JALILA ROAD,WR,"17-33 Goldring Street, Julia Creek QLD.."
JIND,JIND JN,NR,"Jind Junction Railway Station, Railway.."
JIR,JIRA ROAD,WR,"Amreli, Gujarat, India"
JIT,JIRAT,ER,"Jirat, West Bengal, India"
JITE,JITE,CR,"Maharashtra, India"
JJ,JAJAU,NCR,"Jajau, Uttar Pradesh, India"
JJA,JAJAN PATTI,WCR,"Jajan Patti Station, Uttar Pradesh, In.."
JJBR,JHANJHARPUR BAZAR H,ECR,"Jhanjharpur Bazar Halt RS, Jhanjharpur.."
JJG,JIAGANJ,ER,"Jiaganj Railway Station, Jiaganj, West.."
JJJ,JAIJON DOABA,NR,"Jaijon Doaba, Punjab, India"
JJK,JHINJHAK,NCR,"Uttar Pradesh, India"
JJKR,JAJPUR K ROAD,ECOR,"Rd, Madala, Odisha, India"
JJN,JHUNJHUNUN,NWR,"Jhunjhunu, Rajasthan, India"
JJP,JHANJHARPUR,ECR,"Madhubani, Bihar, India"
JJR,JEJURI,CR,"Maharashtra, India"
JJT,JAI JAI WANTI,NR,"Jai Jai Wanti, Haryana, India"
JJTI,JHANJHITOLI HALT,ECR,"Hindebili, Jharkhand 835219, India"
JJW,JOJWA,WR,"Gujarat, India"
JK,JAKOLARI,NR,"Jakolari Station, Punjab, India"
JKA,JAKHVADA,WR,India
JKAR,JAKLAIR,SCR,"Jaklair, Telangana, India"
JKB,JAKHALABANDHA,NFR,"Ghorabandha, Jharkhand, India"
JKDK,JHARKHAND DHAM,ECR,"Patardih, Jharkhand, India"
JKDP,JANKIDEIPUR PH,ECOR,"Orissa, India"
JKE,JUKEHI,WCR,"Madhya Pradesh, India"
JKH,JAHANIKHERA,NR,"Lohakhera, Punjab, India"
JKHI,JAKHOD KHERA,NWR,"Jakhod Mingni Khera Rd, Jhakod Khera V.."
JKI,KAURIA JUNGLE H,NER,"Uttar Pradesh, India"
JKL,JALAL KHALI,ER,"Nadia, West Bengal, India"
JKM,JANKAMPET JN,SCR,"Jankampet, Andhra Pradesh, India"
JKMH,JHARKHAND MAHADEV HALT,ECR,"Bihar 802207, India"
JKN,JAKHANIAN,NER,"Ghazipur, Uttar Pradesh, India"
JKNI,JHARKHANDI F,NER,"Jharkhandi, Jharkhand, India"
JKO,JAKKALACHERUVU,SCR,"Jeellacheruvu, Andhra Pradesh, India"
JKP,JHAREKAPUR,NER,"Gorakhpur, Uttar Pradesh, India"
JKPR,JAKHAPURA,ECOR,"Jakhapura, Odisha, India"
JKR,JAULKHERA,CR,"Rajakhera, Rajasthan, India"
JKS,JAKSI,WR,"Gujarat, India"
JKT,JEKOT,WR,"Rajkot, Gujarat, India"
JKZ,JITAKHERI,NWR,"Haryana 127032, India"
JL,JALGAON JN,CR,"Shivaja Nagar, Jalgaon, Maharashtra, I.."
JLBR,JHALUARBAR,SER,"Harbor Line, Chembur, Mumbai, Maharash.."
JLD,JARWAL ROAD,NER,"Jarwal Road, Uttar Pradesh, India"
JLF,JULMI,WCR,
JLG,JULGAON DECEAN HALT,SCR,"Nanded, Maharashtra, India"
JLHI,JHILAHI,NER,"Gonda, Uttar Pradesh, India"
JLI,JALALSI P H,SER,"Jalali, Uttar Pradesh, India"
JLL,JALALGANJ,NR,"JALALPUR- CHAWARI ROAD, Uttar Pradesh,.."
JLLO,JHILO,NWR,"Rajasthan, India"
JLM,JALIYA MATH,WR,"Jaliya Math Railway Station, State Hig.."
JLN,JAKHALAUN,NCR,"Uttar Pradesh, India"
JLPH,JALALPUR HALT,ECR,"Pachmahla, Bihar, India"
JLQ,JALPUR H,NER,"Jaipur, Rajasthan, India"
JLR,JETALSAR JN,WR,"Rajkot, Gujarat, India"
JLS,JALESAR ROAD,NCR,"Uttar Pradesh, India"
JLT,JHAMAT H,NER,"Jhamat, Punjab, India"
JLW,JHALWARA,SECR,"Madhya Pradesh, India"
JLWC,JHALAWAR CITY,WCR,
JLY,JHILMILI,SECR,"Jhilmili, Madhya Pradesh, India"
JM,JALAMB JN,CR,"Jalamb, Maharashtra, India"
JMB,JAMBUSAR JN,WR,"Jambusar, Gujarat, India"
JMBL,JAMBHALI H,SCR,"Jambhali, Maharashtra, India"
JMD,JAMDHA,CR,"Jamda, Maharashtra, India"
JMDG,JAMMALAMADUGU,SCR,"Jammalamadugu, Andhra Pradesh 516434, .."
JME,JAMSHER KHAS,NR,"Jamsher Khas, Punjab, India"
JMG,JAMGA,SECR,"Jamga Station, Chhattisgarh, India"
JMI,JAMGURI,NFR,"Jamuguri, Assam, India"
JMIR,JAMIRA H,ECR,"Jamira, Arrah, Bihar, India"
JMK,JAMUNAMUKH,NFR,"Assam 782428, India"
JMKR,JAWLMUKHI ROAD,NR,"Kangra, Himachal Pradesh, India"
JMKT,JAMIKUNTA,SCR,"Jammikunta, Andhra Pradesh, India"
JML,JUMNAL,SWR,"Karnataka 586108, India"
JMM,JAIMURTINAGAR F,ECR,"Purvi Champaran, Bihar, India"
JMN,JAMUAWAN H,ECR,"Gaya, Bihar, India"
JMP,JAMALPUR JN,ER,"Jamalpur Railway Station, Jamalpur, Bi.."
JMPT,JIMIDIPETA,ECOR,"Jimidipeta Station, Odisha, India"
JMQ,JAMIRGHATA,ER,"Gaighata, West Bengal, India"
JMRA,JAMIRA,NFR,"Bairabi Rd, Jamira Pt I, Assam 788162,.."
JMS,JAMSAR,NWR,"Jamsar, Rajasthan, India"
JMT,JAMTARA,ER,"Jamtara, Jharkhand, India"
JMU,JAMUI,ECR,"Jamui, Bihar, India"
JMV,JAMBARA,CR,"Betul, Madhya Pradesh, India"
JMX,JAMUNI,ECR,"Sidpoki, Jharkhand 828307, India"
JNA,JULANA,NR,"Julana, Haryana, India"
JND,JUNAGADH JN,WR,"Junagadh, Gujarat, India"
JNE,JANIYANA,NWR,"Janiyana Station, Rajasthan, India"
JNH,JANGHAI JN,NR,"Janghai Jn, Janghai, Uttar Pradesh 212.."
JNJ,JUINAGAR,CR,"Juinagar, Navi Mumbai, Maharashtra, In.."
JNK,JHINKPANI,SER,"Jhinkpani, Jharkhand, India"
JNKR,JANAKINAGAR,ECR,"Jamnagar Railway Station, Jamnagar, Gu.."
JNL,JANDIALA,NR,"Jandiala Railway Station, Punjab, India"
JNM,JAYNGR MAJLIPUR,ER,"Jaynagar, West Bengal, India"
JNN,JANUNIATNA,ECR,"Jharkhand 828307, India"
JNNA,JAMUNIATANR HALT,ECR,"Unnamed Road, Bamangora, Jharkhand 828.."
JNO,JUNNOR DEO,CR,"Junnardeo, Madhya Pradesh, India"
JNP,JAGANNATHAPUR,ECOR,"Jagannathapur, Odisha, India"
JNR,JANAKPUR ROAD,ECR,"Sitamarhi, Bihar, India"
JNRD,JUNAGARH ROAD,ECOR,"junagarh, Odisha 766014, India"
JNRI,JALANDARI,WCR,"Jalindri, Rajasthan, India"
JNT,JAINTIPURA,NR,"Jaipur, Rajasthan, India"
JNTR,JINTI ROAD,CR,"Jinti Rd, Jinti-Karmala Rd, Maharashtr.."
JNU,JAUNPUR JN,NR,"Khasanpur, Jaunpur, Uttar Pradesh 2220.."
JNX,JAGNATHJI ROAD,NWR,"Jagannathji Rd, Ahmedabad, Gujarat, In.."
JNZ,JENAL,NWR,"Jenal Railway Station, Gujarat, India"
JO,JO JAGABOR,NWR,"Gujarat, India"
JOA,JANWAL,SCR,"Latur, Maharashtra, India"
JOB,ASALPUR JOBNER,NWR,"Asalpur Railway Station, Asalpur, Raja.."
JOBA,JOBA,WCR,"Karwahi, Madhya Pradesh 486666, India"
JOBT,JOBAT,WR,"Jobat, Dist. - Alirajpur State: Madhya.."
JOC,JOYCHANDI PAHAR,SER,"JOY CHANDI PAHAR TOP, West Bengal"
JOH,JUHARPURA,NWR,"Kesharpura, Gujarat, India"
JOK,JODHKA,NWR,"Jodhka, Haryana, India"
JOL,JOGAL,SER,"National Highway 5, Jogal, Orissa, India"
JOM,JOGI MAGRA,NWR,"MDR 58, Bakliyawas, Rajasthan, India"
JON,JONHA,SER,"Jonha, Jharkhand, India"
JONR,JEONARA PH,SECR,"Pindrai Nainpur Rd, Jeonara, Madhya Pr.."
JOO,KACHEGUDA J OUS,SCR,"OU Quarters(Non-teaching Staff), Osman.."
JOP,JAUNPUR CITY,NR,"Naiganj, Olandganj, Jaunpur, Uttar Pra.."
JOQ,JORAI,NFR,"Jorai Railway Station, Jorai, West Ben.."
JOR,JALOR,NWR,"Jalore, Rajasthan, India"
JOS,JOGESHWARI,WR,"Jogeshwari Railway Station, Station Ro.."
JOX,JANAI ROAD,ER,"Janai Rd, West Bengal"
JP,JAIPUR,NWR,"Jaipur Railway Station, Railway Road, .."
JPAH,JAGDISHPUR A HALT,ECR,"Station Rd, Jagdishpur, Bihar 847422, .."
JPD,JALALPUR DHAI,NR,"Jalalpur Dhai, Uttar Pradesh, India"
JPE,JALPAIGURI ROAD,NFR,"JPE, Jalpaiguri, West Bengal, India"
JPG,JALPAIGURI,NFR,"JPG, Jalpaiguri, West Bengal 735101, I.."
JPH,JHANTIPAHARI,SER,"Jhantipahari, West Bengal 722137, India"
JPI,JHADUPUDI,ECOR,"Jhadupudi, Andhra Pradesh, India"
JPL,JAPLA,ECR,"Railway Colony, Japla, Jharkhand, India"
JPM,JIYAPURAM,SR,"Tiruchirappalli, Tamil Nadu, India"
JPML,JAI PRAKASH MAHULI H,ECR,"Patna, Bihar, India"
JPO,JORA ALAPUR,NCR,"Joura Railway Station, Joura, Madhya P.."
JPP,JALALPUR PANWARA F,NER,"Jalalpur Panwara Railway Station, Nati.."
JPQ,JHAPANDANGA,ER,"Jhapandanga, West Bengal, India"
JPR,JAKPUR,SER,"Kharagpur Bypass, West Bengal, India"
JPRD,JENAPUR ROAD PH,ECOR,"Delang, Orissa, India"
JPS,JMLPR SHAIKHAN,NR,"Haryana 125120, India"
JPV,JMTRA PARASWARA,SECR,"Jabalpur, Madhya Pradesh, India"
JPZ,JOGIGHOPA,NFR,"Jogighopa Rail Station, Jogighopa, Ass.."
JRA,JARAIKELA,SER,"Jaraikela, Odisha, India"
JRAE,JAUGRAM,ER,"Jaugram, West Bengal, India"
JRBM,JIRIBAM,NFR,"Jiribam, Manipur, India"
JRC,JALANDHAR CANT,NR,"Jalandhar, Punjab, India"
JREA,JHAREDA,NCR,"Badwara, Rajasthan, India"
JRG,JUGPURA,SER,"Jugpura Road, Orissa, India"
JRJ,JARGAON,NR,"Kargaon, Maharashtra, India"
JRJE,GARJEE,NFR,"Tripura 799125, India"
JRK,JERUWA KHERA,WCR,"Sagar, Madhya Pradesh, India"
JRKN,JORKIAN,NWR,"Jodkiyan, Rajasthan 335512, India"
JRKT,JADRAMA KUNTI,SWR,"Jadramakunti, Karnataka 587207, India"
JRL,JHARILI,NWR,"Haryana 124106, India"
JRLE,JANGIPUR ROAD,ER,"Mianpur Railgate, Mianpur, Raghunathga.."
JRLI,JAROLI,SER,"Karoli, Haryana, India"
JRMA,JHARMUNDA,ECOR,"Jharsamunda, Dist. - Subarnapur State:.."
JRMG,JAIRAMNAGAR,SECR,"Bilaspur, Chhattisgarh, India"
JRNA,JIRANIA,NFR,"National Highway 44, Tripura, India"
JRO,JIRON,NCR,"Jiron Station, Madhya Pradesh, India"
JRPD,JARAPADA,ECOR,"Jarapada, Odisha, India"
JRQ,JHAROKHAS,ECR,"Kalpataru Jharokha, Akruli Rd, Kandiva.."
JRR,JUGAUR,NR,"Gomti Nagar, Lucknow, Uttar Pradesh, I.."
JRS,JORAVASAN,WR,"Purushottam Park Road, Gujarat 396375,.."
JRT,JARTI,ECOR,"Jarti Station, Maliguda Range, Odisha,.."
JRTB,JHARTARBHA,ECOR,"PPX5+MV Jhartarbha, Odisha, India"
JRTR,JURTARA H,SECR,"Seoni, Madhya Pradesh, India"
JRU,CHIKJAJUR JN,SWR,"Chikkajajur, Karnataka, India"
JRV,JUNA RAJUVADIYA,WR,"Gujarat 393140, India"
JRW,JORAMOW,ER,"Jharkhand 815353, India"
JRX,JURIAGAON,NFR,"Assam 782124, India"
JRZ,JORANDA ROAD,ECOR,"Simlipal National Park, Similipal Fore.."
JS,JESSORE JN,BR,
JSA,JASAI,NWR,"Jasai, Maharashtra, India"
JSB,YAMUNA SOUTH BANK,NCR,"Uttar Pradesh, India"
JSC,JALESAR CITY,NCR,"Jalesar, Uttar Pradesh, India"
JSD,JAISINGDER,NWR,"Barmer, Rajasthan, India"
JSE,JAMSOLE,SER,
JSG,JHARSUGUDA JN,SER,"Jharsuguda Railway Station, Jharsuguda.."
JSGR,JHARSUGUDA ROAD,ECOR,"Sarbahal, Jharsuguda, Odisha, India"
JSI,JASALI,WR,"Banaskantha, Gujarat, India"
JSKA,JATAULA SAMPHKA,NR,"Haily Mandi, Haryana, India"
JSM,JAISALMER,NWR,"Jaisalmer Railway Station, National Hi.."
JSME,JASIDIH JN,ER,"Jasidih Junction, Jasidih, Jharkhand, .."
JSP,JAYASINGPUR,CR,"Jaysingpur, Maharashtra, India"
JSPR,JASHAPAR,WR,"Gujarat 360531, India"
JSR,JASRA,NCR,"Jasra, Uttar Pradesh, India"
JSRD,JHANKADA SARALA ROAD PH,ECOR,"Jagatsinghpur, Odisha, India"
JSS,JASIA H,NR,"Haryana 124303, India"
JSV,JARANDESHWAR,CR,"Raneshwar, Jharkhand, India"
JTB,JAGATBELA,NER,"Gorakhpur, Uttar Pradesh, India"
JTDM,JATDUMRI JN,ECR,"Bihar 804453, India"
JTH,JHOK TAHAL SINGH,NR,"Jhok Tehal Singh, Punjab, India"
JTI,JAITHARI,SECR,"Shahdol, Madhya Pradesh, India"
JTIN,JETHIAN,ECR,"Jethian Station Rd, Bihar 823311, India"
JTJ,JOLARPETTAI,SR,"Jolarpettai Junction, Jolarpet, Tamil .."
JTK,JHITKIA,NFR,"West Bengal, India"
JTKN,JAITPUR KALAN HALT,NCR,"Jaitpur Kalan, Jaitpur Kalan Station R.."
JTL,JHAPATER DHAL,ER,"Grand Trunk Rd, West Bengal, India"
JTN,JOTANA,WR,"Jotana, Gujarat, India"
JTO,JUTOGH,NR,"Jutogh, Himachal Pradesh, India"
JTP,JETPUR,WR,"Jetpur Navagadh Railway Station, Jetpu.."
JTR,JATKANHAR,SECR,"Jatkanhar Station, Chhattisgarh, India"
JTRD,JATH ROAD,CR,"Jath Rd, Maharashtra, India"
JTS,JATUSANA,NWR,"Nanagal Pathani Road, Haryana 123401, .."
JTT,JUMA PATTI,CR,"Maharashtra 410101, India"
JTTN,JORHAT TOWN,NFR,"Assam 785001, India"
JTU,JAITIPUR,NR,"Lucknow, Uttar Pradesh, India"
JTW,JAITWAR,WCR,"Jatwar, Haryana, India"
JTY,JETHI,NWR,Jethi T Sipahi Malani Co-Operative Hou..
JU,JODHPUR JN,NWR,"Jodhpur Railway Station, Ratanada, Jod.."
JUA,JARAUNA,NR,"Jarauna Station jaunpur, Uttar Pradesh"
JUBS,JUBBASAHANI,ECR,"Bypass Road, Bihar"
JUC,JALANDHAR CITY,NR,"Jalandhar Railway Station, Jalandhar, .."
JUCT,JODHPUR CANTT,NWR,"New Roop Nagar, Jodhpur, Rajasthan, In.."
JUDW,JAGADHRI WSHOP,NR,"Yamunanagar, Haryana, India"
JUJA,JUJUMURA,ECOR,"Jujumura, Odisha, India"
JUK,JAULKA,SCR,"Jaulka, Maharashtra, India"
JUL,JHULASAN,WR,"Gujarat, India"
JUNX,JUNONA H,SCR,"Junona, Maharashtra, India"
JUP,JHUNPA,NWR,"Jhunpa, Haryana, India"
JUR,JUTTURU,SCR,"Sutturu, Karnataka, India"
JVA,JAVALE,CR,"Javale, Maharashtra, India"
JVL,JAMWALA,WR,"Jamwala Railway Station, Gujarat, India"
JVN,JORAWARNAGAR JN,WR,"Surendranagar, Gujarat, India"
JVT,JIBANTI H,ER,"West Bengal 742187, India"
JW,JATWARA,NWR,"Garholi, Rajasthan 303305, India"
JWB,JAWAI BANDH,NWR,"Jawai Bandh, Rajasthan"
JWK,JAWAHARPUR KAMSAN H,NCR,"Bawsa, Uttar Pradesh 207001, India"
JWKA,JANDWALA KHARTA,NR,
JWL,JAJIWAL,NWR,"Gajwel, Andhra Pradesh, India"
JWLS,JAWANWALA SHAHR,NR,"Jawanwala Shahr Railway Station, Jawal.."
JWN,JIWA ARAIN,NR,"152023, India"
JWNR,JAWAHARNAGAR,NFR,"Kutch, Gujarat, India"
JWO,JAWAD ROAD,WR,"Chittaurgarh, Rajasthan, India"
JWP,JWALAPUR,NR,"Jwalapur Railway Station, Jwalapur, Ut.."
JWS,JHARWASAA,NWR,"Jharsa, Sector 39, Gurgaon, Haryana, I.."
JXN,JIRONA H,SCR,"Nanded, Maharashtra, India"
JYG,JAYNAGAR,ECR,"Jaynagar Railway Station, Jaynagar, Bi.."
JYK,JONE KARRANG,NFR,"Unnamed Road, Assam 787060, India"
JYM,JAI SAMAND ROAD,NWR,"Udaipur, Rajasthan, India"
JYP,JEYPORE,ECOR,"Railway Stattion Rd, Jeypore, Chhattis.."
KAA,KAURARA,NCR,"Kerala, India"
KAC,KASAP,ECR,"Kasap, Dist - Bhojpur, PIN - 802206"
KAD,KHANDALA,CR,"Khandala, Maharashtra, India"
KADA,KHANDALA MP,WR,"Khandala, Madhya Pradesh, India"
KADH,KHAIRADIH H,ECR,"Kharadi, Pune, Maharashtra, India"
KADI,KADI,WR,"Kadi Railway Station, Kadi, Gujarat, I.."
KADL,KUMRADOL,ER,"Dumka Hansdiha Road, Gokula Tola Bhalj.."
KAG,KODAGANUR,SWR,"Kodaganur, Karnataka, India"
KAGA,KURHAGADA,ECR,"Kurhagada, Jharkhand 825201, India"
KAGJ,KALIAGANJ,NFR,"Terhagachh, Bihar 855101, India"
KAGR,KAHANGARH H,NR,"Kahangarh, Punjab, India"
KAH,KALHAR,WCR,"Kalher, Andhra Pradesh, India"
KAHL,KARHAL,NCR,"Karhal, Uttar Pradesh 205264, India"
KAI,KAIRLA,NWR,"Karla, Maharashtra, India"
KAJ,KALIYANGANJ,NFR,"Uttar Dinajpur, West Bengal, India"
KAJG,KAJG,SCR,"Lakhmapurwadi, Maharashtra 423703, India"
KAKI,KAKNI,ER,"Jamua, Jharkhand, India"
KAKN,KAIMARAKALAN,NCR,"Madhya Pradesh, India"
KAL,KALLAL,SR,"Sivaganga, Tamil Nadu, India"
KALI,KAILI,NR,"Kaili, Uttar Pradesh, India"
KALM,KALAMB,CR,"Kamathwada, Maharashtra 445401, India"
KALN,KALANA,NWR,"Hanumangarh, Rajasthan, India"
KALS,KALASA H,SWR,"Kalasa, Karnataka, India"
KAMA,KAMTA HALT,ECR,"Main Rd, Hilsa, Bihar 801302, India"
KAMG,KAMAKHYAGURI,NFR,"Kamakhyaguri Stn, West Bengal, India"
KAMP,KAMALPUR H,NCR,"Kamalpur, Tripura, India"
KAMR,KHURRAMPUR H,ECR,"Bihar 801301, India"
KAN,KHANA JN,ER,"Khana Junction, West Bengal, India"
KANJ,KANIL,WR,"Kanal Ave, Maharashtra 402 109, India"
KANO,KANOH,NR,"Waknaghat, Himachal Pradesh, India"
KANR,KUKANUR,SWR,"Kuknoor, PIN - 583232, Dist. - Koppal .."
KANS,KANSIYA NES,WR,"Gujarat 362135, India"
KAO,KALUBATHAN,ER,"Kalubathan, Jharkhand, India"
KAOT,KAOTHA,CR,"Kota, Rajasthan, India"
KAP,KALIANPUR,NER,"Kalyanpur, Kanpur, Uttar Pradesh, India"
KAPE,KAKAPORA,NR,"Railway colony, Kakapora, 191113"
KAPG,KALUPARA GHAT,ECOR,"Kalupara Ghat Station, Odisha, India"
KAPP,KHARIAPIPRA HALT,ER,"Katgala, Bihar 813201, India"
KAPU,KIRATPUR,NCR,"Kiratpur, Uttar Pradesh 205119, India"
KAQ,KOLANUKONDA,SCR,"Andhra Pradesh, India"
KAR,KARNA,NR,"Hardoi, Uttar Pradesh, India"
KARD,KAMAN ROAD,CR,"Navghar, Maharashtra, India"
KARH,KAKRAHA REST HOUSE,NER,"Dharmpur, Uttar Pradesh 271855, India"
KARI,KHARI,NR,"Village Khari, District - Ramban - 182.."
KARJ,KARJHAUSA,ER,"Tola Phulwaria Kalan, Bihar 813102, In.."
KARK,KARAIKKURICHCHI,SR,"Pudukudi Karaikurichi Railway Station,.."
KARO,KHARIO P H,SER,"Khair, Uttar Pradesh, India"
KARP,KHARKOPAR,CR,"Ulwe, Navi Mumbai, Maharashtra, India"
KARR,KHARAR,NR,"Kharar, Punjab, India"
KART,KIRATPUR SAHIB,NR,"Anandpur Sahib, Punjab, India"
KASA,KANSA,WR,
KASH,KULTHAM ABDULLA SHAH H,NR,"Punjab 144504, India"
KASR,KANAS ROAD,ECOR,"Kanas Rd, Odisha, India"
KASU,KASU,CR,"Kasu, Maharashtra, India"
KAT,KHATAULI,NR,"Shivpuri, Khatauli, Uttar Pradesh, India"
KATB,KHATKURA P H,SER,"Jharkhand, India"
KATI,KANTHI P H,SER,"Kanthi, West Bengal, India"
KATL,KATOL,CR,"Nagpur, Maharashtra, India"
KAU,KACHNA,NFR,"Anugrah Educational Society Office, Ka.."
KAUA,KATHAUTIA,ECR,"Kathoutia, Jharkhand 825201, India"
KAV,KALAMNA,SECR,"Kalamna Station, Nagpur, Maharashtra, .."
KAVM,KATHIVAKKAM,SR,"Kathivakkam, Ennore, Chennai, Tamil Na.."
KAVR,KALAVOOR,SR,"Kalavoor, Kerala, India"
KAW,KHAJURI,WCR,"Khajuri, Haryana, India"
KAWL,KANDWAL,NR,"Kandwal, Punjab, India"
KAWR,KARWAR,KR,"Karwar Railway Station, Shirwad, Karwa.."
KAWT,KANWAT,NWR,"Sikar, Rajasthan, India"
KAY,KARAIMADAI,SR,"Karamadai, Tamil Nadu, India"
KAYI,KAYDI HALT,SECR,"Balaghat, Madhya Pradesh, India"
KB,KHAIRABAD AVADH,NER,"Sitapur, Uttar Pradesh, India"
KBA,KURABALAKOTA,SCR,"Kurabala Kota, Andhra Pradesh, India"
KBE,KUREBHAR,NR,"Uttar Pradesh, India"
KBGB,KOMAGATA MARU BUDGE,ER,"Budge Budge, Kolkata, West Bengal, India"
KBGH,KAREA KADAMBAGACHI,ER,"North 24 Parganas, West Bengal, India"
KBH,KHANDBAARA,WR,"Nandurbar, Maharashtra, India"
KBI,KAMBRGANVI,SWR,"Kumbaragundi, Bangalore, Karnataka, In.."
KBJ,KANTABANJI,ECOR,"Kantabanji, Odisha, India"
KBK,KHAMIL GHAT,NWR,"Kamalighat, Rajasthan, India"
KBKN,KHABRA KALAN,NWR,"Khabra Kalan Halt, Haryana, India"
KBL,KOPPAL,SWR,"Koppal, Karnataka, India"
KBM,KOTABOMMALI,ECOR,"Srikakulam, Andhra Pradesh, India"
KBN,KARBIGWAN,NCR,"Karbigwan Railway Station, Karbigwan, .."
KBP,KUBERPUR,NCR,"Manpur - Sauj Road, Bhagupur, Uttar Pr.."
KBPR,KABAKAPUTTUR,SWR,"Padil, Puttur, Karnataka, India"
KBQ,KUMRABAD ROHINI,ER,"Rohini, Jharkhand 814152, India"
KBR,KABRAI,NCR,"Kabrai, Uttar Pradesh, India"
KBRV,KANJARI BORIYAV,WR,"Gujarat, India"
KBSH,KRISHNA BALLABH SAHAY,ER,"Gobindpur, Jharkhand 815312, India"
KBSN,KASBE SUKENE,CR,"Kasabe Sukene, Maharashtra, India"
KBT,KADAMBATTUR,SR,"Ambattur, Tamil Nadu, India"
KBU,KASU BEGU,NR,"Punjab 152004, India"
KBY,KHOIRABARI,NFR,"Khoirabari, Assam, India"
KCA,KUCHMAN,ECR,"Kuchman Railway Station, Uttar Pradesh.."
KCAB,K CABIN,SER,
KCC,KRISHNA CANAL,SCR,"Tadepalli, Andhra Pradesh, India"
KCD,KURICHEDU,SCR,"Kurichedu, Andhra Pradesh, India"
KCE,KINGS CIRCLE,CR,"Kings Cir, Matunga East, Mumbai, Mahar.."
KCF,KALCHINI,NFR,"Kalchini, West Bengal, India"
KCG,KACHEGUDA,SCR,"Kacheguda, Hyderabad, Andhra Pradesh, .."
KCHV,KACHCHANVILAI,SR,"Kandanvilai, Tamil Nadu, India"
KCI,KALLKIRI,SCR,"Kalkere, Karnataka, India"
KCJ,KASIMPUR,NR,"Rae Bareli, Uttar Pradesh, India"
KCKI,KECKHI,ECR,"Unnamed Road, Jharkhand 822111, India"
KCLA,KENCHANALU H,SWR,"Kenchanala, Karnataka 577426, India"
KCM,KALASAMUDRAM,SCR,"Kalasamudram, Andhra Pradesh, India"
KCN,KARCHANA,NCR,"Karchana Rd, Jari Bazar, Uttar Pradesh.."
KCNR,KACHNARA ROAD,WR,"Madhya Pradesh, India"
KCO,KACHHIA BRIDGE,NER,"Uttar Pradesh, India"
KCP,KALGUPUR,SCR,"Kolhapur, Maharashtra, India"
KCR,KHONKER,WCR,"Khonker Railway Station, Madhya Prades.."
KCT,KERAKAT H,NER,"Kerakat, Uttar Pradesh, India"
KCU,KACHHLA,NER,"Kachhla, Uttar Pradesh, India"
KCV,KRISHNA CH PURA,SER,"NH2-Bhuteshwar Rd, Uttar Pradesh, India"
KCY,KAICHAR,ER,"Koichor Railway Station, West Bengal 7.."
KCYN,KACHHIYANA HALT,ECR,"Siswan, Bihar, India"
KCZ,KAIRON,NR,"Kairon, Punjab, India"
KD,KUNDARKHI,NR,"Kundarki, Uttar Pradesh, India"
KDAA,KADA,CR,MH SH 157 State: Maharashtra
KDBA,KODIMBALA H,SWR,"Kodimbala, Karnataka, India"
KDBR,KHADKI BAZAR H,SCR,"Khadki, Pune, Maharashtra, India"
KDCY,KEVADIYA,WR,"Kevadiya, Gujarat 393151, India"
KDE,KORADACHERI,SR,"Koradacheri, Tamil Nadu, India"
KDER,KUNDER H,ECR,"Kundar, Bihar 811310, India"
KDF,KHUNDAUR,NR,"Khundaur, Uttar Pradesh, India"
KDG,KEDGAON,CR,"Boripardhi, Maharashtra, India"
KDGH,KODIGEHALLI,SWR,"Bangalore, Karnataka 560097, India"
KDGI,KUDGI H,SWR,"Kudgi, Karnataka, India"
KDGL,KONDRAPOLE H,SCR,"Kondrapole, Andhra Pradesh, India"
KDGO,KADOGAON HALT,NFR,"Sabodangi, Bihar 855108, India"
KDH,KHARDAHA,ER,"Khardaha, Kolkata, West Bengal, India"
KDHA,KARCHHA,WR,"Madhya Pradesh, India"
KDHI,KALADEHI,SECR,"Kaladgi, Karnataka, India"
KDHL,KUNDHELA,WR,"GJ SH 11, Palaswada, Gujarat 391760, I.."
KDHN,KANDHARAN H,NWR,"Kandhare Poultry Farm, Maharashtra"
KDI,KUNDLI,WR,"Gujarat, India"
KDJ,KHUDAGANJ,NER,"Khudaganj, Uttar Pradesh, India"
KDJB,KHUDAGANJ BAZAR,ECR,"Panahar, Bihar 801303, India"
KDJR,KENDUJHARGARH,ECOR,"Kendujhar, Orissa, India"
KDKL,KODAKANDLA,SCR,"Ananthasagar, Siddipet District State:.."
KDKN,KENDUKANA,NFR,"Ghopla, Assam, India"
KDLG,KUNDALGARH,NWR,"Kundalgarh Railway Station, Rajasthan,.."
KDLR,KANDEL ROAD,ECOR,"Kalahandi, Odisha, India"
KDM,KESAMUDRAM,SCR,"Kesamudram, Andhra Pradesh, India"
KDMD,KANDAMBAKKAM,SR,"Nandambakkam, Tamil Nadu, India"
KDMR,KODIYAR MANDIR,WR,"Bhavnagar, Gujarat, India"
KDN,KUDATINI,SWR,"Kudatini, Karnataka, India"
KDNL,KADAYNALLUR,SR,"Kadayanallur, Tamil Nadu, India"
KDO,KADAKOLA,SWR,"Kadakola, Karnataka, India"
KDP,KONDAPURAM,SCR,"Kadapa, Andhra Pradesh, India"
KDPA,KHADAPA,ECOR,"Kadapa, Andhra Pradesh, India"
KDPR,KUMEDPUR,NFR,"Kumedpur, Talgram, West Bengal 855113"
KDPS,KADIPUR SANI H,NER,"Lakhimpur Kheri, Uttar Pradesh, India"
KDQ,KADIPUR,NER,"Varanasi, Uttar Pradesh, India"
KDRA,KADAMPURA H,ECR,"Supaul, Bihar, India"
KDRD,KHULDIL ROAD,ECR,"Uttar Pradesh, India"
KDRI,KENDRI,SECR,"Kendri, Chhattisgarh, India"
KDRP,KANDARPUR,ECOR,"Kandarpur, Odisha, India"
KDS,KUSUNDA JN,ECR,"Matkuriya, Dhanbad, Jharkhand 826001, .."
KDSB,KHADUR SAHIB H,NR,"Khadur Sahib, Punjab, India"
KDSD,KUDSAD,WR,"Kudsad, Gujarat, India"
KDT,KHADARPET,SCR,"Khadarpet, Tiruppur, Tamil Nadu, India"
KDTN,KADETHAN,CR,"Pune, Maharashtra, India"
KDTR,KIRODIMALNAGAR,SECR,"Kirodimalnagar Station, Chhattisgarh, .."
KDTY,KADUTURUTTY,SR,"Kaduthuruthi, Kerala, India"
KDU,KADAMBUR,SR,"Kadambur, Tamil Nadu, India"
KDUH,KUNDURU,SCR,"KUNDURU, Karnataka, India"
KDV,KHADAVLI,CR,"Khadavli, Khadaoli, Maharashtra, India"
KDVI,KADAVAI,KR,"Maharashtra 415609, India"
KDX,KADABARI HAT,NFR,"Mandalghat, West Bengal, India"
KDY,KETTANDAPATTI,SR,"Kathalapatti, Tamil Nadu, India"
KDZ,KANDAGHAT,NR,"Kandaghat, Himachal Pradesh, India"
KE,KHARDI,CR,"Khardi, Maharashtra, India"
KEA,KATRA (UP),NER,"Uttar Pradesh, India"
KEB,KARAMBELI,WR,"Gujarat, India"
KED,KENDUAPADA,ECOR,"Kenduapada, Odisha, India"
KEE,KASEETAR,ER,"815351, India"
KEF,KRISHNAMA KONA,SCR,"Andhra Pradesh 518112, India"
KEG,KARENGI,NR,"Karengi, Uttar Pradesh, India"
KEH,KAPSETI,NR,"Kapsethi Railway Station, Kapseti, Utt.."
KEI,KASHI,NR,"Kashi Railway station, Varanasi, Uttar.."
KEJ,KATHLEEGHAT,NR,"Kathleeghat, National Highway 22, Hima.."
KEK,KARKHELI,SCR,"Nanded, Maharashtra, India"
KEM,KEM,CR,"Kem, Maharashtra, India"
KEMK,KHEM KARAN,NR,"Khem Karan, Punjab, India"
KEMR,KEMRI,NER,"Kemri, Uttar Pradesh, India"
KEN,KOTALA,SCR,"Chittoor, Andhra Pradesh, India"
KENP,KENDRAPARA,ECOR,"Dhuria market, Near NH53, Dist-Kendrap.."
KEP,KELANPUR,WR,"GJ SH 11, Kelanpur, Gujarat 391760, In.."
KEPR,KOIRIPUR,NR,"Uttar Pradesh, India"
KER,KIRIHRAPUR,NER,"Kharagpur, West Bengal, India"
KES,KESRI,NR,"Sangvi Kesri Rd, Aundh, Pune, Maharash.."
KESR,KESRI SINGHPUR,NWR,"RJ SH 7B, Kesrisinghpur, Rajasthan 335.."
KETI,KEOTI,SECR,"Chhattisgarh 494669, India"
KEU,KETTUR,CR,"Kettur, Maharashtra 413206, India"
KEV,KELA DEVI,WCR,"Kela Devi Mandir, Vijayanagar Colony, .."
KEX,KHEKRA,NR,"Khekra, Uttar Pradesh, India"
KEY,KAGANKARAI,SR,"Kagankarai Station, Tamil Nadu, India"
KEZ,KELZAR,SECR,"Kelzar, Maharashtra, India"
KFA,KOPARIA,ECR,"Bihar, India"
KFC,KALPATTICHATRAM,SR,"Pakirikaradu R.F., Tamil Nadu 621315, .."
KFD,KARANJADI,KR,"Raigad, Maharashtra, India"
KFE,KURIKAD,SR,"Kureekad, Kerala, India"
KFF,KOLDA,WR,"Nandurbar, Maharashtra, India"
KFH,KATPHAL,CR,"Katphal, Maharashtra, India"
KFI,KAPPIL,SR,"Kappil Railway Station, Kappil, Kerala.."
KFK,KATKA,NER,"Katka, Uttar Pradesh, India"
KFN,KANOR,NWR,"Udaipur, Rajasthan, India"
KFP,KUKRA KHAPA,SECR,"Kukra Khapa Railway Station, Madhya Pr.."
KFPR,KAFURPUR,NR,"Jyotiba Phule Nagar, Uttar Pradesh, In.."
KFQ,KUMARANALLUR,SR,"Kumaranalloor, Kumaranalloor Temple Rd.."
KFT,KAJRI,ECR,"NH 98, Kathuatia, Jharkhand 822123, In.."
KFU,KOHAND,NR,"Kohand, Haryana, India"
KFV,KUNDARA EAST,SR,"Kundara, Kerala, India"
KFX,KOCHEWAHI,SECR,"Badi Kochewahi, Madhya Pradesh, India"
KFY,KARAPGAON,WCR,"Karapgaon, Madhya Pradesh, India"
KGA,KHAGA,NCR,"Fatehpur, Uttar Pradesh, India"
KGB,KARGI ROAD,SECR,"Bilaspur, Chhattisgarh, India"
KGBP,KHONGSANG,NFR,"Jiribam - Imphal Rd, Khongsang State: .."
KGBS,KISHANGARH BALAWAS,NWR,"Kishangarh Balawas Railway Station, Ha.."
KGD,KALLIGUDI,SR,"Kalligudi, Tamil Nadu, India"
KGE,KATANGI,SECR,"Katangi, Madhya Pradesh, India"
KGF,KATHGHAR,NR,"Katihar, Bihar, India"
KGG,KHAGARIA JN,ECR,"Khagariya Railway Station, Khagaria, B.."
KGI,KENGERI,SWR,"Kengeri Railway Station, Stage II, Ken.."
KGIH,KALGURKI H,SWR,
KGK,KANKURGACHHI ROAD JN,ER,"Beleghata, Kolkata, West Bengal, India"
KGKD,KANG KHURD,NR,"Bus Stop Bharta Khurd, Punjab, India"
KGL,KUPGAL,SCR,"Kupgal, Andhra Pradesh, India"
KGLE,KHAGRAGHAT ROAD,ER,"Khagraghat - Chowrigacha, West Bengal,.."
KGM,KATHGODAM,NER,"Nainital, Uttarakhand, India"
KGMR,KANGRA MANDIR,NR,"Kangra, Himachal Pradesh, India"
KGN,KURSEONG,NFR,"Kurseong, West Bengal, India"
KGP,KHARAGPUR JN,SER,"Kharagpur Junction, Kharagpur, West Be.."
KGQ,KASARAGOD,SR,"Kasaragod, Kerala, India"
KGRA,KANGRA,NR,"Housing Board Colony, Kangra, Himachal.."
KGS,KHONGSARA,SECR,"Khongsara, Chhattisgarh, India"
KGV,KONAGAYALLI,SWR,
KGW,KARIGANURU,SWR,"Bellary, Karnataka, India"
KGX,KANGINHAL,SWR,"Neginhal, Karnataka, India"
KGY,KULGACHIA,SER,"Kulgachia, West Bengal, India"
KGZ,KARUNGUZHI,SR,"Kanchipuram, Tamil Nadu, India"
KH,KAHILIYA,NR,"Kahilia, Uttar Pradesh, India"
KHA,KHAIGAON,WCR,"Kalaigaon, Assam, India"
KHAA,KHARAIADIH,ER,"GR5H+9G, Arazi Rhawi, Jharkhand 814157.."
KHAG,KHARGHAR,CR,"Kharghar, Navi Mumbai, Maharashtra, In.."
KHAI,KHIRAI,SER,"National Highway 6, West Bengal, India"
KHAR,KHAR ROAD,WR,"Khar Rd, Mumbai, Maharashtra, India"
KHAT,KHAT,SECR,"Khat Station, Maharashtra, India"
KHBJ,KHANNA BANJARI,WCR,"Madhya Pradesh, India"
KHBV,KHARBAV,CR,"Kharbao, Maharashtra, India"
KHC,KHORANA,WR,"Khorana, Gujarat, India"
KHDB,KHODIYAR,WR,"KHODIYAR LAKE, Gujarat"
KHDH,KARAHDIH H,ECR,"Bihar 803117, India"
KHDI,KHANDERI,WR,"Rajkot, Gujarat, India"
KHDP,KHUDLAPUR F,NER,"Kolhapur, Maharashtra, India"
KHDR,KHANDARI HALT,NR,"Haryana 131301, India"
KHE,KANKATHER,NR,"Kankather, Uttar Pradesh, India"
KHED,KHED,KR,"Khed, Maharashtra, India"
KHF,KHANTAPARA,SER,"Kottapara, Kerala, India"
KHGP,KHARGAPUR,NCR,"Phuter Chak-2, Madhya Pradesh 472115, .."
KHGR,KASHINAGAR H,ER,"Kashinagar, West Bengal, India"
KHH,KICHHA,NER,"Kichha Railway Station, Kichha, Uttara.."
KHHJ,KHATKAR KALAN JHANDAJI,NR,"Punjab 144512, India"
KHI,KURHANI,ECR,"Kurhani, Bihar, India"
KHJ,KHAJRAHA,NCR,"Khajraha Station, Uttar Pradesh, India"
KHJA,KHANJA H,NER,"Khanja Halt Station, Uttar Pradesh, In.."
KHKN,KHERA KALAN,NR,"New Delhi, Delhi 110042, India"
KHKT,KHOTKHOTI,NFR,"Khatkhati, Assam, India"
KHLL,KETOHALLI H,SWR,"Ketohalli Railway Station, Karnataka, .."
KHM,KUSMHI,NER,"Kushta, Maharashtra, India"
KHMA,KHATIMA,NER,"Khatima, Uttarakhand, India"
KHN,KHANYAN,ER,"Khanyan, West Bengal, India"
KHNM,KUNDA HARNAMGNJ,NR,"Pratapgarh, Uttar Pradesh, India"
KHNP,KHANAPUR DECCAN,SCR,"Kapplapur A, Karnataka, India"
KHNR,KACHNARA,WR,"Madhya Pradesh, India"
KHOH,KHOH,NCR,"Kaushambi, Uttar Pradesh, India"
KHPI,KHOPOLI,CR,"Khopoli, Maharashtra, India"
KHPL,KHALIPALI,ECOR,"Khalipali Station, Odisha, India"
KHPR,KHALIPUR,WR,
KHQ,KHARIK,ECR,"Kharik, Bihar, India"
KHR,KHAIREE,SECR,"Khaire Tarf Wada, Maharashtra, India"
KHRA,KACHERA,NWR,"Kacheri, Kerala, India"
KHRI,KHARKHARI,SER,"Kharkhari, Rajasthan, India"
KHRJ,KUMBHRAJ,WCR,"Madhya Pradesh, India"
KHRK,KHARAK,NWR,"Kharak, kharak Village, Haryana, India"
KHRY,KHAIRAHI,NCR,"Basawa Nisph, Uttar Pradesh 231216, In.."
KHS,KHARSIA,SECR,"Raigarh, Chhattisgarh, India"
KHSN,KHERA SANDHAN H,NCR,"Mathura, Uttar Pradesh, India"
KHT,SRI KALAHASTI,SCR,"Srikalahasti, Andhra Pradesh, India"
KHTG,KHATGAON,WR,"Nandurbar, Maharashtra, India"
KHTI,KUSHTAGI,SWR,Kushtagi State: Karnataka
KHTN,KHUTAUNA,ECR,"Khutuana, Bihar, India"
KHTX,KHED TEMPLE,NWR,"Khed Temple Halt Station, Rajasthan, I.."
KHU,KHURHAND,NCR,"National Highway 76, Uttar Pradesh, In.."
KHUH,KHARUARA HALT,ECR,"Kharuara, Bihar 803110 State: Bihar"
KHUT,KHUNTALA,NWR,"Khuntla Salauna, PIN - 322211, Dist. -.."
KHV,KARAINTHI,NR,"Haryana 124001, India"
KHW,KHERODA,NWR,"Khordha, Odisha, India"
KI,KONDAPALLI,SCR,"Kondapalli, Andhra Pradesh, India"
KIA,KHARI AMARPURA,WR,"Amrapur, Gujarat, India"
KIAD,KEMPEGOWDA INT AIRPORT,SWR,"Boovanahalli, Karnataka 562157, India"
KIAT,KYATSANDRA,SWR,"Tumkur, Karnataka, India"
KIB,KIZHA AMBUR,SR,"Kizha Ambur Railway Station, Tamil Nad.."
KIC,KALLIDAIKURICHI,SR,"Kallidaikurichi, Tamil Nadu, India"
KID,KHAIRAR JN,NCR,"Uttar Pradesh, India"
KIE,KHIRIA KHURD H,NER,"Khiria Khurd Protected Forest, Uttar P.."
KIF,KURI,SR,"Mylom-Kura Road, Kura, Thalavoor, Kera.."
KIG,KOLAGHAT,SER,"Kolaghat, West Bengal, India"
KIGL,KUNIGAL,SWR,"S V Nilaya, Kunigal, Karnataka 572130,.."
KII,KILLE,SR,"Kille, Tamil Nadu, India"
KIJ,KULDIHA,SER,"Kuldiha, Odisha, India"
KIK,KARAIKAL,SR,"Karaikal, Pondicherry, India"
KIKA,KURWAI KETHORA,WCR,"Kurwai Kethora Station, Madhya Pradesh.."
KILE,KANDIVLI,WR,"Kandivali East, Mumbai, Maharashtra, I.."
KIM,KIM,WR,"Kim, Gujarat, India"
KIN,KAPASAN,NWR,"Kapasan, Rajasthan, India"
KIP,KHALILPUR,NR,"SH 26, Haryana, India"
KIQ,KHAI PHEMEKI,NR,"Khai Pheme Ki, Punjab, India"
KIR,KATIHAR JN,NFR,"Katihar Railway Station, Katihar, Biha.."
KIRP,KHIDIRPUR,ER,"Khidirpur, Karl Marx Sarani, Kidderpor.."
KIS,KAPILAS ROAD,ECOR,"Kapilas Rd, Rayagada, Odisha, India"
KISN,KALISEN,SER,"Shalihan, West Bengal, India"
KIT,KHALLIKOT,ECOR,"Khallikot, Odisha, India"
KITA,KITA,SER,"Ranchi, Jharkhand, India"
KITN,KHIRI TOWN,NER,"Khiri, Uttar Pradesh, India"
KIU,KINANA,NR,"Kinana, Haryana, India"
KIUL,KIUL JN,ECR,"Kiul Junction, Lakhisarai, Bihar, India"
KIV,KAIALSA,NR,"Jyotiba Phule Nagar, Uttar Pradesh, In.."
KIW,KANWALPURA,WCR,"Kamalpura, Punjab, India"
KIY,KALAYAT,NR,"Kalayat, Haryana, India"
KIZ,KANSUDHI,WR,"Kandhla, Uttar Pradesh, India"
KJ,KAJGAON,CR,"Jalgaon, Maharashtra, India"
KJA,KHAJURHAT,NR,"Uttar Pradesh, India"
KJC,KASGANJ CITY,NER,"Kasganj, Uttar Pradesh, India"
KJDI,KHAJJIDONI,SWR,"Khajjidoni, Karnataka 587204, India"
KJG,KARAJGI,SWR,"Haveri, Karnataka, India"
KJH,KAJRA,ER,"Lakhisarai, Bihar, India"
KJI,KHAJAULI,ECR,"National Highway 105, Narar (West), Bi.."
KJJ,KODAVALURU,SCR,"Kodavaluru, Andhra Pradesh, India"
KJKD,KANJIKODE,SR,"Kanjikode, Kerala, India"
KJL,KHUMGAON BURTI,CR,"Buldhana, Maharashtra, India"
KJLU,KHARI JHALU,NR,"Bijnor, Uttar Pradesh, India"
KJM,KRISHNARAJAPURM,SWR,"Krishnarajapuram Bus Stop, Outer Ring .."
KJME,KAJORAGRAM,ER,"Unnamed Road, Khas Kajora Colliery, We.."
KJN,KANNAUJ,NER,"Kannauj Railway Station, Saraimeera, K.."
KJNC,KANNAUJ CITY F,NER,"Kannauj, Uttar Pradesh, India"
KJP,KHOJEEPURA,NCR,"Bhojipura, Uttar Pradesh, India"
KJPD,KURINIJIPADI,SR,"Kurinjippadi, Tamil Nadu, India"
KJRA,KARJARA,ER,"Karjjana, West Bengal, India"
KJRD,KANJUR MARG,CR,"Kanjurmarg, Kanjurmarg East, Bhandup E.."
KJRM,KARJANAGRAM,ER,"Karjjana, West Bengal, India"
KJS,KRISHNARAJASGRA,SWR,"Mysore District, Karnataka, India"
KJT,KARJAT,CR,"Karjat, Maharashtra, India"
KJTW,KAJGAON TERHWAN H,NR,"Jaunpur, Uttar Pradesh, India"
KJU,KUNTIGHAT,ER,"State Highway 6, West Bengal, India"
KJV,KHIJADIYA JN,WR,"Khijadiya Railway Station, Khijadiya R.."
KJW,KHAJWANA,NWR,"Khajwana, Rajasthan, India"
KJY,KHURJA CITY,NR,"Khurja, Uttar Pradesh, India"
KJZ,KARONJI,SECR,"Karanja, Maharashtra, India"
KK,KHADKI,CR,"Chikkalvadi, Bopodi, Pune, Maharashtra.."
KKA,KANKI,NFR,"Kanki, Chhattisgarh, India"
KKAE,KAIKALA,ER,"Kaikala, West Bengal, India"
KKAH,KANKAHA,NR,"Lucknow, Uttar Pradesh, India"
KKAS,KATKAMASANDI,ECR,"Jharkhand 825201, India"
KKB,KARAK BEL,WCR,"Narsinghpur, Madhya Pradesh, India"
KKBA,KAKBARA,ER,"Kakwara, Banka-Deoghar Rd, Kakwara, Bi.."
KKD,KALKUND,WR,"State Highway 27, Madhya Pradesh, India"
KKDE,KURUKSHETRA JN,NR,"Kurukshetra Railway Station, Thanesar,.."
KKDI,KARAIKKUDI JN,SR,"Karaikkudi, Tamil Nadu, India"
KKET,KAMRUP KHETRI,NFR,"Khetri, Assam, India"
KKG,KEKATUMAR,SCR,"Kekatumra, Maharashtra 444505, India"
KKGM,KAKIRIGUMMA,ECOR,"Kakirigumma Station, Kakiriguma, Odish.."
KKGT,KALKALIGHAT,NFR,"Kalighat, Kolkata, West Bengal, India"
KKHT,KAKARGHATTI,ECR,"Bihar, India"
KKI,KARKELI,SECR,"Umaria, Madhya Pradesh, India"
KKJ,KAKORI,NR,"Lucknow, Uttar Pradesh, India"
KKK,KHAKHARIA,WR,"Khokhar, Punjab, India"
KKL,KALA BAKRA,NR,"Kala Bakra, Punjab, India"
KKLR,KAIKOLUR,SCR,"Kaikalur, Andhra Pradesh, India"
KKLU,KAKLUR,ECOR,"Dantewada, Chhattisgarh, India"
KKM,KAMALAPURAM,SCR,"Kamalapuram, Andhra Pradesh, India"
KKMB,KASTLA KASMABAD H,NR,"Kastala Kasmabad, Uttar Pradesh, India"
KKMI,KERAKALAMATTI,SWR,"Karnataka 587206, India"
KKMP,KATLAKUNTA MEDIPALLY,SCR,"KMC Inspection Path, Telangana 505453,.."
KKN,KHIRKIYA,WCR,"Khirkiya, Madhya Pradesh, India"
KKNA,KHUNKHUNA,NWR,"Khunkhuna, Rajasthan, India"
KKNH,KARUKHIRHARNAGAR H,ECR,"Saharsa, Bihar, India"
KKP,KOT KAPURA,NR,"Kot Kapura Railway Junction, Kot Kapur.."
KKPM,KALLAKKUDI PLGH,SR,"Dalmiapuram, Tamil Nadu, India"
KKPR,KOKPARA,SER,"832302, India"
KKQ,KALAIKUNDA,SER,"Kalaikunda Air Force Station, Kharagpu.."
KKR,KHAKHRALA ROAD,WR,"Barvala, Gujarat 363641, India"
KKRD,KIKAKUI ROAD,WR,"Kikakui Rd, Gujarat, India"
KKRH,KARAHIYA H,ECR,"Karahiya Halt, Uttar Pradesh 232327, I.."
KKRL,KAKRALA H,NR,"Kakrala, Uttar Pradesh, India"
KKRV,KUKARVADA,WR,"Kukarwada, Gujarat, India"
KKS,KURASTI KALAN,NCR,"Fatehpur, Uttar Pradesh, India"
KKT,KATH KUIYAN,NER,"Kushinagar, Uttar Pradesh, India"
KKTA,KOLLIKHUTAHA,ER,"Khutaha, Bihar, India"
KKTI,KUTTAKUDI,SR,"Koothakudi, Tamil Nadu 606305, India"
KKU,KANAKPURA,NWR,"Unnamed Road, Jaipur, Rajasthan, India"
KKV,KUNKAVAV JN,WR,"Kunkavav Junction Railway Station, Rai.."
KKW,KANKAVALI,KR,"Kankavli Railway Station, Kanak Nagar,.."
KKY,KILA KADAIYAM,SR,"Kilakadayam, Kilakadayam, Tamil Nadu 6.."
KKZ,KOTTARAKARA,SR,"Kottarakara Railway Station, Kottarakk.."
KL,KHERLI,NCR,"Kherli, Rajasthan, India"
KLA,KULWA,NCR,"Aligarh, Uttar Pradesh, India"
KLAD,KALANAD H,SR,"Kalana, Odisha, India"
KLAR,KULPAHAR,NCR,"Uttar Pradesh, India"
KLB,KIRAOLI,NCR,"Kiraoli, Uttar Pradesh, India"
KLBA,KALAMBHA,CR,"Kalamba, Kolhapur, Maharashtra, India"
KLBG,KALABURAGI JN,CR,"Kalaburagi, Karnataka 585102, India"
KLBN,KALAMBANI BUDRUK,KR,"Kalambani Bk., Maharashtra 415621, India"
KLCR,KATLICHERRA,NFR,"Katlicherra, Assam, India"
KLD,KHALILABAD,NER,"Khalilabad Railway Station, Khalilabad.."
KLDI,KALDHARI,SCR,"Kaldhari, Kaldhari Main Rd, Kaldari, A.."
KLE,KAITHAL,NR,"Kaithal, Haryana, India"
KLG,KALUNGA,SER,"Kanshbahal, IDC Kalunga, Orissa, India"
KLGA,KALAGHAR,ECOR,Bauda State: Odisha
KLGD,KOLLENGODE,SR,"Kollengode, Kerala, India"
KLGM,KALLAGAM,SR,"Kallagam, Tamil Nadu, India"
KLGN,KALANGANI,SR,"Kalangani, Tamil Nadu 637014, India"
KLGR,KOLAIGAON,NFR,"Kalaigaon, Assam, India"
KLH,KHEMLI,NWR,"Rajsamand, Rajasthan, India"
KLHD,KOLHADI,CR,"Kolhewadi, Maharashtra, India"
KLI,KAULI,NR,"Kauli, Punjab, India"
KLJ,KAMALGANJ,NER,"Uttar Pradesh, India"
KLJI,KALIJAI PH,ECOR,"Odisha, India"
KLK,KALKA,NR,"Kalka, Haryana, India"
KLKA,KOILAKUNTLA,SCR,"Koilkuntla Railway Station, SH 27, And.."
KLKR,KALIKAPUR F,ER,"Kalikapur, Bihar, India"
KLL,KALOL,WR,"Gandhinagar, Gujarat, India"
KLM,KADLIMATTI H,SWR,"Kadlimatti, Karnataka, India"
KLMC,KALAMBOLI,CR,"Kalamboli Railway Station, Navi Mumbai.."
KLMG,KALAMBOLI GOODS,CR,"Station Rd, Sector AWC, Kalamboli, Pan.."
KLMR,KALAMASSERI,SR,"Kalamasseri-Vallarpadam Rd, North Kala.."
KLNA,KOTHANA H,ECR,"Bihar, India"
KLNB,KHULNA,BR,"Khulna, Bangladesh"
KLNK,KALANAUR KALAN,NWR,"Kalanaur, Haryana, India"
KLNP,KALINARYNPUR JN,ER,"Ranaghat-Bagula Bypass, West Bengal, I.."
KLNT,KALINAGAR,ER,"Nadia, West Bengal, India"
KLOD,KELOD,SECR,"Kelod, Maharashtra, India"
KLP,KOTALPUKUR,ER,"Pakur, Jharkhand, India"
KLPG,KAMALPURGRAM,SECR,"Kamalapur, Andhra Pradesh, India"
KLPM,KAILASAPURAM,SR,"Kailasapuram, Tamil Nadu, India"
KLQ,KILIKOLLUR,SR,"Kilikoodu, Tamil Nadu, India"
KLRE,KHALARI,ECR,"Khalari, Jharkhand, India"
KLRS,KOLARAS,WCR,"Kolaras, Madhya Pradesh, India"
KLS,KOLATUR,SR,"Kolathur, Kerala, India"
KLSP,KUSHAL PURA,NWR,"Kushal Bhavan, BALAN, Vijay Pura, Raja.."
KLSX,KAULSERI,NR,"Kol Seri, Punjab, India"
KLT,KULITALAI,SR,"Kulithalai, Tamil Nadu, India"
KLTR,KALMITAR,SECR,"Bilaspur, Chhattisgarh, India"
KLU,KALLURU,SCR,"Kalluru, Andhra Pradesh, India"
KLV,KELVA ROAD,WR,"Kelva Rd, Kelve Rd, Maharashtra, India"
KLVA,KALVA,CR,"Kalwa, Navi Mumbai, Maharashtra, India"
KLVR,KOLVIHIR,CR,"Yadavpur, Maharashtra 444707, India"
KLW,KULPI F,ER,"Kulpi, West Bengal, India"
KLWD,KALITALAVDI,WR,"Kalitala, West Bengal, India"
KLWL,KILANWALI PUNJAB,NR,"Mianwali, Mahiyanwali, Rajasthan, India"
KLWN,KALWAN H,NR,"Kalwan Abhona Road, Maharashtra, India"
KLX,KOLAKALUR,SCR,"Kolakaluru, Andhra Pradesh, India"
KLY,KELAVLI,CR,"Karjat Khopoli Marg, Navandhe, Maharas.."
KLYG,KALYANI GHOSHPARA,ER,"Kalyani Ghoshpara, Kalyani, West Benga.."
KLYH,KALLUR YEDAHALLI H,SWR,"Karnataka, India"
KLYM,KALYANI SIMANTA,ER,"Kalyani Simanta, Kalyani, West Bengal,.."
KLYN,KHILERIYAN,NWR,"Churu, Rajasthan, India"
KLYS,KALYANI SILPANCHAL,ER,"Kalyani Silpanchal, Silpanchal Station.."
KLYT,KOLAYAT,NWR,"Kolayat, Rajasthan, India"
KLZ,KEOLARI,SECR,"Keolari, Madhya Pradesh, India"
KM,KALEM,SWR,"Kalay, Goa, India"
KMA,KAIMA,WCR,"Kaima, Odisha, India"
KMAE,KHAMARGACHHI,ER,"State Highway 6, Khamargachi, West Ben.."
KMAH,KAMATHE,KR,"Kamathe, Maharashtra, India"
KMB,KALA AMBA,WR,"Dang, Gujarat, India"
KMBL,KHAMBHALIYA,WR,"Khambhalia Railway Station, Jam Khambh.."
KMC,KAMAREDDI,SCR,"Kamareddy, Andhra Pradesh, India"
KMD,KODUMUDI,SR,"Chinnakandanur, Kodumudi, Tamil Nadu, .."
KMDC,KURMODANGA HALT,ER,"SH6, West Bengal 713380, India"
KMDR,KARIMUDDIN PUR,NER,"Uttar Pradesh, India"
KMEZ,KUMHARMARENGA,ECOR,"Pandripani, Chhattisgarh 494001, India"
KMGE,KUMAHU,ECR,"Kamahu, Bihar, India"
KMGH,KAMARGANJ,ER,"Bhagalpur - Munger Rd, Bihar 813213, I.."
KMH,KALAMALIA,SCR,"Kalamalia Station, Andhra Pradesh, India"
KMHN,KAMATHAN,ECR,"Kamathan, Amba Icharua, Alauli, Distt..."
KMHT,KARMAHAT,ECR,"Khambhat, Gujarat, India"
KMI,KUMHARI,SECR,"Kumhari, Chhattisgarh, India"
KMJ,KAIMGANJ,NER,"Kaimganj, Uttar Pradesh, India"
KMK,KOMAKHAN,ECOR,"Komakhan, Chhattisgarh, India"
KMKD,KHAMKHED,CR,"Khorkhed, Maharashtra, India"
KML,KAMTAUL,ECR,"Bihar, India"
KMLI,KAMLI,WR,"Mehsana, Gujarat, India"
KMLK,KAMALAPUR,SCR,"Karnataka 585313, India"
KMLM,KELAMANGALAM,SWR,"Kelamangalam, Tamil Nadu, India"
KMLR,KAMALUR,ECOR,"Kamalpura, Punjab, India"
KMM,KANNAMANGALAM,SR,"Kannamangalam, Tamil Nadu, India"
KMMD,KIRMITI MENDHA,SECR,"Chandrapur, Maharashtra, India"
KMME,KUMARDUBI,ER,"Chirkunda, Jharkhand, India"
KMN,KHAMGAON,CR,"Buldhana, Maharashtra, India"
KMNC,KUCHAMAN CITY,NWR,"Station Rd, Mandawara, Rajasthan, India"
KMND,KUMENDI,ECR,"Jabla, Jharkhand 829204, India"
KMNG,KAMRANGA,NFR,"Kamranga Bond Pt I, Assam 788102, India"
KMNN,KHAMANON,NR,"Khamanon Station Road, Punjab 141801, .."
KMNP,KISHAN MANPURA,NWR,"Rajasthan, India"
KMNR,KAMALNAGAR,SCR,"Kamal Nagar, Maharashtra, India"
KMP,KAMALAPUR,NER,"Kamalapur, Andhra Pradesh, India"
KMPH,KAMALPUR HALT,NFR,"Unnamed Road, Kamalpur, Bihar 855113, .."
KMPR,KOMARPUR,ER,"Komarpur, West Bengal, India"
KMPU,KAMALAPUR,SCR,"Kamalpur, Karnataka 585313, India"
KMQ,KUMBLA,SR,"Kumbla Railway Station, Kumbla (Kumble.."
KMQA,KOMALI,SCR,"Andhra Pradesh 515411, India"
KMRA,KAMNARA,ER,"Katwa Bardhaman Rd, Malkita, West Beng.."
KMRJ,KUMARGANJ,NFR,"SH 10, West Bengal, India"
KMRL,KUMRUI PH,SER,"Bankura, West Bengal, India"
KMS,KARAMNASA,ECR,"Chandauli, Uttar Pradesh, India"
KMSD,KUMAR SADRA,ECOR,"Dantewada, Chhattisgarh, India"
KMSI,KUMSI H,SWR,"Kumsi, Karnataka, India"
KMST,KAMSHET,CR,"Kamshet, Khamshet, Maharashtra, India"
KMT,KHAMMAM,SCR,"Khammam, Andhra Pradesh, India"
KMTI,KUMARHATTI,NR,"Kumarhatti, Himachal Pradesh, India"
KMU,KUMBAKONAM,SR,"Kumbakonam Railway Station, Kumbakonam.."
KMV,KARMAD,SCR,"Aurangabad, Maharashtra, India"
KMX,KOMATIPALLI,ECOR,"Komatipalli, Andhra Pradesh, India"
KMZ,KATNI MURWARA,WCR,"Katni Murwara, Gole Bazar, Katni, Madh.."
KMZA,KANKRA MIRZANAGAR,ER,"Kankra Mirzanagar, Kankra, West Bengal.."
KN,KADALUNDI,SR,"Kadalundi Bridge, Kerala, India"
KNAD,KANAD,WR,"Kanad, Kerala, India"
KNAG,KANAJI H,SCR,"Kanaji (Railway) Station, Railway Stat.."
KNAR,KHANPUR AHIR,NWR,"Khanpur Ahir, Rajasthan, India"
KNB,KANIYAMBADI,SR,"Vaniyambadi, Tamil Nadu, India"
KNBR,KANAIBAZAR,NFR,"Janbazar, Taltala, Kolkata, West Benga.."
KNC,KANCHANPUR ROAD,WCR,"Umariya, Madhya Pradesh 486666, India"
KND,KANDRA,SER,"Kandra, Jharkhand, India"
KNDG,KANHADGAON,SECR,"Kanhegaon, Maharashtra, India"
KNDI,KANDRORI,NR,"Major District Road 42, Kandrori, Hima.."
KNDL,KHANDEL,NWR,"Khandel, Rajasthan, India"
KNDP,KHANDIP,WCR,"Khandip, Rajasthan, India"
KNDS,KHANDESHWAR,CR,"Khandeshwar, Uran Rd, Navi Mumbai, Mah.."
KNDV,KRISHNADEVARAYA H,SWR,"Bapuji Nagar, Bengaluru, Karnataka, In.."
KNE,KISHANGANJ,NFR,"Kishanganj, Bihar, India"
KNF,KHANODIH,SER,"Jharkhand 828305, India"
KNG,KATHUNANGAL,NR,"Kalangal, Tamil Nadu, India"
KNGN,KANHEGAON,CR,"Vari, Maharashtra, India"
KNGR,KASHINAGAR PH,ECOR,"Gajapati, Odisha, India"
KNH,KONCH,NCR,"Konch, Uttar Pradesh, India"
KNHE,KANHE,CR,"Kanhe, Maharashtra, India"
KNHN,KANTHAN JN,SECR,"Nagpur, Maharashtra, India"
KNHP,KANHAIPUR,ECR,"Kanhai Pur, Bihar 803221, India"
KNHR,KIRNAHAR,ER,"Kirnahar, West Bengal 731302, India"
KNJ,KRISHNGR CTY JN,ER,"Krishnanagar Railway Station, Krishnan.."
KNJI,KARANJALI H,ER,"Karanjali, West Bengal, India"
KNJJ,KANNJARA H,SCR,"Kanjara, Maharashtra 431702, India"
KNKT,KANAKOT,WR,"Rajkot, Gujarat, India"
KNL,KALANWALI,NWR,"Kalanwali Railway Station, Kalanwali, .."
KNLI,KANGALI H,ECR,"Kangal, Himachal Pradesh, India"
KNLP,KANAMALO PALLE,SCR,"Kanamalo Palle Station, Andhra Pradesh.."
KNLS,KANALAS JN,WR,"Kanalus, Gujarat, India"
KNM,KANIMAHULI P H,SER,"832301, India"
KNN,KHANNA,NR,"Khanna, Punjab, India"
KNNA,KHINANIYAN,NWR,"Khinaniyan Railway Station, Rajasthan,.."
KNNK,KANINA KHAS,NWR,"Kalina Khas, Kanina, Haryana, India"
KNNT,KUNNATHUR,SR,"Kunnathur, Tamil Nadu, India"
KNO,KUNDGOL,SWR,"Kundgol, Karnataka, India"
KNP,KHANAPUR,SWR,"Khanapur, Karnataka, India"
KNPL,KANDANUR P VAYA,SR,"Tamil Nadu 630108, India"
KNPR,KENDRAPARA ROAD,ECOR,"Rd, Odisha, India"
KNPS,KENDPOSI,SER,"Kendposi, Jharkhand, India"
KNR,KANKINARA,ER,"Kankinara, West Bengal"
KNRG,KANHARGAON NAKA,SCR,"Maharashtra 431703, India"
KNRI,KUNURI,ER,"Parishar, West Bengal 731234, India"
KNRN,KANAROAN,SER,"Konaroa, Jharkhand 835201, India"
KNRT,KUNERU,ECOR,"Kuneru Station, Andhra Pradesh, India"
KNS,KANCHAUSI,NCR,"Kanchausi, Uttar Pradesh, India"
KNSN,KARNA SUBARNA,ER,"Karan Housing Society, Versova, Andher.."
KNSR,KANASAR,NWR,"Kanasar, Rajasthan, India"
KNT,KANTH,NR,"Kanth, Uttar Pradesh, India"
KNVH,KANIVEHALLI,SWR,"Kyathanabeedu, Karnataka, India"
KNVT,KINWAT,SCR,"Kinwat, Maharashtra, India"
KNW,KHANDWA,CR,"Khandwa Railway Station, Khandwa, Madh.."
KNYR,KANIURU H,SWR,"Kaniyoor Railway Station, Kaniyoor, Ka.."
KNZ,KALANOUR,NR,"Old Saharanpur Rd, Jagadhri, Haryana 1.."
KO,KOSGI,SCR,"Kosigi, Andhra Pradesh, India"
KOA,KARONDA,NCR,"Madhya Pradesh, India"
KOAA,KOLKATA,ER,"Kolkata, West Bengal 700004, India"
KODI,KODI,SCR,"kodi, Rajasthan, India"
KODN,KODUMUNDA H,SR,"Kodumunda, Kerala, India"
KOF,MARWAR KORI,NWR,"Jalore, Rajasthan, India"
KOG,KONNAGAR,ER,"Konnagar, West Bengal, India"
KOHL,KOHLI,CR,"Kohli, Haryana, India"
KOHR,KOHIR DECCAN,SCR,"Kohir Railway Station, Kohir, Telangan.."
KOI,KHODRI,SECR,"Khodri, Chhattisgarh, India"
KOJ,KOKRAJHAR,NFR,"Kokrajhar, Assam, India"
KOK,KORUKKUPET JN,SR,"Kumaraswami Nagar, Tondiarpet, Chennai.."
KOKA,KOKA,SECR,"Koka, Haryana, India"
KOL,KOLAD,KR,"Kolad, Maharashtra, India"
KOLA,KOTLA,SCR,"New Krishna Nagar, Kurnool, Andhra Pra.."
KOLE,KOLE,ECR,"Hosir, Jharkhand 829209, India"
KOLI,KESHOLI,WCR,"Baran, Rajasthan, India"
KOLR,KOLNUR,SCR,"Kolanoor, Andhra Pradesh, India"
KON,KUDALNAGAR,SR,"Madurai, Tamil Nadu, India"
KONA,KONA PH,SER,"Khaliya, Howrah, West Bengal, India"
KONN,KONNUR,SCR,"Mahabubnagar, Andhra Pradesh, India"
KONY,KISONI,WR,"Shajapur, Madhya Pradesh, India"
KOO,KHUSROPUR,ECR,"Patna, Bihar, India"
KOP,C SHAHUMHARAJ T,CR,"Shahu Maharaj Terminus, Shahupuri, Kol.."
KOPR,KOPAR,CR,"Kopar, Dombivli, Maharashtra, India"
KOQ,KUTHUR H,SR,"Koothur, Tamil Nadu, India"
KORI,KHORI,NWR,"Khori, Haryana, India"
KOTA,KOTA JN,WCR,"Bhimganj Mandi, Kota, Rajasthan, India"
KOTI,KOTI,NR,"Koti, Madhya Pradesh, India"
KOTR,KORATTUR,SR,"Gandhi Nagar, Korattur, Chennai, Tamil.."
KOTT,KOTTUR H,SCR,"Kothur, Telangana 509228, India"
KOU,KODURU,SCR,"Kadapa, Andhra Pradesh, India"
KOV,KIRLOSKARVADI,CR,"Kirloskarvadi, Maharashtra, India"
KOVH,KOVVADA,SCR,"Duvvada, Kurmannapalem, Vishakhapatnam.."
KOWN,KHOWANG,NFR,"Khowang, Moran, Assam, India"
KOX,KACHUJOR,ER,"Shanrmara, West Bengal 731104, India"
KOY,KHEROL,WR,"Kherol, Gujarat 383215, India"
KOZ,KOSMA,NCR,"Agra, Uttar Pradesh, India"
KP,KAMPTEE,SECR,"Kamptee Railway Station, Kamthi, Mahar.."
KPA,KANCHRAPARA,ER,"Kanchrapara, West Bengal, India"
KPB,KHARPOKHRA,ECR,"Khokhar, Punjab, India"
KPCM,KUWARCHINTAWANPUR H,ECR,"Purvi Champaran, Bihar, India"
KPD,KATPADI JN,SR,"Katpadi Junction, Dharapadavedu, Katpa.."
KPDH,KAPURDHA HALT,SECR,"RCF Halt, RCF Main Rd, Punjab, India"
KPE,KAUWAPUR,NER,"Bhiwapur, Maharashtra, India"
KPG,KOPARGAON,CR,"Sanjivaani Factory, Kopargaon, Maharas.."
KPGM,KARPURIGRAM,ECR,"Karpurigram, Bihar, India"
KPHH,KUSHALPURA HARNAHA HALT,ECR,"Bihar 802133, India"
KPHI,KOTHAPALLI,SCR,"Telangana 505451, India"
KPHN,KOPAR KHAIRNA,CR,"Kopar Khairane, Navi Mumbai, Maharasht.."
KPI,KALPI,NCR,"Kalpi, Uttar Pradesh, India"
KPJ,KOPAGANJ H,NER,"Kopaganj, Uttar Pradesh, India"
KPJG,KEREJANGA,ECOR,"Kerejanga Station, Odisha, India"
KPK,KALIPAHARI,ER,"Bardhaman, West Bengal, India"
KPKD,KHAPRI KHEDA,SECR,"Kheda, Gujarat, India"
KPKI,QASIMPUR KHERI,NR,"Lakhimpur, Uttar Pradesh, India"
KPL,KANTAKAPALLE,ECOR,"Kantakapalle Railway Station, Andhra P.."
KPLD,KAPALI ROAD PH,ECOR,"Bhadrak, Odisha, India"
KPLE,KOPAI,ER,"Grand Trunk Rd, West Bengal, India"
KPLH,KOTIPALLI,SCR,"Kotipalli, Andhra Pradesh, India"
KPLL,KOTTA PNDLPALLI,SCR,"Prakasam, Andhra Pradesh, India"
KPLR,KOPARLAHAR,NR,"Koparlahar Railway Station, NH 88, Him.."
KPN,KUPPAM,SWR,"Kuppam, Andhra Pradesh, India"
KPNA,KAPAN,SECR,"Kapan, Chhattisgarh, India"
KPO,KARANPURA,NCR,"Kanpur, Uttar Pradesh, India"
KPP,KALAPIPAL,WR,"Madhya Pradesh, India"
KPPR,KARUPPUR,SR,"Karuppur, Tamil Nadu, India"
KPQ,KANNAPURAM,SR,"Kannapuram, Kerala, India"
KPRD,KALYANPUR ROAD,ER,"Kalyanpur Rd, Amroha, Uttar Pradesh, I.."
KPRR,KOTAPAR ROAD,ECOR,"Moolakkandam - Kottapara Rd, Kanhangad.."
KPS,KOPA SAMHOTA,NER,"Saran, Bihar, India"
KPTM,KANJIRAMITTAM,SR,"Kanjiramattom, Perumpilly, Kerala, India"
KPTN,KESHORAI PATAN,WCR,"Keshorai Patan Railway Station, State .."
KPTO,KARANPURATO,ER,"Karanpur, Rajasthan, India"
KPU,KRISHNAPURAM,SCR,"Mavelikkara Municipality, Kerala, India"
KPV,KASHIPUR,NER,"Kashipur Railway Station, Kashipur, Ut.."
KPXR,KAIPADAR ROAD,ECOR,"Kaipadar Rd, Odisha, India"
KPY,KARUNAGAPALLI,SR,"Karunagappally Railway Station, Karuna.."
KPZ,KAPREN,WCR,"Kaprain, Rajasthan, India"
KQA,KONDAGUNTA,SCR,"Kondagunta, Andhra Pradesh, India"
KQD,KHAIRATABAD DCN,SCR,"Khairatabad, Khairatabad Road, Khairat.."
KQE,KALA AKHAR,CR,"Kala Akhar Station, Madhya Pradesh, In.."
KQI,KALACHAND,NFR,"Kalachand, Assam, India"
KQK,KOTIKULAM,SR,"Bekal, Kerala, India"
KQL,KANDHLA,NR,"Kandhla, Uttar Pradesh, India"
KQLS,KAMARKUNDU (LOWER),ER,"Mustafapur, West Bengal 712407, India"
KQN,KODAIKANAL ROAD,SR,"Kodai Road, Tamil Nadu, India"
KQQ,KAUKUNTLA,SCR,"Ammapoor Road, Andhra Pradesh, India"
KQR,KODERMA,ECR,"Jhumri Telaiya, Jharkhand, India"
KQRT,KODERMA TOWN,ECR,"Kundai, Jharkhand 825410, India"
KQS,KAILARAS,NCR,"Kailaras, Madhya Pradesh, India"
KQT,KURGUNTA,SCR,"Kurgunta, Karnataka, India"
KQU,KAMARKUNDU,ER,"Kamarkundu Railway Station, Kamarkundu.."
KQW,KHEDULI,NWR,"Nagaur, Rajasthan, India"
KQZ,KOLAR,SWR,"NAtional Highway 234, Kolar, Karnataka.."
KRA,KAREPALLI,SCR,"Madharam Road, Karepally, Andhra Prade.."
KRAI,KAHET,WR,"Kaher, Gujarat, India"
KRAN,KORATTI ANGADI,SR,"Koratty Railway Station, Old NH Rd, Ko.."
KRAP,KARAPA,SCR,"Karapa, Andhra Pradesh, India"
KRAR,KHARIAR ROAD,ECOR,"Khariar Rd, Odisha, India"
KRBA,KORBA,SECR,"Korba Railway Station, Korba, Chhattis.."
KRBP,KHUDIRAM B PUSA,ECR,"Khudiram B Pusa Railway Station, Khudi.."
KRC,KIRODA,NWR,"Korda, Gujarat, India"
KRCD,KHARWA CHANDA,NWR,"Kharwa Chanda Railway Station, Rajasth.."
KRD,KARAD,CR,"Satara, Maharashtra, India"
KRDH,KORADIH,SECR,"Nagpur, Maharashtra, India"
KRDL,KIRANDUL,ECOR,"Dantewada, Chhattisgarh, India"
KRDN,KARAUNDHANA,NCR,"Karaundha Station Rd, Karaudhna, Uttar.."
KRE,KARTARPUR,NR,"Kartarpur, Punjab, India"
KRG,KOREGAON,CR,"Satara, Maharashtra, India"
KRH,KHAIRTHAL,NWR,"Khairthal, Rajasthan, India"
KRHA,KORAHIA,ECR,"National Highway 105, Selibeli, Bihar,.."
KRHT,KHARAHAT,NFR,"Kharghar, Navi Mumbai, Maharashtra, In.."
KRI,KHAPRI,CR,"Khapri, Maharashtra, India"
KRIH,KORAI HALT,ECOR,"Bus Stop, National Highway 215, Odisha.."
KRJ,KHURJA JN,NCR,"Bulandshahr, Uttar Pradesh, India"
KRJD,KARJODA,NWR,"Gujarat, India"
KRJR,KARJARA,ECR,"Karjan, Gujarat, India"
KRKD,KARAKAD,SR,"Calle Hacienda la India, Caracas, Vene.."
KRKH,KHARKARA HALT,NR,"Kharkara, Dist. - Rohtak State: Haryana"
KRKN,KARKEND BH,SER,"Jharkhand 828117, India"
KRKP,KYARKOP,SWR,"Sea Crown, Plot 19, RSC Road Number 25.."
KRKR,KURKURA,SER,"Kurkura Railway Station, Jharkhand, In.."
KRL,KOTARLIA,SECR,"Kotarlia, Chhattisgarh, India"
KRLA,KORUTLA,SCR,"Korutla, Telangana 505326, India"
KRLI,KURALI,NR,"Ward No. 6, Kurali, Punjab, India"
KRLR,KARAILA ROAD JN,ECR,"Chakariya, Madhya Pradesh 486892, India"
KRLS,KURLAS,WCR,"Rajasthan, India"
KRMA,KARAMTOLLA,ER,"Karamtola Railway Station, National Hi.."
KRMB,KARMABAD BH,ECR,"Kapilo, Jharkhand, India"
KRMD,KUARMUNDA,SER,"Teliposh, Odisha 770039, India"
KRMG,KUMARAMANGALAM,SR,"Kumaramangalam, Tamil Nadu, India"
KRMI,KARMALI,KR,"Karmali Railway Station, Goa, India"
KRMP,KUMARIPUR HALT,NFR,"Basantpur, Bihar, India"
KRMR,KARIMNAGAR,SCR,"Karimnagar Railway Station, Karimnagar.."
KRND,KHORASON ROAD,NER,"Phulpur, Uttar Pradesh, India"
KRNH,KORANAHALLI H,SWR,"Karahalli, Karnataka, India"
KRNI,KRISHNAI,NFR,"Krishnai, Assam, India"
KRNN,KARNAUTI H,ECR,"Karnauti Station Rd, Bihar 803212, India"
KRNR,KRISHANRAJANAGA,SWR,"Krishnarajanagara Railway Station, Kri.."
KRNT,KURNOOL CITY,SCR,"Kurnool City Railway Station, Kurnool,.."
KRNU,KONANUR H,SWR,"Konanur - Haggavadi Rd, Heggavadi, Kar.."
KRON,KARONA H,ECR,"Korauna Sikaria Rd, Korauna, Bihar 804.."
KRP,KRISHNAPUR,ER,"Mavelikkara Municipality, Kerala, India"
KRPN,KHAREPATAN ROAD,KR,"Chinchavali Sherpe Rd, Berle, Maharash.."
KRPP,KURUPPANTARA,SR,"Kuruppanthara Mettumpara Rd, Kaduthuru.."
KRPR,KAREPUR,SCR,"Karipur, Kerala, India"
KRPU,KORAPUT,ECOR,"Koraput, Orissa, India"
KRQ,KARARI,NCR,India
KRR,KARUR,SR,"Karur Railway Station, Karur, Tamil Na.."
KRRA,KARRA,SER,"Karra, Jharkhand, India"
KRRI,KHAIRRANJI,SECR,"Madhya Pradesh, India"
KRS,KARISATH,ECR,"Karisath, Bihar, India"
KRSA,KHARSALIYA,WR,"Panchmahal, Gujarat, India"
KRSL,KRISHNASHILLA,ECR,"Uttar Pradesh, India"
KRSW,KOHAR SINGH WALA,NR,"Kohar Singh Wala, Punjab, India"
KRT,KHURAHAT,NER,"Khajuraho, Madhya Pradesh, India"
KRTA,KARKATTA,ECR,"Karkala, Karnataka, India"
KRTH,KIRATGARH,CR,"Khairagarh, Chhattisgarh, India"
KRTL,KARTAULI H,NER,"Uttar Pradesh, India"
KRTN,KIRTINAGAR H,NR,"Kirti Nagar Railway Under Bridge, Kirt.."
KRTR,KAROTA PATRI H,ECR,"Karota Patri Halt, Patner, Bihar 81131.."
KRU,KHERALU,WR,"SH 132, Gujarat, India"
KRUR,KEERANUR,SR,"Keeranur, Tamil Nadu, India"
KRV,KARAVADI,SCR,"National Highway 214A, Andhra Pradesh,.."
KRW,KHARWA,NWR,"Rajasthan, India"
KRX,KURUD,SECR,"Kurud, Chhattisgarh, India"
KRXA,KHARA,SECR,"Khara, Rajasthan, India"
KRXM,KRISHNAMOHAN H,ER,"Krishna Mohan Ln, Belgachia, Kolkata, .."
KRY,KADIRI,SCR,"Kadiri, Andhra Pradesh, India"
KRYA,KURRAIYA,NER,"Auraiya, Uttar Pradesh, India"
KRYP,KADIRIDEVARAPALLI,SWR,"Kadiri Devara Palli, Andhra Pradesh 51.."
KRYR,KARAMSAD,WR,"Karamsad, Gujarat, India"
KRZ,KHARAWAR,NR,"Kharawar, Haryana, India"
KS,KHETA SARAI,NR,"Jaunpur, Uttar Pradesh, India"
KSA,KHASA,NR,"Khasa, Punjab, India"
KSAE,KOSAI,SCR,"Kosai Station, Maharashtra, India"
KSAR,KUDALA SANGAMA ROAD H,SWR,"Chick Sitimani, Karnataka 587207, India"
KSB,KOSAMBA JN,WR,"Madresha Chai Rd, Kosamba, Gujarat, In.."
KSBI,KASHIABARI,NFR,"Bara Haldibari P, West Bengal, India"
KSBP,KESHABPUR,SER,"KESHABPUR, West Bengal, India"
KSC,KASHI CHAK,ECR,"Sheikhpura, Bihar, India"
KSD,KESHOD,WR,"Keshod, Gujarat, India"
KSDE,KARSINDHU H,NR,"Karsindhu, Haryana, India"
KSE,KOSAD,WR,"Kosad, Gujarat, India"
KSF,KHALISPUR,NR,"Khalispur, Uttar Pradesh, India"
KSG,KISHANGARH,NWR,"Kishangarh, Rajasthan, India"
KSH,KALI SINDH,WR,"Kali Sindh, Madhya Pradesh, India"
KSHR,KESHWARI,ECR,"Saria khurd, Jharkhand, India"
KSHT,KHETIA,ER,"Tentral, West Bengal 713104, India"
KSI,KOSLI,NWR,"Haryana 123302, India"
KSIH,KHODSEONI,SECR,"Satara, Maharashtra, India"
KSJ,KASGANJ,NER,"Etah, Uttar Pradesh, India"
KSK,KASIMKOTA,SCR,"Andhra Pradesh, India"
KSM,KAMASAMUDRAM,SWR,"K.G.F.Road, Tamil Nadu, India"
KSMB,KUSUMHA BIHAR H,ECR,"Dewara, Bihar 811105, India"
KSN,KRISHNA,SCR,"Mahabubnagar, Andhra Pradesh, India"
KSNA,KANSARNAWADA,ECR,"Kachanpur, Jharkhand 825319, India"
KSNG,KESINGA,ECOR,"Kalahandi, Odisha, India"
KSNR,KHUSHAL NAGAR,NER,"Khushal Nagar, Moradabad, Uttar Prades.."
KSO,KHEMASULI PH,SER,"West Bengal, India"
KSP,KISHANPUR,ECR,"Samastipur, Bihar, India"
KSPR,KASHIPURA SARAR,WR,"Vadodara, Gujarat, India"
KSQ,KANSPUR GUGAULI,NCR,"Uttar Pradesh, India"
KSR,KASTURI H,NER,"Kasturi Apartment, Sanewadi, Sindhi Co.."
KSRA,KASARA,CR,"Kasara, Maharashtra, India"
KSTA,KASTHA,ECR,"Gaya, Bihar, India"
KSTE,KISTAMSETTIPALI,SCR,"Krishnam Shetty Palli, Andhra Pradesh,.."
KSTH,KASHTI,CR,"Kashti, Maharashtra, India"
KSU,KUSTAUR,SER,"Purulia, West Bengal, India"
KSUA,KASHIPURA,WR,"Kashipur, Uttarakhand, India"
KSV,KOSI KALAN,NCR,"Kosi Kalan, Uttar Pradesh, India"
KSVR,KESHAV NAGAR HALT,NWR,
KSW,KHERI SALWA,NWR,"KHERI SALWA, Rajasthan, India"
KSWD,KASARWADI,CR,"Kasarwadi, Pimpri Chinchwad, Maharasht.."
KSWR,KALMESHWAR,CR,"Kalameshwar, Maharashtra, India"
KSX,KOTSHILA,SER,"Purulia, West Bengal, India"
KSY,KUSIARGAON,NFR,"Kusiyar Gawon, Bihar 854312, India"
KT,KUMTA,KR,"Kumta, Karnataka, India"
KTA,KUSHTALA,WCR,"Kushtala, Rajasthan, India"
KTAL,KATHLAL,WR,"Kathlal, Gujarat, India"
KTBR,KASTURBA NAGAR,SR,"Kasturba Nagar, Adyar, Chennai, Tamil .."
KTCE,KATOGHAN,NCR,"Uttar Pradesh, India"
KTCH,KAITHALKUCHI,NFR,"Kalitakuchi, Assam, India"
KTCR,KOTTACHERUVU,SWR,"Kothacheruvu, Andhra Pradesh, India"
KTD,KANTADIH,SER,"Kanta, Uttar Pradesh, India"
KTDA,KATUDA,WR,"Katuda, Gujarat, India"
KTDD,KATAIYA DANDI H,NCR,"Uttar Pradesh, India"
KTE,KATNI,WCR,"Katni Railway Station, Katni, Madhya P.."
KTES,KATNI SOUTH,WCR,"Mansarovar Colony, Madhav Nagar, Katni.."
KTF,KOT FATTEH,NR,"Kot Fatta, Punjab, India"
KTGA,KEUTGUDA,ECOR,"Kutbi Guda, Kacheguda, Hyderabad, Andh.."
KTGD,KOTHA GANGAD,WR,"Gujarat 382240, India"
KTGG,KARATAGI,SWR,"Karatagi, PIN - 583229, Dist. - Koppal.."
KTGM,KAYASTHAGRAM,NFR,"Asthagrama Layout, Basaveshwara Nagar,.."
KTH,KATRASGARH,ECR,"Katrasgarh Railway Station, Katras, Jh.."
KTHA,KHUTAHA,WCR,"Khutaha, Bihar, India"
KTHD,KOTHARI ROAD,SECR,"Kothari Rd, Nungambakkam, Chennai, Tam.."
KTHE,KATAHRI,NR,"Katehri, Uttar Pradesh, India"
KTHL,KATHOLA H,NER,"Gonda, Uttar Pradesh, India"
KTHN,KATHOUN,ER,"Sahra, Behrajor, Dist. - Godda, PIN - .."
KTHU,KATHUA,NR,"Kathua, Jammu & Kashmir"
KTHY,KATHURUTHY HALT,SR,"Kazhuthurutty, Kerala 691309, India"
KTI,KANTI,ECR,"Muzaffarpur, Bihar, India"
KTJ,KHALTIPUR,ER,"Khaltipur Station, West Bengal 732201,.."
KTJI,KATHAJORI PH,ECOR,"Cuttack, Odisha, India"
KTK,KYATANEAKERI RD,SWR,"Kyataneakeri Road Station, Karnataka, .."
KTKA,KOTAKADRA,SCR,"Kotakadra, Andhra Pradesh, India"
KTKD,KATANGI KHURD,WCR,"Madhya Pradesh, India"
KTKL,KOTLI KALAN,NR,"Punjab 151509, India"
KTKR,KUMTHA KHURD,SCR,"Kumtha Khurd, Maharashtra 413517, India"
KTKS,KANTAKOSH H,NFR,"Manihari, Bihar 854113, India"
KTLA,KATKOLA JN,WR,"Jamnagar, Gujarat, India"
KTLP,KATALPUR H,NER,"Katalpur, Bihar 841413, India"
KTLR,KANTHALIA ROAD H,ER,"Murshidabad, West Bengal, India"
KTM,KUTRALAM,SR,"Kuthalam, Tamil Nadu, India"
KTMA,KOTMA,SECR,"Shahdol, Madhya Pradesh, India"
KTNA,KATHANA,WR,"Kithana, Haryana, India"
KTNR,KIRTYANAND NAGAR,ECR,"Nityanand Nagar, Bhan Nagar, Jaipur, R.."
KTO,KATORA,SECR,"Katara, Odisha, India"
KTOA,KOTANA,NWR,"Mathugamda Road, Dungarpur, Rajasthan,.."
KTOR,KATORIYA,ER,"Katoria, SH 25, Bihar 813106, India"
KTP,KATEPURNA,CR,"Kurankhed(Katepurna), Maharashtra, India"
KTPK,KOTHA PAKKI H,NR,Gurudwara Shri Pakki Sangat Sahib Alla..
KTPM,KOTTURPURAM,SR,"Kotturpuram, Chennai, Tamil Nadu, India"
KTPR,KATHAL PUKHURI,NFR,"Ujani Miri, Assam 787031, India"
KTQ,KUDRA,ECR,"Jahanabad, Bihar, India"
KTR,KOTHAR,NWR,"Kothar, Rajasthan, India"
KTRA,KOTRA,NCR,"Kotra, Rajasthan, India"
KTRD,KATOSAN ROAD,WR,"Arogya Vardhak Hospital, Gujarat, India"
KTRH,KATAREAH,ECR,"Kataria (sadhwa) Railway Station, Biha.."
KTRI,KATERI,ECR,"Bihar 823311, India"
KTRK,KUTURUKHAMAR PH,ECOR,"Badli, Odisha 766002, India"
KTRR,KATHARA ROAD,NCR,"Kanpur Nagar, Uttar Pradesh, India"
KTSH,KOTMI SONAN HLT,SECR,"Janjgir-Champa, Chhattisgarh, India"
KTT,KHUTBAV,CR,"Khutbav, Maharashtra 412214, India"
KTTR,KATTUR,SR,"Kattur, Tamil Nadu, India"
KTU,KUTTIPPURAM,SR,"Kuttippuram, Kerala, India"
KTV,KOTTAVALASA,ECOR,"Kothavalasa, Andhra Pradesh, India"
KTW,KOTDWARA,NR,"Kotdwar, Uttarakhand, India"
KTWS,KATHUWAS,NWR,"Kathuwas, Rajasthan, India"
KTX,KATAKHAL JN,NFR,"Assam 788801, India"
KTY,KOTTURU,SWR,"State Highway 2, Karnataka, India"
KTYM,KOTTAYAM,SR,"Kottayam Railway Station, Kottayam, Ke.."
KTYR,KOTTAIYUR,SR,"Kottaiyur, Tamil Nadu, India"
KU,KULIKARAI,SR,"Kulakarai St, North High Court Colony,.."
KUA,KULHARIA,ECR,"Kulharia Railway Station, Bihar, India"
KUB,KASBA,NFR,"Kasba, Bihar, India"
KUC,KARUKKUTTY,SR,"Karukutty, Kerala, India"
KUCE,KUCHAI,SER,
KUCH,KUCHAVARAM H,SCR,"Kuchavaram, Andhra Pradesh"
KUD,KUDACHI,SWR,"Kudchi, Karnataka, India"
KUDA,KUNDAPURA,KR,"Moodalkatte, Karnataka, India"
KUDL,KUDAL,KR,"Kudal, Maharashtra, India"
KUDN,KUDNI,NR,"RiptaRoad, Gotegaon, Madhya Pradesh, I.."
KUE,KURSELA,ECR,"Simmar Gach Bus Stop, National Highway.."
KUF,KAURHA,NR,"Kaurah, Uttar Pradesh, India"
KUG,KUSUGALI,SWR,"Karnataka 580023, India"
KUGT,KUMARGHAT,NFR,"Tripura 799264, India"
KUH,KHACHROD,WR,"Ujjain, Madhya Pradesh, India"
KUI,KULALI,CR,"Kulali Railway Station, Gangapur Road,.."
KUJU,KUJU,ECR,"National Highway 33, Kuju, Jharkhand 8.."
KUK,KORUKONDA,ECOR,"Vizianagaram, Andhra Pradesh, India"
KUKA,KHUI KHERA,NR,"Punjab 152121, India"
KUKT,KURUKOTTA,SCR,"Station Road, Karnataka 585316, India"
KUL,KALLAYI,SR,"Kallayi, Kerala, India"
KULH,KULHA H,NR,"Unnao, Uttar Pradesh, India"
KUM,KURAM,CR,"Kuram, Maharashtra, India"
KUMB,KUMARBAGH,ECR,"Kumarbagh, Bihar, India"
KUMM,KUMBALAM,SR,"Kumbalam, Kerala, India"
KUMT,KURMAHAT,ER,
KUN,KARNAL,NR,"Karnal Railway Station, Karnal, Haryan.."
KUND,KUND,NWR,"Kund, Uttarakhand, India"
KUP,KUP,NR,"SH 11, Punjab, India"
KUPR,KHURDPUR,NR,"Punjab 144102, India"
KUQ,KURETHA,NFR,"Kuraitha, Bihar, India"
KUR,KHURDA ROAD JN,ECOR,"Khordha, Orissa, India"
KURJ,KHAJURAHO,NCR,"Khajuraho, Madhya Pradesh, India"
KURN,KHUKRANA H,NR,"Khukrana, Khekra, Uttar Pradesh, India"
KURO,KORARI,NR,"Unnao, Uttar Pradesh, India"
KURT,KHURDA TOWN,ECOR,"Khurdha, Odisha, India"
KURV,KURVA,ER,"Kurwa, Dumka, Jharkhand 814119, India"
KUT,KANAUTA,NWR,"Rajasthan, India"
KUTI,KHUMTAI,NFR,"Golaghat, Assam, India"
KUU,KUHURI,ECOR,"Khordha, Orissa, India"
KUV,KUNDARA,SR,"Kollam-Tirumangalam Road, Kundara, Ker.."
KUW,KANWAR,NCR,"Kanwar, Amdi, Chhattisgarh, India"
KUX,KHIRSADOH JN,CR,"Chhindwara, Madhya Pradesh, India"
KVA,KAVAS,NWR,"Barmer, Rajasthan, India"
KVC,KAPARPURA,ECR,"Kaparpura, Bihar 842001, India"
KVD,KHURMABAD ROAD,ECR,"Khurmabad Road Railway Station, Khurma.."
KVDU,KADAVAKUDURU,SCR,"Kadavakuduru, Andhra Pradesh, India"
KVE,KAVALANDE H,SWR,"Dooda Kavalande, Karnataka, India"
KVG,KUNEANGANJ,NR,"Rae Bareli, Uttar Pradesh, India"
KVGM,KOLVAGRAM,NWR,"Kolvagram, Kolwa, Rajasthan 303325, In.."
KVJ,KESHAVGANJ,NWR,"Sirohi, Rajasthan, India"
KVK,KAVATHE MAHANKL,CR,"Kavathe Mahankal, Maharashtra, India"
KVL,KIZHVELUR,SR,"Thirukkanangudi, Tamil Nadu, India"
KVLK,KAVAL KINARU,SR,"Tamil Nadu 627105, India"
KVLR,KARUVALLI,SWR,"Karuvalli, Tamil Nadu, India"
KVLS,KARAKAVALASA,ECOR,"Vishakhapatnam, Andhra Pradesh, India"
KVM,KAVUTARAM,SCR,"Kavutaram, Dokiparru, Andhra Pradesh, .."
KVN,KAVANUR,SR,"Kavanur, Kerala, India"
KVNJ,KAPADVANJ,WR,"Kapadvanj, Gujarat, India"
KVO,KEVDI ROAD,WR,"Vadodara To Kevdi Eco Campsite, Gujara.."
KVP,KAVARAIPPETTAI,SR,"Kavaraipettai, Tamil Nadu, India"
KVQ,KOSIARA,ECR,"Duba, Jharkhand 822115, India"
KVR,KOVVUR,SCR,"Kovvur Railway Station, Kovvur, Andhra.."
KVS,KALSUR,SWR,"Haveri, Karnataka, India"
KVTA,KARUVATTA H,SR,"Karuvatta, Kerala, India"
KVU,KADAKAVUR,SR,"Kadakkavoor Railway Station, Kadakkavo.."
KVV,KURAVAPPULAM,SR,"Kuravappulam Downtown, Kuravappulam, T.."
KVX,KUSUMBHI,NR,India
KVZ,KAVALI,SCR,"Kavali Railway Station, Fly Over, Kava.."
KW,KHERVADI,CR,"Kherva, Gujarat, India"
KWAE,KATWA,ER,"Katwa, Station Bazar To Kachari Road, .."
KWAR,KAWAR,ECR,"Dhobia Singha, Jharkhand 815316, India"
KWB,KANIWARA,SECR,"Kanhiwada, Madhya Pradesh, India"
KWC,KUNDWA CHAINPUR,ECR,"Singhrahiya, Bihar, India"
KWD,KARWANDIYA,ECR,"Karwandiya, Bihar, India"
KWDP,KAKDWIP,ER,"Kakdwip, West Bengal, India"
KWE,KHURIAL,NFR,"Khuriyal, Bihar 855113, India"
KWGN,KAWARGAON,ECOR,"Kargaon, Maharashtra, India"
KWH,KACHHWA ROAD,NER,"Kachha Rd, Bina, Madhya Pradesh, India"
KWI,KIVARLI,NWR,"Kivarli, Rajasthan, India"
KWJ,KHOJEWALA,NR,"Khojewala, Punjab, India"
KWM,KAMPUR,NFR,"Assam 782426, India"
KWMD,KUMBHAWAS MUNDHALIA DABRI H,NR,"Haryana 123412, India"
KWN,KACHEWANI,SECR,"Kachewani Station, Maharashtra, India"
KWO,KARAUTA,ECR,"Bihar 803202, India"
KWP,KHATIPURA,NWR,"Jaipur, Rajasthan, India"
KWPR,KHAWASPUR HALT,NFR,"Khabaspur, Bihar, India"
KWR,KOELWAR,ECR,"Bihar, India"
KWV,KURDUVADI,CR,"Kurduvadi, Maharashtra, India"
KWW,KUSWA H,NCR,"Uttar Pradesh, India"
KXB,KANJIYA,WCR,"Madhya Pradesh, India"
KXE,KALYAN CHAK,ER,"Sahibganj, Jharkhand, India"
KXF,KAMPIL ROAD,NER,"MDR 110W, Farrukhabad, Uttar Pradesh, .."
KXG,KHARIA KHANGARH,NWR,"Kharia Khangar, Rajasthan, India"
KXH,KAPURTHALA,NR,"Sheikhupur, Kapurthala, Punjab, India"
KXI,KURUMURTHI,SCR,"Ammapoor Road, Andhra Pradesh, India"
KXJ,KARIMGANJ JN,NFR,"Karimganj, 788710, India"
KXK,KHARKHAUDA,NR,"Kharkhauda, Uttar Pradesh, India"
KXL,KAMARBANDHA ALI,NFR,"Kamarbandha Ali, Assam, India"
KXM,KITHAM,NCR,"Kitham, Uttar Pradesh, India"
KXN,KANSHBAHAL,SER,"Sundargarh, Orissa, India"
KXO,KUDIKADU,SR,"Melanikuzhi, Tamil Nadu, India"
KXP,KANIYAPURAM,SR,"Chirayinkeezhu Kaniyapuram Road, Kaniy.."
KXRA,KURIA HALT,ECR,"Kunria, Bihar, India"
KXT,KETTI,SR,"Ketti Valley, Tamil Nadu, India"
KXX,KATA ROAD,SCR,"Stirling North SA 5710, Australia"
KXY,KARIYAPATTINAM,SR,"Marudur Vadakku, Tamil Nadu, India"
KY,KARELI,WCR,"Station Road, Kareli, Madhya Pradesh 4.."
KYA,KAURIYA H,ECR,"Bhojpur, Bihar, India"
KYB,KAIYAR PH,SER,"Bardhaman, West Bengal, India"
KYBR,KHAIRATIYA BANDH ROAD H,NER,"Uttari Nighasan, Uttar Pradesh, India"
KYE,KHURAI,WCR,"Khurai, Madhya Pradesh, India"
KYF,KAJRAT NAWADIH,ECR,"Bihar, India"
KYG,KIDIYANAGA,WR,"Kutch, Gujarat, India"
KYH,KHAIRAH,NER,"Khairah Railway Station, Bihar 841214,.."
KYI,KALYANI,ER,"Kalyani, West Bengal, India"
KYJ,KAYANKULAM JN,SR,"Kayamkulam Junction Railway Station, P.."
KYM,KADIYAM,SCR,"Kadiyangad, Kerala, India"
KYN,KALYAN JN,CR,"Kalyan, Maharashtra, India"
KYND,KALYANDURGA,SWR,"Kalyandurg, Andhra Pradesh 515761, India"
KYNT,KALYANKOT,NWR,"Kalyanpur, Rajasthan, India"
KYO,KHANDIKAR,NFR,"Kachari Solmari, Assam 781354, India"
KYOP,KOTTAPALLI,SCR,"Kottapalli, Andhra Pradesh, India"
KYP,KALYANPUR,ER,"South 24 Parganas, West Bengal, India"
KYQ,KAMAKHYA,NFR,"Kamakhya Railway Station, Maligaon, Gu.."
KYS,KUSUMKASA,SECR,"Kusumkasa, Chhattisgarh 491228, India"
KYT,KAILAHAT,NCR,"Kailahat, Uttar Pradesh, India"
KYV,KOYILVENNI,SR,"Kovilvenni, Tamil Nadu, India"
KYW,KARCHHUE H,NER,"Siwan, Bihar, India"
KYX,KARHIYA BHADELI,WCR,"Damoh, Madhya Pradesh, India"
KYY,KARIHA H,NR,"Kariha, Punjab, India"
KYZ,KIZHA PULIYUR,SR,"Tenkasi, Tamil Nadu, India"
KZA,KHADA,NER,"Kushinagar, Uttar Pradesh, India"
KZB,KURUMBUR,SR,"Kurumbur, Tamil Nadu, India"
KZC,KULUKKALLUR,SR,"Kulukkallur, Kerala, India"
KZE,KANHANGAD,SR,"Kanhangad Railway Station, Kanhangad, .."
KZH,KILA ZAFARGARH,NR,"Jind, Haryana, India"
KZI,KHANDRAWALI H,NR,"Khandrawali, Uttar Pradesh, India"
KZJ,KAZIPET JN,SCR,"Kazipet, Andhra Pradesh, India"
KZJE,KZJ E CABIN,SCR,"Shyampet, Hanamkonda, Telangana, India"
KZJF,KZJ F CABIN,SCR,"Telangana 506002, India"
KZK,KAZHAKUTTAM,SR,"Kazhakkoottam, Kerala, India"
KZPE,KAZIPARA HALT,ER,"Kazipara, Kolkata, West Bengal, India"
KZPR,KAZIPARA H,ER,"Kazipara, Kolkata, West Bengal, India"
KZQ,KHIMEL,NWR,"Khimel, Rajasthan, India"
KZS,KUAKHERA H,NR,"Kuakhera, Uttar Pradesh, India"
KZT,KULITTHURAI,SR,"Kuzhithurai Railway Station, Railway S.."
KZTW,KULITTURAI WEST,SR,"Keandram, Maruthancode, Tamil Nadu 629.."
KZU,KUNKI B H,SER,"Kunki Station, Jharkhand, India"
KZW,KATAR SINGH WALA,NR,"Bathinda, Punjab, India"
KZX,KHUDDA KORALA,NR,"Khuda, Punjab, India"
KZY,KAYALPATTINAM,SR,"Arumuganeri, Tamil Nadu, India"
LAA,LAKHAPAT,WR,"Khopat, Maharashtra, India"
LAD,LOHARDAGA BS,SER,"Lohardaga Railway Station, Lohardaga, .."
LAE,LAKHOLI,SECR,"Lucknow, Uttar Pradesh, India"
LAK,LAKHO,ECR,"Lakho, Bihar, India"
LAL,LUSHALA,WR,"Gujarat, India"
LAN,LOTANA,WR,"Lotana, Rajasthan, India"
LAP,LOHAPUR,ER,"Kolhapur, Maharashtra, India"
LAR,LALITPUR,NCR,"Lalitpur, Uttar Pradesh 284403, India"
LAT,LATHI,WR,"Main Bazar Rd, Lathi, Gujarat, India"
LATH,LATH HALT,NR,"Haryana 131301, India"
LAU,LADNUN,NWR,"Nagaur, Rajasthan, India"
LAV,LABHA,NFR,"Bihar, India"
LB,LAIN BAZAR,NER,"Barhmani, Bihar 841425, India"
LBA,LAMBHUA,NR,"Sultanpur, Uttar Pradesh, India"
LBD,LIMBODRA,WR,"Limbodara Rd, Gujarat 382735, India"
LBG,LIMBGAON,SCR,"Kacharewadi, Maharashtra, India"
LBI,LILABARI,NFR,"Janu Basti, Assam 787051, India"
LBN,LABAN,WCR,"Laban, Rajasthan, India"
LBO,LATABOR,SECR,"Ooramana Tabor Church Rd, Ooramana, Ke.."
LBP,LABPUR,ER,"Labpur, West Bengal 731303, India"
LBT,LALGARH BIHAR H,ECR,"Lalgara, Jharkhand 822124, India"
LBTL,LABUTALA H,ER,"Labutala Halt, West Bengal, India"
LBW,LAIBURWA H,NER,"Uttar Pradesh, India"
LBZ,LALBAG BH,ECR,"Kumbhiataari, Jharkhand 825409, India"
LC,LUCKNOW CITY,NER,"Lucknow City Railway Station, Wazirgan.."
LCAE,LALBAGH CRT RD,ER,"Lalbagh Rd, Burhanpur, Madhya Pradesh,.."
LCH,LINCH,WR,"India Juliana, Asuncion, Paraguay"
LCK,LAKHOCHAK H,ECR,"Sohania Chak, Bihar 811310, India"
LCR,LOKUR,SR,"Lokur, Tamil Nadu, India"
LCT,LANGCHOLIET,NFR,"Embassy of India, Zaluuchuudyn Urgun C.."
LD,LONDA JN,SWR,"Londa, Karnataka, India"
LDA,LIDHORA KHURD,WCR,"Sagar, Madhya Pradesh, India"
LDCY,LODI COLONY,NR,"Prem Nagar, B K Dutt Colony, New Delhi.."
LDE,LOKDHIKHERA,SECR,"Lohakhera, Punjab, India"
LDH,LUDHIANA JN,NR,"Ludhiana, Punjab, India"
LDK,LADHUKA,NR,"Ladhuka, Punjab, India"
LDM,LEDARMER,NWR,"Jalore, Rajasthan, India"
LDP,LODIPUR BISHNPR,NR,"Moradabad, Uttar Pradesh, India"
LDR,LANDAURA,NR,"Landhaura, Uttarakhand, India"
LDU,LUNIDHAR,WR,"Jalandhar, Punjab, India"
LDVD,LADDIVADI,SR,Mohanur - Sendamangalam - Rasipuram Ro..
LDW,LADHOWAL,NR,"Ludhiana, Punjab, India"
LDX,LADDA,ECOR,"Ladda, Punjab, India"
LDY,LAKKITI,SR,"Palakkad, Kerala, India"
LEB,LEMUABAD H,ECR,"Pachmahla, Bihar 803213, India"
LEDO,LEDO,NFR,"Ledo, Assam, India"
LEK,LAKHAKERA,WCR,"Lakheri, Rajasthan, India"
LER,LEHRA F,NER,"Bardar, Uttar Pradesh, India"
LGCE,LAGARGAWAN,WCR,"Lagargawan Railway Station, Madhya Pra.."
LGDH,LALAGUDA GATE,SCR,"Lalaguda, Malkajgiri, Secunderabad, An.."
LGH,LALGARH JN,NWR,"Major Purnasingh Nagar, Bikaner, Rajas.."
LGI,LAMGAI,NFR,"Longai Railway Station, Umapati, Assam.."
LGL,LALGOLA,ER,"Lalgola, West Bengal, India"
LGO,LALGOPALGANJ,NR,"Uttar Pradesh, India"
LGRE,LINGIRI,SCR,"Lingiri Station, Karnataka, India"
LGT,LANGTING,NFR,"Langting, Assam, India"
LGTR,LINGARAJ TEMPLE ROAD PH,ECOR,"Dumduma, Bhubaneshwar, Orissa, India"
LHA,LEHRA GAGA,NR,"Punjab 148031, India"
LHB,LAHABON,ER,India
LHBK,LOTHAL BHURKHI,WR,"Gundi, Gujarat 382230, India"
LHD,LOHOGAD,SCR,"Lohagad, Maharashtra 444401, India"
LHL,LAHOAL,NFR,"Lahoal Station, A T Rd, Assam, India"
LHLL,LAHLI,NWR,"Haryana 124001, India"
LHM,LEHRA MUHABBAT,NR,"Lehra Mohabat, Punjab, India"
LHN,LACHYAN,SWR,"Solapur, Maharashtra, India"
LHNA,LOHANDA H,ECR,"SH 4, Bazidpur, Bihar 801302, India"
LHNR,LAKSHMANPUR H,NER,"Lakshmanpur, Chhattisgarh, India"
LHU,LOHARU,NWR,"Loharu, Haryana, India"
LHW,LOHARWARA,NWR,"Jaipur, Rajasthan, India"
LIG,LINGA,SECR,"Linga, Madhya Pradesh, India"
LIJ,LAKSHMIGANJ,NER,"Lakshminagar, Kolkata, West Bengal, In.."
LIL,LILMA,NWR,
LIN,LINGAMGUNTLA,SCR,"Lingamguntla, Andhra Pradesh, India"
LIR,LACHMIPUR H,NER,"Lakshmipur, Odisha, India"
LJN,LUCKNOW NE,NER,"Kanpur Road, Railway Colony, Charbagh,.."
LJR,LANJIGARH ROAD,ECOR,"Kalahandi, Odisha, India"
LKA,LANKA,NFR,"Lanka, Assam, India"
LKB,LAKSHMIPUR BHORANG,ER,"Makranpur, Bihar 813222, India"
LKBL,LAKHABAWAL,WR,"Jamnagar, Gujarat, India"
LKD,LAKODARA,WR,"Vadodara, Gujarat, India"
LKDM,LAKDARAM,SCR,"Ainapur - Lakudaram Rd, Tapaspalle, Si.."
LKDU,LANKALAKODERU,SCR,"Lankalakoderu Railway Station, Andhra .."
LKE,LAKHERI,WCR,"Bundi, Rajasthan, India"
LKF,LAKE GARDEN F,ER,"Lake Gardens, Kalighat, Kolkata, West .."
LKG,LAMSAKHANG,NFR,"Lamsakhan, Assam, India"
LKK,LYALPUR KHALSA COLL,NR,Lyallpur Khalsa College of Education f..
LKKD,LAKKADKOT,WR,"Gujarat, India"
LKMN,LOKMANYA NAGAR,WR,"Lokmanya Nagar Railway Station, Lokman.."
LKMR,LAXMIPUR ROAD,ECOR,"Laxmipur Road Station, Odisha, India"
LKN,LAKHMINIA,ECR,"Bihar, India"
LKNA,LAKHNA,ECOR,"Nuapada, Odisha, India"
LKNR,LAKHPAT NAGAR,NER,"Basti, Uttar Pradesh, India"
LKO,LUCKNOW NR,NR,"Lucknow Railway Station, Kanpur Road, .."
LKPL,LAKDI KA PUL,SCR,"Lakdikapul, Hyderabad, Andhra Pradesh,.."
LKPR,LAKSHMIKANTAPUR,ER,"Lakshmikantapur, West Bengal, India"
LKQ,LAUKAHA BAZAR,ECR,"Laukaha Bazar, SH 51, Laukaha, Bihar, .."
LKR,LUCKEESARAI JN,ECR,"Lakhisarai Junction, Lakhisarai, Bihar.."
LKS,LUNKARANSAR,NWR,"Bikaner, Rajasthan, India"
LKSH,LAKSHMINARAYANAPURAM H,SCR,"Lakshminarayanapuram, Bangalore, Karna.."
LKT,HULKOTI,SWR,"Karnataka 582205, India"
LKU,LAL KUAN,NER,"Lalkua Railway Station, Lalkuan, Uttar.."
LKW,LAKHEWALI,NR,"Lakhewali, Punjab, India"
LKX,LAKSHMIPUR,ER,"State Highway 6, West Bengal, India"
LKY,LAKHMAPUR,SWR,"Lakhmapur, Maharashtra, India"
LKZ,LAKADIYA,WR,"Lakadia, Gujarat, India"
LLBR,LALABAZAR,NFR,"Lalabazar Railway Station, Lala Bazar .."
LLD,LALAWADI,CR,"Rajawadi, Mumbai, Maharashtra, India"
LLGM,LELIGUMA,ECOR,"Leliguma Station, Rayaguda-Kasipur Ran.."
LLH,LILUAH,ER,"Liluah, Howrah, West Bengal, India"
LLI,LALGUDI,SR,"Lalgudi, Tamil Nadu, India"
LLJ,LALGANJ,NR,"Lalganj, Uttar Pradesh, India"
LLJP,LALGANJ PAKRI,ECR,"Pakri Kanth, Bihar 844121, India"
LLKN,LAL KALAN,NR,"Lal Kalan Khaira Link Road, Khaira, Pu.."
LLP,LALITGRAM,ECR,"Bhimpur, Bihar 854339, India"
LLPR,LALIT LAKSHMIPR,ECR,"Patwara Road, Kewalpatti, Bihar, India"
LLR,LALPUR,NCR,"Lalpur, Haryana, India"
LLST,LALSOT,NWR,
LLTG,LALITGIRI,ECOR,"Barada-Boujanga Rd, Bandareswar, Palai.."
LLU,LALRU,NR,"Lalru, Punjab, India"
LM,LIMBDI,WR,"Limbdi, Gujarat, India"
LMA,LAMBIYA,NWR,"Bhilwara, Rajasthan, India"
LMC,LAKHAMANCHI,WR,"Surendranagar, Gujarat, India"
LMD,LINGANENIDODDI,SCR,"Linganenidoddi Station, Andhra Pradesh.."
LMG,LUMDING JN,NFR,"Lumding Jn Railway Station, Lumding, A.."
LMK,LIMKHEDA,WR,"Limkheda, Gujarat, India"
LMM,LAILAKH MAMALKHA,ER,"Bhagalpur, Bihar, India"
LMN,LACHHMANPUR,NR,"Uttar Pradesh, India"
LMNR,LAKSHMIBAI NGR,WR,"Pologround Industrial Estate, Indore, .."
LMO,LILIYA MOTA,WR,"SH 115, Liliya Mota, Gujarat, India"
LMP,LAKHIMPUR,NER,"Lakhimpur, Uttar Pradesh, India"
LMT,ALMATTI,SWR,"ALMATTI, Karnataka, India"
LMU,LIMARUA,SECR,"Mandla, Madhya Pradesh, India"
LMY,LAIMEKURI,NFR,"Luhitpuria, Assam 787061, India"
LNA,LAMANA,NWR,"Lamana, Rajasthan, India"
LNBI,LINGANABANDI,SWR,"Hirearalihalli, Karnataka, India"
LNH,LACHHMANGARH SK,NWR,"Laxmangarh, Rajasthan, India"
LNJ,LANGHNAJ,WR,"Langnaj, Gujarat, India"
LNK,LOHIAN KHAS JN,NR,"Lohian Khas, Punjab, India"
LNL,LONAVALA,CR,"Siddharth Nagar, Lonavala, Maharashtra.."
LNMA,LAKHAN MAJRA,NR,
LNN,LONAND JN,CR,"Satara, Maharashtra, India"
LNO,LOHNA ROAD,ECR,"Madhubani, Bihar, India"
LNP,LANGARPETH,CR,"Maharashtra, India"
LNR,LUNI RICHHA,WCR,"Madhya Pradesh, India"
LNS,LUNSU H,NR,"Kangra, Himachal Pradesh, India"
LNW,LAKHANWADA,SECR,"Lakhabawal, Gujarat, India"
LNWT,LKO ALAMBAGH W CABIN,NR,"Railway Colony, Alambagh, Lucknow, Utt.."
LO,LOLIYA,WR,"Loliya, Gujarat, India"
LOA,LORHA,SECR,India
LOG,LOHGARA,NCR,"Shankargarh, Uttar Pradesh 212107, India"
LOGH,LOTTE GOLLAHALLI H,SWR,"Lottegollahalli Railway Station, Venka.."
LOHA,LOHA,NWR,"Loha, Maharashtra, India"
LOK,LOKNATH,ER,"Loknath, West Bengal, India"
LOL,LOLIEM,KR,"Loliem, Goa, India"
LOM,LODHMA,SER,"Lodhma, Jharkhand, India"
LONI,LONI,CR,"Pune, Maharashtra, India"
LOT,LOHTA,NR,"Lohta, Uttar Pradesh, India"
LOV,LOVEDALE,SR,"Lovedale, Ooty, Tamil Nadu, India"
LP,LALAPET,SR,"Lalapet, Malkajgiri, Secunderabad, And.."
LPG,LAPANGA,ECOR,"Lapanga, Odisha, India"
LPH,LOTAPAHAR,SER,"Lotapahar, Jharkhand"
LPI,LINGAMPALLI,SCR,"Serilingampally, Hyderabad, Andhra Pra.."
LPJ,LALPUR JAM,WR,"Khambhalia-Lalpur, Gujarat, India"
LPJL,JAGITYAL LINGAMPET,SCR,"Jagityal Lingampet, Andhra Pradesh, In.."
LPK,LEPETKATA,NFR,"Thangal Gaon, Assam 786007, India"
LPNR,LAJPAT NAGAR,NR,"Kotla Mubarakpur, New Delhi, Delhi, In.."
LPR,LILAPUR ROAD,WR,"Dhalapur Rd, Odisha, India"
LPW,LOHARPURWA H,NER,"Harpur, Bihar, India"
LR,LADPURA,NWR,"Ladpura, Rajasthan, India"
LRA,LODRA,WR,"Lodra, Gujarat 382835, India"
LRB,LARABAD,ECR,"Larabad, Jharkhand, India"
LRD,LAR ROAD,NER,"Deoria, Uttar Pradesh, India"
LRI,LIHURI PH,ECOR,"Gajapati, Odisha, India"
LRJ,LAKSAR JN,NR,"Laksar, Uttarakhand, India"
LRU,LALPUR UMRI,WCR,"Lalpur Umri Station, Rajasthan, India"
LS,LASALGAON,CR,"Lasalgaon, Maharashtra, India"
LSD,LUSADIYA,NWR,"Lusadiya Railway Station, Gujarat, India"
LSE,LASERI,NWR,"Laseri, Rajasthan, India"
LSGS,LAVAN SATYAGRAH SMARAK P H,SER,"East Medinipur, West Bengal, India"
LSI,LAHERIA SARAI,ECR,"Laheriasarai, Bihar, India"
LSMP,LAKSHMAPUR,SCR,"Laxmapur, Dist. - Medak State: Telangana"
LSR,LASUR,SCR,"Aurangabad, Maharashtra, India"
LSX,LOISINGHA,ECOR,"Balangir, Orissa, India"
LT,LAHAVIT,CR,"Lahavit, Maharashtra, India"
LTA,LAMTA,SECR,"Lamta, Madhya Pradesh, India"
LTD,LATHIDAD,WR,"Lathidad, Gujarat, India"
LTG,LATAGURI JN,NFR,"Lataguri, West Bengal, India"
LTHR,LATEHAR,ECR,"Jharkhand 829207, India"
LTI,LATTERI,SR,"Latteri, Tamil Nadu, India"
LTK,LATHIKATA,SER,"Lattikata, Odisha, India"
LTKR,LALIT KHERA HALT,NR,"Lalit Khera, Haryana 126101, India"
LTMD,LATEMDA,SER,"Bakar Kuri, Jharkhand 832403, India"
LTR,LAKHTAR,WR,"Surendranagar, Gujarat, India"
LTRR,LATUR ROAD,SCR,"Latur, Maharashtra, India"
LTT,LOKMANYATILAK T,CR,"Tilak Nagar, Kurla, Mumbai, Maharashtr.."
LUA,LALAURI KHERA,NER,"Pilibhit, Uttar Pradesh, India"
LUBA,LACHHU BIGHA,ECR,
LUNI,LUNI JN,NWR,"Luni, Rajasthan, India"
LUR,LATUR,CR,"Latur, Maharashtra, India"
LUSA,LUSA,NCR,"Sonbhadra, Uttar Pradesh, India"
LVR,LOK VIDYAPITH NAGAR H,NER,"Uttar Pradesh, India"
LW,LORWADA,WR,"Gujarat, India"
LWJ,LOWJEE,CR,"Lowjee, Khopoli, Maharashtra, India"
LWR,ALNAVAR JN,SWR,"Alnavar Junction, Alnavar, Karnataka, .."
LWS,LUKWASA,WCR,"Lukwasa, Madhya Pradesh, India"
LXA,LAKSWA,NFR,"Naharhabi Grant and Lakwa Rly, Assam, .."
LXD,LAKSHANNATH ROAD,SER,"Lakshamveedu Rd, Vadasserikkara, Keral.."
LXMP,LAKSHMIPUR BIHAR,NFR,"Lakshmi Pur, Bihar 854331, India"
LXR,LUNSERIYA,WR,"Gujarat, India"
LYD,LAYABAD,SER,"Nayabad, Kolkata, West Bengal, India"
MA,MADHA,CR,"Madha, Maharashtra, India"
MAA,MAVAL,NWR,"Wadgaon Maval Phata, Vadgaon, Maharash.."
MAAR,MALHAR,NWR,"Malhar, Rajasthan, India"
MABA,MANDI BAMORA,WCR,"Mandi Bamora Station, Mandi Bamora, Ma.."
MABB,MABBI H,ECR,"Sihma - Mabbi - Rosera Ghat Rd, Mohiud.."
MABD,MAHBUBABAD,SCR,"Mahbubabad Railway Station, Mahabubaba.."
MABM,M AHORWA B DHAM,NR,"Akbarganj, Uttar Pradesh, India"
MABN,MABAN,WCR,"Singwasa, Madhya Pradesh 473001, India"
MACI,MARACHI HALT,ECR,"Bihar, India"
MACR,MANGULI CHOUDWAR PH,ECOR,"Odisha, India"
MAD,MADDUR,SWR,"Maddur Railway Station, Karnataka, India"
MADA,MAONDA,NWR,"Lower Monda Verinag Rd, 192101"
MADM,MATHRADAM HALT,SECR,"Chhindwara-Seoni Rd, Katalbodi, Madhya.."
MADR,MADURE,KR,"Sindhudurg, Maharashtra, India"
MADU,MADDURU,SCR,"Madduru, Andhra Pradesh 518112, India"
MAE,MATHERAN,CR,"Matheran, Maharashtra, India"
MAEL,MAEL,SER,"Mael, Jharkhand, India"
MAF,MANAVUR,SR,"Manavur, Tamil Nadu, India"
MAG,MANGALAGIRI,SCR,"Mangalagiri, Andhra Pradesh, India"
MAGH,MANIKGARH,SCR,"Manikgarh, Maharashtra, India"
MAH,MADHOGANJ,NR,"Madhoganj, Uttar Pradesh, India"
MAHE,MAHE,SR,"Mahe Railway Station, Mahe, Kerala, In.."
MAHI,MAHIPUR,ECOR,"Bhiruda, Mahipur, PIN - 752094, DIst. .."
MAHM,MEHAM,NR,"Meham, PIN - 124112, Dist. - Rohtak St.."
MAHO,MAHOLI,NR,"Sitapur, Uttar Pradesh, India"
MAI,MEHSI,ECR,"Muzaffarpur, Bihar, India"
MAJ,MAJHERGRAM,ER,"Jhargram, West Bengal, India"
MAJN,MANGALORE JN,SR,"Mangalore Bangalore Highway, Shanthi N.."
MAK,MALIKPUR,ER,"Malkapur, Maharashtra, India"
MAKH,MOKHAMPURA,NWR,"Mokhampura, Rajasthan, India"
MAKM,MARARIKULAM,SR,"Marrarikulam Temple Road, Mararikulam,.."
MAKP,MANIKPURA HALT,NCR,"SH 62, Basai Arela, Uttar Pradesh 2831.."
MAKR,BINA MALKHEDI JN,WCR,"Walkheda, Maharashtra, India"
MALA,MALA,NER,"Mala, Kerala, India"
MALB,MALIYA MIYANA JN,WR,"Malia Railway Station, Malia, Gujarat,.."
MALK,MALKAPUR ROAD,CR,"Malkapur Rd, Karimnagar, Andhra Prades.."
MALM,MANTHRALAYAM RD,SCR,"Kurnool, Andhra Pradesh, India"
MALR,MALLUR,SR,"Mallur Railway Station, Tamil Nadu 636.."
MALX,MALIYA,WR,"Malia Railway Station, Malia, Gujarat,.."
MAM,MANGAL MAHUDI,WR,"Dahod, Gujarat, India"
MAN,MANINAGAR,WR,"Maninagar, Ahmedabad, Gujarat, India"
MANA,MANA,CR,"Mana, Uttarakhand, India"
MANE,MANESWAR,ECOR,"Banswara, Rajasthan, India"
MANI,MANI NAGAR,ECR,"Ara - Sasaram Rd, Lachhmanpur, Bihar 8.."
MANK,MANKI,KR,"Pedestrian Overpass, Karnataka, India"
MANR,MANSAROVAR,CR,"Mansarovar Railway Station, Kamothe, N.."
MANU,MONU,NFR,"Dhalai, Tripura, India"
MANW,MANWA H,NER,"Mandi Manva, National Highway 21, Hima.."
MAO,MADGAON,KR,"Goa 403601, India"
MAP,MORAPPUR,SR,"Dharmapuri, Tamil Nadu, India"
MAQ,MANGALORE CNTL,SR,"Mangalore Central Railway Station, Man.."
MAR,MULANUR,SWR,"Mulanur Station, Andhra Pradesh, India"
MARD,MAVUR ROAD,SR,"Mavoor Rd, Kozhikode, Kerala, India"
MAS,CHENNAI CENTRAL,SR,"General Hospital Road, Park Town, Chen.."
MASK,MAISAR KHANA,NR,"Punjab 151509, India"
MASS,CHENNAI CTRL SUBURBAN,SR,
MAU,MAU JN,NER,"Mau, Uttar Pradesh, India"
MAUL,MAULI,NR,"Punjab 144632, India"
MAUR,MAUR,NR,"Maur, Punjab, India"
MAX,MANGUDI,SR,"Mangudi, Tamil Nadu, India"
MAY,MARIAHU,NR,"Mariahu, Uttar Pradesh, India"
MAYA,MAKAKHAD,WR,"Mansa - Badpura Rd, Pratap Nagar, Guja.."
MAYP,MAYAPUR,ER,"Mayapur, West Bengal 712413, India"
MAYR,MAYAR,NWR,"Hisar, Haryana, India"
MAZ,MANGRA,ECR,"Mangra, Bihar, India"
MB,MORADABAD,NR,"Moradabad Railway Station, National Hi.."
MBA,MAHOBA JN,NCR,"Mahoba Railway Station, Mahoba, Uttar .."
MBAH,MIRABIGHA HALT,ECR,"Kohara, Bihar 804427, India"
MBB,MURSHIDABAD,ER,"Lalbagh, West Bengal, India"
MBC,MAHANANDA BRIDGE,NFR,"Mahananda Bridge, Maharajpur, West Ben.."
MBD,MUSTABADA,SCR,"Mustabad, Andhra Pradesh, India"
MBDD,MAA BARAHI DEVI DHAM,NR,"Pratapgarh, Uttar Pradesh, India"
MBDP,MA BELHADEVI PRATAPGARH JN,NR,"Bela, Pratapgarh, Uttar Pradesh, India"
MBE,MIRZAPUR BANKIPUR,ER,"Mirzapur Bankipur, West Bengal"
MBF,MUNABAO,NWR,"Barmer, Rajasthan, India"
MBG,MAIBANG,NFR,"Assam 788831, India"
MBGA,MARWAR BAGRA,NWR,"Bagra, Rajasthan, India"
MBH,MOBHA ROAD,WR,"Mobha Road Railway Station, Gujarat, I.."
MBI,MADHUBANI,ECR,"Madhubani, Bihar, India"
MBL,MANUBOLU,SCR,"Great Northern Trunk Road, Andhra Prad.."
MBLP,MAH BIJLI PASI,NR,"Jagdishpur, Uttar Pradesh, India"
MBM,MAMBALAM,SR,"West Mambalam, Chennai, Tamil Nadu, In.."
MBNL,MARWAR BHINMAL,NWR,"Marwar Bhinmal, State Highway 31, Bhin.."
MBNR,MAHBUBNAGAR,SCR,"Mahbubnagar Railway Station, Mahbubnag.."
MBO,MAIRABARI,NFR,"Mardabari, Nadiad, Gujarat 387001, India"
MBP,MOHIBULLAPUR,NER,"Kolhapur, Maharashtra, India"
MBQ,MUMBRA,CR,"Mumbra, Mumbra - Kausa, Maharashtra, I.."
MBS,MADHOSINGH,NER,"Madhubani, Uttar Pradesh, India"
MBSK,MARWAR BALIA,NWR,"Nagaur, Rajasthan, India"
MBT,MARWAR BITHRI,NWR,"Jodhpur, Rajasthan, India"
MBU,MELPATTAMBAKKAM,SR,"Meenambakkam, Tamil Nadu, India"
MBV,MIRZAPUR BACHHAU,NWR,"Mirzapur, Uttar Pradesh, India"
MBW,MALWARA,NWR,"Maliwara, Ghaziabad, Uttar Pradesh, In.."
MBY,MANDI DABWALI,NWR,"Mandi Dabwali, Haryana, India"
MC,MANDAPAM CAMP,SR,"Mandapam Camp, Kundannoor - Willington.."
MCA,MECHEDA,SER,"Mecheda, West Bengal"
MCDA,MA CHANDIKADEVI D ANTU,NR,"Pratapgarh, Uttar Pradesh, India"
MCF,MANIK CHAURI,SECR,"Manikchauri, Chhattisgarh, India"
MCI,MANCHIRYAL,SCR,"Manchiryal Railway Station, Mancherial.."
MCJ,MANJATTIDAL,SR,"Manjarde, Maharashtra, India"
MCL,MADIMANGALAM,SR,"Madimangalam, Tamil Nadu 606907, India"
MCLA,MACHERLA,SCR,"PWD Colony Road, Macherla, Andhra Prad.."
MCLE,MANCHILI,SCR,"West Godavari, Andhra Pradesh, India"
MCN,MUKUNDARAYAPURM,SR,"Mukundapuram, Andhra Pradesh, India"
MCO,MOTIHARI COURT,ECR,"Motihari, Bihar, India"
MCPE,MARWAR CHAPRI,NWR,"Nagaur, Rajasthan, India"
MCPK,CHEPAUK,SR,"Chepauk, Victoria Hostel Rd, Triplican.."
MCPT,CHINTADARIPET,SR,"Chintadripet MRTS Station, Arunachala .."
MCQ,MIRCHADHORI,ECR,"Sidhi, Madhya Pradesh, India"
MCRD,MECHERI ROAD,SR,"Omalur-Mecheri Rd, Tamil Nadu, India"
MCS,MANCHESWAR,ECOR,"Bhubaneshwar, Orissa, India"
MCSC,CHHATARPUR,NCR,"Chandrapura, Madhya Pradesh, India"
MCTM,MTYR C TUSHAR MAHAJAN,NR,
MCU,MULACALACHERUVU,SCR,"Putlacheruvu, Andhra Pradesh, India"
MCV,MACHARYA,NR,"Moradabad, Uttar Pradesh, India"
MCVM,MACHAVARAM,SCR,"G.B.C. Road, Chintalapudi, Andhra Prad.."
MCY,MACHRIAWAN H,ECR,"NH431, Bankipur Machhariawan, Bihar 80.."
MCZ,MAHABUANG,SER,"Barbera, Jharkhand 835201, India"
MDA,MANDHANA JN,NER,"National Highway 91, Mandhana, Uttar P.."
MDAK,MEDAK,SCR,"Chaman Road, Chaman, Arabgalli, Medak,.."
MDB,MANDOR,NWR,"Mandore, Rajasthan, India"
MDBP,MADHABPUR H,ER,"Madhabpur, Assam, India"
MDC,MAKARDAHA,SER,"Makardah, West Bengal, India"
MDCR,MASAUDHI COURT H,ECR,"Bihar 804452, India"
MDD,MALAD,WR,"Malad East Bus Depot, Poddar Road, Mal.."
MDDG,MALADGAON,CR,"Malegaon, Maharashtra, India"
MDDP,MANDI DIP,WCR,"Mandideep, Madhya Pradesh, India"
MDE,MAKHDUMPUR GAYA,ECR,"Makhdumpur, Bihar, India"
MDF,MURADI,SER,"Muradi Rd, New Delhi, Delhi, India"
MDG,MANDALGHAT,NFR,"Station Road, West Bengal 735132, India"
MDGR,MANENDRAGARH,SECR,"Railway Colony, Manendragarh, Madhya P.."
MDH,MANDHAR,SECR,"Pathari - Boharhi, Chhattisgarh, India"
MDHA,MADHADA,WR,"Madhya Pradesh, India"
MDJ,MUHAMMADGANJ,ECR,"Jharkhand, India"
MDJN,MADAR JN,NWR,"Madar Railway Station, Ajmer, Rajastha.."
MDKD,MADHUKUNDA,SER,"Madhuban, Uttar Pradesh, India"
MDKI,MADUKARAI,SR,"Madukkarai, Coimbatore, Tamil Nadu, In.."
MDKM,MADATTUKULAM,SR,"Tamil Nadu 642113, India"
MDKU,MODUKURU,SCR,"Guntur, Andhra Pradesh, India"
MDL,MANDAL,NWR,"Mandal, Rajasthan, India"
MDLA,MUDLANA,NR,"Mudlana Railway Station, Mundlana, Har.."
MDLE,MANDAR HILL,ER,"Ghoga Panjwara Bounsi Road, Panda Tola.."
MDLL,MUDDALINGANAHALLI H,SWR,"Muddanahally, Karnataka, India"
MDN,MIDNAPORE,SER,"Rangamati, Medinipur, West Bengal, India"
MDNR,MODINAGAR,NR,"Modinagar, Uttar Pradesh, India"
MDP,MADHUPUR JN,ER,"Madhupur, Jharkhand, India"
MDPA,MANDPIYA,NWR,"Mandpiya, Rajasthan, India"
MDPB,MADHOPUR PUNJAB,NR,"Madhopur, Punjab, India"
MDPD,MANDAPADU,SCR,"Siripuram Road, Siripuram, Andhra Prad.."
MDPJ,MADANAPUR H,SCR,"Madanapur, Andhra Pradesh, India"
MDPR,MODPUR,WR,"Gujarat, India"
MDR,MADHIRA,SCR,"Madhira, Andhra Pradesh, India"
MDRA,MEDRA,WR,"Gujarat 382355, India"
MDRR,MADHAVNAGAR ROAD,WCR,"Madhavachar Rd, Mysuru, Karnataka, India"
MDS,MANDASOR,WR,"Mandsaur, Madhya Pradesh, India"
MDSA,MODASA,WR,"Modasa, Gujarat, India"
MDSE,MADHU SUDANPUR,ER,"Bhola Road, West Bengal, India"
MDT,MADARIHAT,NFR,"Madarihat, West Bengal, India"
MDU,MADURAI JN,SR,"Madurai Railway Junction, Southern Rai.."
MDUN,MADHURANAGAR,SCR,"Madhura Nagar, Vijayawada, Andhra Prad.."
MDVB,MANDAR VIDYAPITH H,ER,"Bhagalpur-Hansdiha Road, Bihar 813103,.."
MDVE,MAHENDRAVADI,SR,"Unnamed Road, Koothambakkam, Tamil Nad.."
MDVK,MAHADEOKHEDI,WCR,"Mahadevi Rd, Challakere, Karnataka 577.."
MDVL,MANDAVALLI,SCR,"Mandavalli, Andhra Pradesh, India"
MDVR,MADHAVNAGAR,CR,"Sangli, Maharashtra, India"
MDW,MARWAR MUNDWA,NWR,"Mundwa, Rajasthan, India"
MDWI,MANDAWARI,NWR,
MDXR,MUDARIA,SECR,"Madurai, Tamil Nadu, India"
ME,MASAIPET,SCR,"Masaipet, Andhra Pradesh, India"
MEC,MERTA CITY,NWR,"Merta, Rajasthan, India"
MED,MEDCHAL,SCR,"Medchal, Secunderabad, Andhra Pradesh,.."
MEE,METHAI F,ECR,"Mathahi, Bihar, India"
MEH,MELALATHUR,SR,"Melattur, Tamil Nadu, India"
MEJ,VANCHI MANIYACHCHI,SR,"Maniyachchi Station, Tamil Nadu, India"
MEKM,MELAKKONNAKKULAM,SR,"Ernakulam, Kerala, India"
MEL,MARINE LINES,WR,"Marine Lane, Sonapur, Marine Lines, Mu.."
MELH,MELUSAR,NWR,"Melusar, Rajasthan, India"
MEM,MAU AIMMA,NR,"Bharana, Uttar Pradesh, India"
MENP,MEENAPUR,NFR,"Manipur, India"
MEP,MAHIDPUR ROAD,WCR,"BCI Colony New Junior Road, Nagda, Mad.."
MEQ,MALETHU KANAK,NR,"Uttar Pradesh, India"
MER,METPANJRA,CR,"Nagpur, Maharashtra, India"
MES,MADURAI EAST,SR,"Madurai, Tamil Nadu, India"
MESR,MESRA,ECR,"Hombai, Jharkhand 835215, India"
MET,MALERKOTLA,NR,"Maler Kotla Railway Station, Maler Kot.."
METR,METHI TIKUR,NR,"Unnao, Uttar Pradesh, India"
MEU,MENDU H,NER,"Mendi, Rajasthan, India"
MEW,MARHAURA,NER,"Marhowrah, Bihar 841418, India"
MEX,MUKERIAN,NR,"Mukerian, Punjab, India"
MFA,MUKURIA,NFR,"Mukuria Railway Station, Bihar, India"
MFB,MUSTAFABAD,NR,"Mustafabad, Haryana, India"
MFC,MONABARI,NFR,"Monabari, Assam, India"
MFCK,MUSTAPHACHAK,SER,"West Bengal 713401, India"
MFH,MAHRAULI,NR,"Mehrauli, New Delhi, Delhi, India"
MFJ,MUFTIGANJ,NER,"Mufti Ganj, Uttar Pradesh, India"
MFKA,MUSAFIR KHANA,NR,"Uttar Pradesh, India"
MFL,MISRAULI,NR,"Pratapgarh, Uttar Pradesh, India"
MFM,MAHALAM,NR,"152002, India"
MFP,MUZAFFARPUR JN,ECR,"Muzaffarpur Railway Station, Muzaffarp.."
MFQ,MAHROI,WCR,"Madhya Pradesh, India"
MFR,MANDLA FORT,SECR,"Mandla Fort, Madhya Pradesh, India"
MFX,MADARAHA,NCR,"Bara Khas, Uttar Pradesh 212107, India"
MFZ,MALAHAR,NFR,"Malhar Cinema Rd, Ludhiana, Punjab 141.."
MG,MODELGRAM,NR,"Model Gram Community Center, Kochar Ma.."
MGAE,MORGRAM,ER,"Murshidabad, West Bengal, India"
MGB,MUDIGUBBA,SCR,"Mudigubba, Andhra Pradesh, India"
MGC,MUGAT,SCR,"Nanded, Maharashtra, India"
MGD,MUGAD,SWR,"Mugad, Karnataka, India"
MGDR,MAGARDHARRA PH,SECR,"Magardarra, Madhya Pradesh 481001, India"
MGE,MIGRENDISA,NFR,"788830, India"
MGF,MANDAGERE,SWR,"Hassan, Karnataka, India"
MGG,MANGLIYA GAON,WR,"Mangliya Gaon, Manglia, Madhya Pradesh.."
MGI,MANIGACHI,ECR,India
MGK,MULAGUNNATHUKAVU,SR,"Mulagunnathukavu Railway Station, Thri.."
MGKM,MUNGAIAKAMI,NFR,"Mungiyakami, Tripura, India"
MGKP,MANSINGH KA PURA,NCR,"Gadhia Pratappura, Uttar Pradesh 28311.."
MGL,MANGELA,SWR,"Mangela, Andhra Pradesh, India"
MGLE,MANIGRAM,ER,"Murshidabad, West Bengal, India"
MGLP,MANGOLPURI,NR,"Shakurbasti, Pitampura, New Delhi, Del.."
MGM,MURAGACHA,ER,"Muragacha, West Bengal, India"
MGME,MCCLUSKIEGANJ,ECR,"Jharkhand 829210, India"
MGN,MEGHNAGAR,WR,"Madhya Pradesh, India"
MGPA,MUNDA GOPAL ASHRAM H,NER,"Uttar Pradesh, India"
MGPI,MANGARAPATTI HALT,ECR,
MGR,MONGHYR,ER,"Munger, Bihar 811201, India"
MGRD,MAGARDOH,CR,"Gurgunda, Madhya Pradesh 460440, India"
MGRL,MANGROLLA,WR,"Mangrolia, Gujarat, India"
MGRP,MEGHRAJPURA,NR,"Rajpura, Punjab, India"
MGRR,MAGARPUR,NCR,"Uttar Pradesh, India"
MGT,MAGRA HAT,ER,"Magra Hat, West Bengal, India"
MGV,MOLAGAVALLI,SCR,"Molagavalli, Andhra Pradesh, India"
MGVK,MALEGAON VYENKU,SECR,"Nagpur, Maharashtra, India"
MGW,MAGARWARA,NR,"Magarwara, Uttar Pradesh, India"
MGWD,MAHANGARWAL DOABA,NR,"Punjab 144530, India"
MGWN,MAHGAWAN H,NR,"Mahgawan, Mehgaon, Madhya Pradesh, India"
MGZ,MAHARAJGANJ,NER,"Maharajganj, Uttar Pradesh, India"
MH,MAHURI H,ECR,"Mahuri, Bihar, India"
MHA,MARAHRA,NER,"Marehra, Uttar Pradesh, India"
MHAD,MOHADI PRGN LNG,CR,"Dhule, Maharashtra, India"
MHBA,MATHABHANGA,NFR,"Bhangamore - Mathabhanga Rd, Khaterbar.."
MHBG,MAHADEVA BUZURG H,NER,"Audahi, Uttar Pradesh, India"
MHBT,MAHABUBNAGAR TOWN H,SCR,"Mahbubnagar, Andhra Pradesh, India"
MHBZ,MAHTHA BAZAR H,NER,"Mahmudwa Grant-Shohratgarh Rd, Chhatah.."
MHC,MASRAKH,NER,"Masrakh, Mashrakh, Bihar, India"
MHD,MHMDVD KHEDA RD,WR,"Mahemdabad, Gujarat, India"
MHDA,MAHADIYA,ECR,"Bargawan - Singrauli Rd, Gorbi, Madhya.."
MHDB,MAHADIA PH,ECOR,"Kantio Putasahi, Parjang-Pandua Rd, Ka.."
MHF,MOHARI,NCR,"Mohadi, Maharashtra, India"
MHH,MAGHAR,NER,"Maghar Railway Station, Maghar, Uttar .."
MHHR,MAHESRA H,NR,"Mahora, Maharashtra, India"
MHI,MANIHARI,NFR,"Bihar, India"
MHJ,MAHAJAN,NWR,"Bikaner, Rajasthan, India"
MHKT,MOHKHUTI,NFR,"Moumari Mohkhuti Rd, Dhing, Assam, India"
MHL,MAHWAL,ECR,"Bihar, India"
MHLN,MAHENDRALALNAGAR,SER,"Maju Rd, Dhasa, Shankarhati, West Beng.."
MHLT,MAHESH LETA H,ECR,"Sohania Chak, Bihar 811310, India"
MHMB,MAHIMBA H,SCR,"Maharashtra, India"
MHN,MAHANADI,NFR,River Mahanadi
MHNR,MAHESH NAGAR HALT,NWR,"Rajasthan, India"
MHO,MAHPUR,NER,"Ghazipur, Uttar Pradesh, India"
MHOW,MHOW,WR,"Mhow, Madhya Pradesh, India"
MHP,MUHAMMADPUR,ECR,"Muhammadpur, Uttar Pradesh, India"
MHPE,MOHOPE,CR,"Station Rd, Maharashtra 410221, India"
MHPR,MAHIYARPUR,NFR,"Kumaripur, Bihar, India"
MHQ,MAHUDA,SER,"National Highway 32, Jharkhand, India"
MHRG,MAHENDRAGARH,NWR,"Mahendragarh, Haryana, India"
MHRI,MACHHRAULI,NR,"Jhajjar, Haryana, India"
MHRL,MAHRAIL,ECR,"Madhubani, Bihar, India"
MHRN,MAHENDRANATH H,NER,"Mahendra Nath Lake, Bihar"
MHSA,MAHESHPUR HALT,ECR,"Maheshpur Halt Railway Station, Jharkh.."
MHT,MANJHI,NER,"Manjhi, Bihar, India"
MHTR,MALIHATI TALIBPUR ROAD,ER,"Murshidabad, West Bengal, India"
MHU,MANHERU,NWR,"Manheru Railway Station, Haryana 12730.."
MHUA,MAHUDHA,WR,"Mahudha, Gujarat 387335, India"
MHUL,MEHUWALA,NWR,"Mehuwala, Haryana, India"
MHUR,MOHANPUR,ER,"Mohanpur, Katban Chhit, Jharkhand 8141.."
MHV,MAHUVA JN,WR,"Mahuva, Gujarat, India"
MIA,MANIA,NCR,"Mania, Rajasthan, India"
MIAL,MILAVALI H,NCR,"Gwalior West, Madhya Pradesh, India"
MIAN,MIAGRAM H,ER,"Masagram, West Bengal, India"
MID,MADHI,WR,"Madhi, Gujarat, India"
MIDP,MAMIDIPALLE,SCR,"Mamidipalle, Telangana 503003, India"
MIH,MIHRAWAN,NR,"Jaunpur, Uttar Pradesh, India"
MIJ,MAJHDIA,ER,"Majhdia, West Bengal, India"
MIK,MANIKUI,SER,"832401, India"
MIKD,MAHIKHAND HALT,ECR,
MIL,MILAK,NR,"Milak Railway Station, Milak, Uttar Pr.."
MIM,MANIRAM,NER,"Manaram Johri, Rajasthan"
MIN,MIHINPURWA,NER,"Murtiha-Mihipurwa Rd, Kundwa, Uttar Pr.."
MINA,MIYANA,WCR,"Guna, Madhya Pradesh, India"
MINJ,MAIKALGANJ,NR,"Maikalganj, Uttar Pradesh, India"
MIO,MOLISAR,NWR,"Via India, 86039 Termoli Campobasso, I.."
MIPM,MARRIPALEM PH,ECOR,"Marripalem Railway Station, Vishakhapa.."
MIQ,MIRHAKUR,NCR,"Agra, Uttar Pradesh, India"
MIR,MAIJAPUR,NER,"Maujpur, New Delhi, Delhi, India"
MIRA,MIRA ROAD,WR,"Mira Road, Mira Road East, Mira Bhayan.."
MITA,MITHA,WR,"Banaskantha, Gujarat, India"
MIU,MARIPAT,NCR,"Maripat, Uttar Pradesh, India"
MIW,MIGHAUNA H,NER,"Mighauna, Uttar Pradesh, India"
MIYN,MANIYAN,NFR,"Maniyan Rd, Payyannur, Kerala, India"
MJ,MARWAR JN,NWR,"Pali, Rajasthan, India"
MJA,MEJA ROAD,NCR,"Uttar Pradesh, India"
MJBK,MANJARI BUDRUK,CR,"Manjri Village Road, Manjri Budruk, Pu.."
MJBT,MAJBAT,NFR,"Mazbat, Assam, India"
MJE,MUJNAI,NFR,"Jalpaiguri, West Bengal, India"
MJF,MALKAJGIRI,SCR,"Pilot Raj Kumar Road, Mallikarjuna Nag.."
MJG,MAJHAGAWAN,WCR,"Majhagawan, Madhya Pradesh, India"
MJGP,MAJHGAWANPHATAK,WCR,"Majhgava, Uttar Pradesh, India"
MJH,MAJU PH,SER,"Maju Rd, Maju, West Bengal 711410, India"
MJHL,MAJHAULA H,NR,"Moradabad, Uttar Pradesh, India"
MJHR,MAJHIARI,NCR,"Majhiaon, Jharkhand, India"
MJKN,MAJRI KHADAN,CR,"Kona, Maharashtra, India"
MJL,MAJHOWLIA,ECR,"Majhowlia, Bihar, India"
MJM,MANJHAULI GRAM H,ECR,"Rukunpura, Bihar 803202, India"
MJN,MAKUM JN,NFR,"Makum Jn, A T Rd, Makum, Assam, India"
MJNL,MAJRI NANGAL,NWR,"Nangal, Punjab, India"
MJO,MAJORDA,KR,"Majorda Railway Station, Majorda, Goa,.."
MJP,MOHARAJPUR,ER,"Sahibganj, Jharkhand, India"
MJPB,MANJHRA PURAB,NER,"Tela Gauri, Uttar Pradesh 271855, India"
MJR,MINJUR,SR,"Minjur, Tamil Nadu, India"
MJRI,MAJRI JN,CR,"Chandrapur, Maharashtra, India"
MJS,MANJESHWAR,SR,"Manjeshwar, Kerala, India"
MJT,MAJERHAT,ER,"Majerhat, Mominpur, Kolkata, West Bengal"
MJTA,MAJITHA,NR,"Majitha, Punjab, India"
MJV,MANJHAGARH,NER,"Mahendragarh, Haryana, India"
MJY,MARAMJHIRI,CR,"Maramjhiri Railway Station, Madhya Pra.."
MJZ,MAJHOLA PAKARYA,NER,"Pakaria Vijaypur, Uttarakhand 262305, .."
MK,MIRANPUR KATRA,NR,"Miranpur Katra, Uttar Pradesh, India"
MKA,MOKAMEH JN,ECR,"Mokama, Mokameh Khas, Bihar 803302, In.."
MKAK,MUNDAKAKANNI AMMAN KOIL,SR,"Mundakanni Amman Kovil, Kalvi Varu St,.."
MKB,MANKATHA,ECR,"Lakhisarai, Bihar, India"
MKBH,MANWALA KOT BAKHTU,NWR,"Mannwala, Punjab, India"
MKC,MAKSI,WR,"Shajapur, Madhya Pradesh, India"
MKD,MARKUNDI,WCR,"Markundi, Madhya Pradesh, India"
MKDD,MUKUNDA WADI H,SCR,"Mukund Rao Ambedkar Nagar, Chembur, Mu.."
MKDI,MAKUDI,SCR,"Makudi Station, Maharashtra, India"
MKDM,MA KALIKAN DHAM,NR,"Pratapgarh, Uttar Pradesh, India"
MKDN,MORKADHANA,CR,"Madhya Pradesh, India"
MKG,MANAK NAGAR,NR,"Manak Nagar Railway Station, Alambagh,.."
MKGD,MANIKAGODA,ECOR,Orissa
MKH,MALAKHERA,NWR,"Alwar, Rajasthan, India"
MKHI,MAKHI,NR,"Makhi, Punjab, India"
MKHR,MARWAR KHARA,NWR,"Jodhpur, Rajasthan, India"
MKHS,MOKAR HALT,ECR,"Mokar, Bihar, India"
MKJ,MAKKAJIPALLI,SWR,"Mallepalli, Andhra Pradesh, India"
MKK,KODAMBAKKAM,SR,"Kodambakkam, Chennai, Tamil Nadu, India"
MKL,MAKLIDRUG,SWR,"Karnataka 561203, India"
MKLI,MAKRAULI,NR,"Makrauli Kalan, Haryana, India"
MKM,MARIKUPPAM,SWR,"Kolar Gold Fields, Karnataka, India"
MKMN,MOKHRA MADINA,NR,"Mokhra, PIN - 124022, Dist. - Rohtak S.."
MKN,MAKRANA JN,NWR,"Makarana Railway Station, Makrana, Raj.."
MKO,MARKONA,SER,"Baleswar, Odisha, India"
MKP,MANIKPUR JN,NCR,"Manikpur, Uttar Pradesh, India"
MKPR,MUKTAPUR,ECR,"Samastipur, Bihar, India"
MKPT,MALIKPETH,CR,"Solapur, Maharashtra, India"
MKR,MADDIKERA,SCR,"Maddikera, Andhra Pradesh, India"
MKRA,MAKRERA,NWR,"Makra, Himachal Pradesh, India"
MKRD,MACHHAKUNDA,ECOR,"Machhakunda Station, Odisha, India"
MKRH,MALLICKPUR HAT,NFR,"Patiram, West Bengal, India"
MKRL,MOTI KORAL,WR,"Moti Koral, Gujarat, India"
MKRN,MAKRONIA,WCR,"Sagar, Madhya Pradesh, India"
MKS,MUKTSAR,NR,"Sri Muktsar Sahib, Punjab, India"
MKSP,MUKHASA PARUR,SR,"Chinnaparur, Tamil Nadu, India"
MKSR,MOKALSAR,NWR,"Mokalsar, Rajasthan, India"
MKT,MUKHTIAR BALWAR,WR,"Balwara, Madhya Pradesh 451115, India"
MKTL,MAKTHAL,SCR,"Makthal Rd., Makthal, Mahbubnagar Dist.."
MKTP,MUKTESWARPURI PH,ECOR,"Mukteswarpuri PH, Mangalajodi, Odisha,.."
MKU,MALKAPUR,CR,"Malkapur Train Station, Malkapur, Maha.."
MKWI,MAKARWADI HALT,NWR,"Ajmer, Rajasthan, India"
MKX,MORAK,WCR,"Rajasthan, India"
MKY,MEKKUDI,SR,"Marakkudi, Tamil Nadu, India"
MKZ,MAHKEPAR ROAD,SECR,"Porabazar Makalpur Rd, West Bengal 712.."
ML,MALHOUR,NR,"Gomti Nagar, Lucknow, Uttar Pradesh, I.."
MLAR,MALANPUR,NCR,"Malanpur, Madhya Pradesh, India"
MLB,MODNIMB,CR,"Modnimb, Maharashtra, India"
MLBZ,MALBAZAR,NFR,"Mal Bazar, West Bengal 735221, India"
MLC,MALKISAR,NWR,"Malkisar, Rajasthan, India"
MLD,MALIHABAD,NR,"Lucknow, Uttar Pradesh, India"
MLDE,MADLAUDA,NR,"Madlauda Bus Stop, SH 14, Haryana, India"
MLDT,MALDA TOWN,ER,"English Bazar, West Bengal, India"
MLFC,MALDA COURT,NFR,"Old Malda Rd, Malda, West Bengal, India"
MLG,MALHARGARH,WR,"Malhargarh, Madhya Pradesh, India"
MLGH,MANDALGARH,WCR,"Bhilwara, Rajasthan, India"
MLGT,MALLAPPA GATE,SCR,"Mallappa Gate Station, Nancheral, Andh.."
MLHA,MALIYA HATINA,WR,"Malia, Gujarat, India"
MLHS,LIGHT HOUSE,SR,"Light House, Mylapore, Chennai, Tamil .."
MLI,MANGALIYAWAS,NWR,"Mangaliyawas, Rajasthan, India"
MLJ,MOHANLALGANJ,NR,"Lucknow, Uttar Pradesh, India"
MLK,MALKAPURAM,SCR,"Malkapur Train Station, Malkapur, Maha.."
MLKA,MALUKA,SER,"Maluka, Jharkhand, India"
MLKH,MULEWAL KHAIHRA,NR,"Punjab 144702, India"
MLKN,MUNDHAL KALAN,NR,"Mundhal, Pin - 127041, Dist. - Rohtak .."
MLKP,MALIKPUR H,NER,"Malikpur, Rajasthan, India"
MLM,MALTHAN,CR,"Malthan, Maharashtra, India"
MLMG,MALLEMADUGU,SCR,"Mallemadugu, Andhra Pradesh, India"
MLMR,MELMARUVATTUR,SR,"Madurantakam, Tamil Nadu, India"
MLN,MAILANI,NER,"Mailani, Uttar Pradesh, India"
MLND,MULUND,CR,"Mulund(West), Mulund West, Mumbai, Mah.."
MLNH,MALANCHA,NFR,"Malancha, West Bengal, India"
MLNR,GAWADA MALOSAN,WR,"Mehsana, Gujarat, India"
MLO,MALUR,SWR,"Malur Station, Malur, Karnataka, India"
MLP,MALLAPUR,SWR,"Mallapur, Secunderabad, Andhra Pradesh.."
MLPM,MELPAKKAM CABIN,SR,"Arakkonam, Arakonam, Tamil Nadu 631003.."
MLPR,MALIPUR,NR,"Malipur, Uttar Pradesh, India"
MLQ,MALKERA JN,SER,"Malkera Junction, Jharkhand, India"
MLR,MALKHED,CR,"Malkhed, Karnataka, India"
MLS,MALASA,NCR,"Malasa, Uttar Pradesh, India"
MLSA,MALLASANDRA,SWR,"Mallasandra, Karnataka, India"
MLSR,MALSAR,WR,"Malsar, Gujarat, India"
MLSU,MALSAILU,SCR,"Malselu, Maharashtra, India"
MLT,MALATIPATPUR,ECOR,"Malatipatpur, Odisha 752008, India"
MLTI,MALTI,ECR,"Malti, Bihar, India"
MLTR,MELATTUR,SR,"Melattoor, Kerala, India"
MLU,MALUGUR,SWR,India
MLV,MALLARPUR,ER,"Grand Trunk Rd, Fatehpur, West Bengal,.."
MLW,MALLANWAN,NR,"Mallawan, Uttar Pradesh, India"
MLX,MULLANPUR,NR,"Mullanpur, Punjab, India"
MLY,MAULA ALI,SCR,"Moula Ali Railway Station, Malkajgiri,.."
MLYA,MALIYA H,ER,"State Highway 2, West Bengal, India"
MLYR,MELNARIYAPPANUR,SR,"Melnariyappanur, Tamil Nadu, India"
MLZ,MALARNA,WCR,"Malarna, Rajasthan, India"
MM,MAHIM JN,WR,"Mahim Junction, Mahim, Mumbai, Maharas.."
MMA,MUHAMMADABAD,NER,"Muhammadabad Gohna, Uttar Pradesh, India"
MMB,MAHMUDABAD AVDH,NER,"Mahmudabad, Uttar Pradesh, India"
MMC,MAHAMANDIR,NWR,"Jodhpur, Rajasthan, India"
MMCT,MUMBAI CENTRAL,WR,"Mumbai Central, Tulsiwadi Path, Tardeo.."
MMD,MAHESHMUNDA,ER,"815312, India"
MMDA,MUTHALAMADA,SR,"Palakkad, Kerala, India"
MMDL,MOHINI MANDAL,ECR,"Dharampur Madan urf Chhaurhia, Bihar, .."
MMDP,MOHAMADPUR,ECR,"Gaya - Mokama Rd, Sonsa, Bihar 805105,.."
MME,MUL MARORA,SECR,"Mul, Maharashtra, India"
MMG,MADHYAMGRAM,ER,"Satgachia, West Bengal, India"
MMH,MAHADANAPURAM,SR,"Mahadanapuram, Tamil Nadu, India"
MMI,MARIYAMANAHALLI,SWR,"Danayakanakere, Karnataka, India"
MMK,MADURANTAKAM,SR,"Tamil Nadu, India"
MMKB,MEMRAKHABAD H,ECR,"Mekra, Bihar 803221, India"
MML,MADAN MAHAL,WCR,"Station Road, Madan Mahal, Jabalpur, M.."
MMLN,MAHUAMILAN,ECR,"Macmillan Main Rd, Pazavanthangal, Tam.."
MMM,MANDAPAM,SR,"Ramanathapuram, Tamil Nadu, India"
MMNK,MARAIMALAI NAGAR KAMARAJAR,SR,"Maraimalai St, Chennai, Tamil Nadu, In.."
MMP,MAMBALAPPATTU,SR,"Ambalapattu, Tamil Nadu, India"
MMPL,MANTAPAMPALLE,SCR,"Madanapalle, Andhra Pradesh, India"
MMR,MANMAD JN,CR,"Manmad, Maharashtra, India"
MMS,MANDASA ROAD,ECOR,"Thavarayil Mandan Rd, Purakkalam, Kera.."
MMU,MUGMA,ER,"Mugma, Jharkhand, India"
MMV,MAHALI MARUP,SER,"Mahali Marup Station, Jharkhand, India"
MMVR,MURGA MAHADEV ROAD,SER,"NH215, Sialijoda, Odisha 758035, India"
MMY,MARWAR MATHANYA,NWR,"Mathania, Rajasthan, India"
MMZ,MANDAMARI,SCR,"Mandamarri, Andhra Pradesh, India"
MN,MINAMBAKKAM,SR,"Meenambakkam, Tamil Nadu, India"
MNAE,MANKAR,ER,"Mankar, West Bengal 713144, India"
MNC,MADANKATA,ER,"Jharkhand 815352, India"
MNCR,MONACHERRA,NFR,"Paschim Kitterbond Pt I, Assam, India"
MND,MUNDERWA,NER,"Uttar Pradesh, India"
MNDA,MANDURA,CR,"Mandura, Maharashtra, India"
MNDH,MANDIR HASAUD,SECR,"Mandir Hasaud, Chhattisgarh, India"
MNDK,MAGANUR,SCR,"Maganur, PIN - 509352, Dist. - Mahbubn.."
MNDP,MENDIPATHAR,NFR,"Mendipathar Railway Road, Resubelpara .."
MNDR,MANDI DHANAURA,NR,"Mandi Dhanaura, State Highway 51, Dhan.."
MNDU,MANDU HALT,ECR,"National Highway 33, Mandu, Jharkhand .."
MNDY,MANDAVELI,SR,"Madaveli, Saradapuram, Mylapore, Chenn.."
MNE,MANSI JN,ECR,"Mansi, Bihar, India"
MNF,MANDA ROAD,NCR,"Manda Rd, Uttar Pradesh, India"
MNGD,MUNIGUDA,ECOR,"Muniguda, Odisha, India"
MNGR,MOHAN NAGAR,NWR,"27 Np-A, Rajasthan 335051, India"
MNH,MUNSIRHAT P H,SER,"Station Road, Munshirhat, Sekrahati, W.."
MNHA,MINDHA,NWR,"Mondha, Aurangabad, Maharashtra, India"
MNHL,MAJHAIRAN HIMACHAL,NR,"Majhairan Himachal Railway Station, Hi.."
MNI,MANGAON,KR,"Mangaon Railway Station, Maharashtra, .."
MNJ,MANOHARGANJ,NCR,"Manoharganj, Uttar Pradesh, India"
MNJR,MANJHLEPUR,NR,"Rae Bareli, Uttar Pradesh, India"
MNKD,MANKHURD,CR,"Mankhurd, Mumbai, Maharashtra, India"
MNKN,MANIKALAN H,NR,"Manikaran, Himachal Pradesh, India"
MNL,MINCHNAL,SWR,"Minchnal Station, Karnataka, India"
MNLI,MANALI TN,SR,"Manali, Tamil Nadu, India"
MNM,MANAMADURAI JN,SR,"Sivaganga, Tamil Nadu, India"
MNMA,MANDAN MISHRA,ECR,"Mandan Mishra Halt, Bibhakar Jha, Vill.."
MNMU,MANI MAU,NER,"Uttar Pradesh, India"
MNO,MEHNAR ROAD,ECR,"Vaishali, Bihar, India"
MNP,MANANPUR,ECR,"Chauraman Bigha, Bihar 811310, India"
MNPR,MIANPUR,NR,"Mianpur, Punjab, India"
MNQ,MAINPURI,NCR,"Uttar Pradesh, India"
MNR,MAKKHANPUR,NCR,"Firozabad, Uttar Pradesh, India"
MNS,MANSHAHI,NFR,"Sirnia, Bihar 854103, India"
MNSR,MANAKSAR,NWR,"Manaksar, Rajasthan, India"
MNTT,MULANTURUTTI,SR,"Mulanthuruthy, Kerala, India"
MNU,MUNDIKOTA,SECR,"Mundikota, Maharashtra, India"
MNUR,MANNANUR,SR,"Mannanur, Kerala, India"
MNV,MUNGAOLI,WCR,"Ashoknagar, Madhya Pradesh, India"
MNWL,MANWAL,NR,"Jandrah, Jammu and Kashmir"
MNY,MANKARAI,SR,"Palakkad, Kerala, India"
MNZ,MANANI,NR,"Manani Railway Station, Uttar Pradesh,.."
MO,MOHOL,CR,"Maharashtra, India"
MOA,MANOPAD,SCR,"Manopad Station, Andhra Pradesh, India"
MOAR,MANIPUR BAGAN,NFR,"Alaicherra Pt VI, Assam 788165, India"
MOB,MANOHARABAD,SCR,"Medak, Andhra Pradesh, India"
MOBD,MOUBUND,NFR,"Jorhat, Assam, India"
MOF,MONDH,NR,"Sant Ravidas Nagar, Uttar Pradesh, India"
MOG,MOHIUDDINNAGAR,ECR,"Samastipur, Bihar, India"
MOGA,MOGA,NR,"Moga, Punjab, India"
MOHR,MOHANA,NR,"Mohana, Haryana 131301, India"
MOI,MORI BERA,NWR,"Mori Bera Station, Rajasthan, India"
MOJ,MOHANA,WCR,"mohana, Odisha, India"
MOL,MULI ROAD,WR,"Gujarat, India"
MOM,MAMAN,NR,"Maman Coloney Rd, Mahuva, Gujarat, India"
MOMU,MOLAKALMURU,SWR,"Molakalmuru, Karnataka, India"
MON,MODRAN,NWR,"Jalore, Rajasthan, India"
MONJ,MONGLAJHORA,NFR,"Dhubri, Assam, India"
MONR,MOHANUR,SR,"Railway Station Road, Nehru Nagar, Moh.."
MOO,MUDDANURU,SCR,"Muddanur, Andhra Pradesh, India"
MOP,MOHITNAGAR,NFR,"MOP, Jalpaiguri, West Bengal, India"
MOPR,MOHANPURA H,NR,"Mohanpur, Uttar Pradesh, India"
MOR,MOR,ECR,"Mor, Bihar, India"
MORA,MORAIYA,WR,"Gujarat 382213, India"
MOT,MALOUT,NR,"Malout Railway Station, Malout, Punjab.."
MOTA,MOTA,NCR,"Mota, Gujarat, India"
MOTC,MOTICHUR,NR,"Motichur, Uttarakhand, India"
MOTG,MOTIGANJ,NER,"Atimiganj, Bihar, India"
MOTH,MOTH,NCR,"Moth, Uttar Pradesh 284303, India"
MOU,MANOHARPUR,SER,"Manoharpur, Jharkhand, India"
MOW,MANANWALA,NR,"Amritsar, Punjab, India"
MOX,MORAN,NFR,"Moran, Assam, India"
MOY,MOHRI,NR,"Mohri, Haryana, India"
MOZ,MUZAFFARNAGAR,NR,"Muzaffarnagar Railway Station, Civil L.."
MP,MELAPPALAIYAM,SR,"Mettupalayam, Tamil Nadu, India"
MPA,MANAPARAI,SR,"Manapparai, Tamil Nadu, India"
MPC,MUTHAMPATTI H,SWR,"Muthampatti, Tamil Nadu, India"
MPD,MADPUR,SER,"Madpur, West Bengal, India"
MPE,MALATIPUR,ER,"Malatipur, West Bengal, India"
MPF,MUIRPUR ROAD,ECR,"Haripur District, Pakistan"
MPG,MANPUR NAGARIA,NER,"Kanpur Nagar, Uttar Pradesh, India"
MPH,MUNDHA PANDE,NR,"Mundha Pande, Uttar Pradesh, India"
MPI,MELPATTI,SR,"Malpatti Ponnappan St, Perambur, Chenn.."
MPJ,MADANPUR,ER,"Madanpur, West Bengal, India"
MPK,CHENNAI PARK,SR,"Chennai Park, Park Town, Chennai, Tami.."
MPKT,CHENNAI PARK TOWN,SR,"Park Town, Chennai, Tamil Nadu, India"
MPL,MADANAPALLE RD,SCR,"Madanapalle, Andhra Pradesh, India"
MPLE,MAHIPAL H,ER,"Mahipal, West Bengal, India"
MPLI,MINNAMPALLI,SR,"Minnampalli, Tamil Nadu, India"
MPLM,MARTHIPALAYAM,SR,"Karur, Tamil Nadu, India"
MPLR,MAHIPAL ROAD,ER,"Mahipal Rd, Bansihari, West Bengal"
MPML,MOHAPANI MAL,SECR,"Chhindwara, Madhya Pradesh, India"
MPN,MADHYAMPUR,ER,"Madhyampur, West Bengal, India"
MPNH,MAJNUPUR NAWADA H,ECR,"Begusarai, Bihar, India"
MPO,MANPUR JN,ECR,"Gaya, Bihar, India"
MPR,MAKARPURA,WR,"Vadsar, Vadodara, Gujarat, India"
MPRA,MAHAMMAD PUR,NFR,"Mosod Ali Hazir Zangal Rd, Rongpur Pt .."
MPRD,MATHURAPUR ROAD,ER,"Mathurapur Rd, Mathurapur, Bihar, India"
MPT,MANGALAMPETA,SCR,"Mangalore, Karnataka, India"
MPU,MEDAPADU,SCR,"Medapadu, Andhra Pradesh, India"
MPUE,MAINPURI KACHERI H,NCR,"Uttar Pradesh, India"
MPUR,NEW MADANPUR,ER,"Dumka Hansdiha Road, Babupur, Jharkhan.."
MPY,MURARPUR,ER,"Sultanganj - Bhagalpur Rd, Bholapur, B.."
MQ,MANNARGUDI,SR,"Mannargudi Railway Station, JN Street,.."
MQA,MATODA,WR,"Matoda, Gujarat 383270, India"
MQC,MUNDKA H,NR,"Mundka, New Delhi, Delhi, India"
MQE,MOHAMMADKHERA,WR,"Shajapur, Madhya Pradesh, India"
MQG,MILANGARH,NFR,"Daulatpur, West Bengal 732125, India"
MQL,MIRKHAL,SCR,"Parbhani, Maharashtra, India"
MQN,MANYAMKONDA,SCR,"Raichur- Mahabubnagar Road, Andhra Pra.."
MQO,MUNROTURUTTU,SR,"Munroe Island, Kerala, India"
MQP,MAKRANDPUR,NER,"Makrandpur, Uttar Pradesh, India"
MQQ,MARKAHANDI U HT,SECR,"Chhindwara, Madhya Pradesh, India"
MQR,MALKHAID ROAD,SCR,"State Highway 10, Karnataka, India"
MQS,MALSIAN SHAHKHT,NR,"Shahkot-Moga Rd, Malsian, Punjab, India"
MQU,MURUKKAMPUZHA,SR,"Murukkumpuzha, Kerala, India"
MQW,MALLAN NAGAR H,NER,"Badaun, Uttar Pradesh, India"
MQX,MERALGRAM,ECR,"Meral, Jharkhand, India"
MQZ,MOTA JADRA,WR,"Mota Jadra, Mota Jadra Rd, Gujarat, In.."
MR,MARTUR,CR,"Martur Railway Station, Karnataka, India"
MRA,MORENA,NCR,"Morena, Madhya Pradesh, India"
MRB,MUNIRABAD,SWR,"Koppal, Karnataka, India"
MRBD,MOINARBAND,NFR,"Moinar Bond Railway Station, Niz-Bansk.."
MRBL,MURIBAHAL,ECOR,"Balangir, Orissa, India"
MRC,MARICHETHAL,SCR,"Marichethal, Karnataka, India"
MRDA,MARODA,SECR,
MRDG,MARADANGA,NFR,"West Bengal, India"
MRDL,MERAMANDOLIL,ECOR,"Meramhanar, Jharkhand, India"
MRDP,MURADPUR H,NER,"Muradpur, Punjab, India"
MRDW,MURDESHWAR,KR,"Uttara Kannada, Karnataka, India"
MRE,MANAURI,NCR,"Kaushambi, Uttar Pradesh, India"
MRF,MARPALLI,SCR,"Marpally Railway Station, Andhra Prade.."
MRG,MARGHERITA,NFR,"Station Road, Ledo, Arunachal Pradesh"
MRGA,MIRYALAGUDA,SCR,"Nalgonda, Andhra Pradesh, India"
MRGM,MAURIGRAM,SER,"Mauri Gram, Howrah, West Bengal, India"
MRHA,MURAHARA,ER,"Murhara, Bihar 813109, India"
MRHT,MORANHAT,NFR,"Assam 785675, India"
MRIJ,MURLIGANJ,ECR,"Station Road, Bihar, India"
MRJ,MIRAJ JN,CR,"Station Rd, Miraj, Maharashtra, India"
MRJD,MARJADWA,ECR,"Sathi, Bihar, India"
MRJN,MIRJAN,KR,"Karnataka 581440, India"
MRK,MARKAPUR ROAD,SCR,"Markapur, Andhra Pradesh, India"
MRKL,MARIKAL,SCR,"Telangana 509351, India"
MRL,MAROLI,WR,"Maroli Railway Station, Maroli, Gujara.."
MRLA,MARIYAL GANGAVADI HA,SWR,"Mariyala, Karnataka 571313, India"
MRLI,MURLI H,ER,"Mahadevpur, Jharkhand 816108, India"
MRM,MAMANDURU,SCR,"Manamadurai, Tamil Nadu, India"
MRN,MORWANI,WR,"Madhya Pradesh, India"
MRND,MORINDA,NR,"Morinda City Road, Morinda, Punjab, In.."
MROA,MORA,NCR,"Ganesara, Uttar Pradesh 281004, India"
MRPL,MARAMPALLI,SCR,"Marampalli, Andhra Pradesh 534146, India"
MRPR,MAU RANIPUR,NCR,"Jhansi, Uttar Pradesh, India"
MRQ,MATARI,ECR,"Heranj - Matar Rd, Gujarat 387510, India"
MRR,MURARAI,ER,"Murarai Railway Station, Murarai, West.."
MRSH,MORSHI,CR,"Hanuman Nagar, Morshi, Maharashtra 444.."
MRT,MATHURA CANT,NER,"Mathura, Uttar Pradesh, India"
MRTA,MURAITHA H,ECR,"Bihar, India"
MRTD,MORTHAD,SCR,"Morthad, Telangana 503225, India"
MRTL,MIRTHAL,NR,"Mirthal, Punjab, India"
MRU,MATUNGA ROAD,WR,"Matunga Road, Senapati Bapat Marg, Han.."
MRV,MARSUL,SCR,"Marsul Railway Station, Pimpala lokhan.."
MRWS,MARWAR RANAWAS,NWR,"Ranawas, Rajasthan, India"
MRX,MURUD,CR,"Murud, Maharashtra, India"
MRYA,MARIYANA,WR,"Mariyana St, Gallup, NM 87301, USA"
MRZA,MIRZA,NFR,"Mirza, Assam, India"
MS,CHENNAI EGMORE,SR,"Chennai Egmore, Gandhi Irwin Road, Egm.."
MSAE,MASSAGRAM,ER,"Masagram, West Bengal, India"
MSB,CHENNAI BEACH,SR,"Chennai Beach Railway Station, North B.."
MSC,CHENNAI CHETPAT,SR,"Chetpet, Chennai, Tamil Nadu, India"
MSD,BOMBAY MASJID,CR,"Masjid Bandar East, Masjid Bandar, Mum.."
MSDG,MHASODA DONGAR,CR,"Solapur, Maharashtra, India"
MSDH,MASNADIH,ECR,"Unchi Dih, Bihar 845305, India"
MSDL,MAHISADAL,SER,"Mahishadal Raj College, Mahishadal, We.."
MSDN,MASUDAN,ER,"Masudan, Abhaipur, Bihar, India"
MSDR,MURSHADPUR,NR,"Murshadpur, Uttar Pradesh, India"
MSE,MASANI,NCR,"Masani, Punjab, India"
MSF,CHENNAI FORT,SR,"Chennai Fort, Esplanade, George Town, .."
MSGR,MARSHAGHAI ROAD,ECOR,"NH53, Manikunda State: Odisha"
MSH,MAHESANA JN,WR,"Mehsana Railway Station, Mehsana, Guja.."
MSHW,MUSHARWA H,ECR,"Musharwa, Bihar, India"
MSK,MAHES KHUNT,ECR,"Maheshkhunt, Bihar, India"
MSL,MACHHALANDAPUR,ER,"Jhandapur, Sahibabad Industrial Area S.."
MSMD,MAHASAMUND,ECOR,"Mahasamund, Chhattisgarh, India"
MSMI,MISAMARI,NFR,"Orang-Mazbat Road, Assam, India"
MSN,MURSAN,NER,"Mursan, Uttar Pradesh, India"
MSO,MISROD,WCR,"Bhopal, Madhya Pradesh, India"
MSOD,MASODHA,NR,"Masoudha, Faizabad, Uttar Pradesh, India"
MSP,MANSURPUR,NR,"Muzaffarnagar, Uttar Pradesh, India"
MSQ,MARWAR RATANPURA,NWR,"Banaskantha, Gujarat, India"
MSR,MASUR,CR,"Masur, Maharashtra, India"
MSRP,MURHESI RAMPUR,WCR,"Murhesi Rampur, Uttar Pradesh, India"
MSS,MASARAHALLI,SWR,"Maranhalli, Karnataka, India"
MSSD,MAHESHRI SANDHUAN,NR,"Mahesari, Punjab, India"
MSSN,MAISHASHAN,NFR,"Nagkapan Pt II, Assam, India"
MST,MASIT,NR,"Hardoi, Uttar Pradesh, India"
MSTH,MISRIKH TIRATH,NR,"Sitapur, Uttar Pradesh, India"
MSU,MOSUR,SR,"Mosur, Tamil Nadu, India"
MSV,MUSTARA,NCR,"Jhansi Khas, Uttar Pradesh, India"
MSW,MASKANWA,NER,"Maskanwa, Uttar Pradesh, India"
MSWA,MASANIWALA,NWR,"3 Sad, Rajasthan, India"
MSZ,MANSA,NR,"Mansa, Punjab, India"
MT,MATERA,NER,"Gaura Dhanauli, Uttar Pradesh 271882, .."
MTA,MATHELA,WCR,"Matla River, West Bengal"
MTAP,MATANIA ANANTPUR,ER,"Matania Anantapur, West Bengal, India"
MTB,MATLABPUR,NR,"Matlabpur, Uttar Pradesh, India"
MTBG,MATHIA BARGHAT H,NER,"Uttar Pradesh, India"
MTBH,MAHATBANIA HALT,ECR,"Bhojpur, Bihar, India"
MTC,MEERUT CITY,NR,"Meerut Railway Station, Meerut, Uttar .."
MTCN,TIRUVALLIKENI,SR,"Thiruvallikeni MRTS Station, Palandi A.."
MTD,MERTA ROAD JN,NWR,"Rajasthan, India"
MTDB,MERTA ROAD BYPASS,NWR,"Merta Road, Rajasthan, India"
MTDI,MALTEKDI,SCR,"Hyder Bagh, Dashmesh Nagar, Harsh Naga.."
MTDM,METUR DAM,SR,"Mettur Dam, Tamil Nadu"
MTE,METTUR,SR,"Mettur, Ariyappauram, Tamil Nadu 62741.."
MTFA,MERTALA PHALEYA H,ER,"Mertala Phaleya, West Bengal, India"
MTGE,MUTHANI,ECR,"Muthana, Rajasthan, India"
MTH,MATAUNDH,NCR,"Mataundh, Uttar Pradesh, India"
MTHP,MITHAPUR,WR,"Jamnagar, Gujarat, India"
MTI,MITAWAL,NCR,"Firozabad, Uttar Pradesh, India"
MTIP,MATHNASHIPUR,SER,"Mathnashipur, West Bengal 713408, India"
MTJ,MATHURA JN,NCR,"Mathura, Uttar Pradesh, India"
MTJL,MOTIJHEEL,NCR,"Motijheel, South Dum Dum, Kolkata, Wes.."
MTJR,MOTERJHAR,NFR,"Moterjhar, Assam, India"
MTKR,MATOKHAR,ECR,"Matokhar, PIN - 811105, Dist. - Sheikh.."
MTL,MAILAM,SR,"Villupuram, Tamil Nadu, India"
MTLP,MITHILA DEEP,ECR,"Madhubani, Bihar, India"
MTM,MACHILIPATNAM,SCR,"Machilipatnam, Andhra Pradesh, India"
MTMI,MOTUMARI JN,SCR,"Khammam, Andhra Pradesh, India"
MTMY,THIRUMAYILAI,SR,"Thirumayilai, Mylapore, Chennai, Tamil.."
MTN,MATUNGA,CR,"Matunga East, Mumbai, Maharashtra, India"
MTND,MATTAGAJAPUR,ECOR,"Murtuzapur, Maharashtra, India"
MTNL,MUTTARASANALLUR,SR,"Tharanallur, Tiruchchirappalli, Tamil .."
MTO,MAITHA,NCR,"Maitha, Uttar Pradesh, India"
MTP,METUPALAIYAM,SR,"Mettupalayam Railway Station, Mettupal.."
MTPC,MOTIPURA CHAUKI,WCR,"Baran, Rajasthan, India"
MTPI,METPALLY,SCR,"Metpally, Telangana 505325, India"
MTPR,RAIMEHATPUR,NR,"Sehatpur, Faridabad, Haryana, India"
MTR,MOTIPUR,ECR,"Bihar, India"
MTSI,MOTI SADHLI,WR,"Kanas, Gujarat 391165, India"
MTT,MUTUPET,SR,"Muthupet - Mannargudi Road, Muthupet, .."
MTU,MATMARI,SCR,"Matmari, Karnataka, India"
MTUR,MATHUR,SR,"Mathura, Uttar Pradesh, India"
MTV,MATALKUNTA,SCR,"Motalkuntta, Andhra Pradesh, India"
MTWN,MITEWANI PH,SECR,"Bhandara, Maharashtra, India"
MTY,MULTAI,CR,"Multai Railway Station, Multai, Madhya.."
MU,MAKANSAR,WR,"Gujarat, India"
MUA,MUSRA,SECR,"Musra, Chhattisgarh, India"
MUBR,MANU BAZAR,NFR,"Manu Bazar, Manu Bazar, Tripura 799143.."
MUC,MULLURCARAI,SR,"Varavoor-Mullurkara Rd, Mullurkara, Ke.."
MUD,MURADNAGAR,NR,"Ghaziabad, Uttar Pradesh, India"
MUE,MUDKHED,SCR,"Mudkhed Railway Station, Mudkhed, Maha.."
MUG,MAGRA,ER,"Magra - Polaba Road, Magra, West Benga.."
MUGA,MAHUGARHA,WCR,"Mohangarh, Madhya Pradesh, India"
MUGN,MAHUTGAON,NFR,"Rajabari Grant, Assam 785686, India"
MUGR,MANUGURU,SCR,"Andhra Pradesh, India"
MUH,MURTIHA,NER,"Murtiha, Uttar Pradesh 271855, India"
MUHI,MURHARI H,ECR,"Araut, Bihar 803110, India"
MUK,MUNUMAKA,SCR,"Munumaka, Andhra Pradesh, India"
MUKE,MUKKALI H,SR,"Chombala, Kerala, India"
MULK,MULKI,KR,"Mulki, Karnataka, India"
MUM,MANGAPATNAM,SCR,"Andhra Pradesh 516444, India"
MUO,MASANGAON,WCR,"Malangaon, Maharashtra, India"
MUP,MURHIPAR,SECR,"Murhipar Station, Chhattisgarh, India"
MUPA,MUPA,NFR,"Assam 788832, India"
MUQ,MARUDUR,SR,"Marudur, Tamil Nadu, India"
MUR,MANKAPUR JN,NER,"Mankapur, Uttar Pradesh, India"
MURD,MANDAWAR M RD,NCR,"State Highway 35, Mandawar, Rajasthan,.."
MURI,MURI,SER,"Muri Railway Station, Muri, Jharkhand,.."
MUT,MEERUT CANT,NR,"Meerut, Uttar Pradesh, India"
MUU,MANKUNDU,ER,"Mankundu, Chandannagar, West Bengal, I.."
MUUA,MAHUAWA KHURD,NER,"Kushinagar, Uttar Pradesh, India"
MUV,MANDUADIH,NER,"Manduadih Raliway Station, Varanasi, U.."
MUW,MATHURAPUR,ER,"Karmatanr, Jharkhand 814114, India"
MUY,MUGAIYUR,SR,"Mugaiyur, Tamil Nadu, India"
MUZ,MOHIUDDINPUR,NR,"Meerut, Uttar Pradesh, India"
MV,MAYILADUTURAI J,SR,"State Highway 64, Mayiladuthurai, Tami.."
MVA,MALAKAVEMALA,SCR,"Malakavemala, Andhra Pradesh, India"
MVC,MAVINKERE,SWR,"Mavinakere Chethu Bus Stop, Karnataka,.."
MVD,MULVAD,SWR,"Mulvad, Karnataka, India"
MVE,MUNDHEWADI,CR,"Mundhewadi, Maharashtra, India"
MVF,MANABAR,ECOR,"Manabar Station, Odisha, India"
MVG,MALIGURA,ECOR,"Maligura Station, Maliguda Range, Odis.."
MVH,MANTATTI,SCR,"Mantati, Andhra Pradesh, India"
MVI,MORBI,WR,"Morbi, Gujarat, India"
MVJ,MAVLI JN,NWR,"Maoli Railway Station, Mavli, Rajastha.."
MVKR,MAHAWAN KHOR H,NER,"Pepeeganj, Uttar Pradesh, India"
MVL,MALAVLI,CR,"Malavali Railway Station, Ekvira Devi .."
MVLK,MAVELIKARA,SR,"Mavelikara Railway Station, Railway St.."
MVN,MILAVITTAN,SR,"Milavittan Railway Station, Milavittan.."
MVO,MANWATH ROAD,SCR,"Manwath Rd, Manwath, Maharashtra, India"
MVP,MOKHASA KALAVAPUDI,SCR,"Krishna, Andhra Pradesh, India"
MVPM,MAVELIAPLAIYAM,SR,"vaalipalayam, Tiruppur, Tamil Nadu, In.."
MVRD,MAIVADI ROAD,SR,"Myvadi, Tamil Nadu, India"
MVV,MAHESHI,ER,"Bhagalpur, Bihar, India"
MVW,MALLIVIDU,ECOR,"Mallividu Station, Andhra Pradesh, India"
MVY,MALAVI,SWR,"Karnataka 583212, India"
MW,MAIRWA,NER,"Mairwa, Bihar, India"
MWA,MANDWA,CR,"Mandwa, Maharashtra, India"
MWAD,MOWAD,CR,"Maharashtra 441303, India"
MWAI,MAWAI,NCR,"Mavai, Madhya Pradesh, India"
MWC,MANDAWALI CHANDER VIHAR H,NR,"Mandawali, Mandawli Fazalpur, New Delh.."
MWD,MHASAVAD,CR,"Mhaswad, Maharashtra, India"
MWE,MEWA NAWADA,NR,"Uttar Pradesh, India"
MWF,MAGARDAHA,ECR,"Uttar Pradesh, India"
MWG,MINDALA,SECR,"Mandla, Madhya Pradesh, India"
MWH,MALWAN,NCR,"Fatehpur, Uttar Pradesh, India"
MWJ,MARWASGRAM,WCR,"Marwas, Madhya Pradesh 486669, India"
MWK,MORDAD TANDA,CR,"Maharashtra, India"
MWM,MALLESWARAM,SWR,"Malleswaram Railway Station, 1st Main .."
MWP,MAHARANI PACHCHIM,NR,"Maharani Indira Devi Rd, Behala, Kolka.."
MWQ,MOTARI H,ECOR,"Motari, Odisha, India"
MWR,MAHANSAR,NWR,"Mansar, Maharashtra, India"
MWRN,MADWARANI,SECR,"Korba, Chhattisgarh, India"
MWT,MARWAR LOHWAT,NWR,"Lohawat, Rajasthan, India"
MWUE,MAHRAWAL,NCR,"Mahrawal, Uttar Pradesh, India"
MWW,MAHWA,NWR,"Alwar, Rajasthan, India"
MWX,MALLANWALA KHAS,NR,"Mallan Wala, Punjab, India"
MWY,MAILARAM,SCR,"Mailaram, Andhra Pradesh, India"
MWZ,MAHISHADAHARI,ER,"Maheshwar, Madhya Pradesh, India"
MX,MAHALAKSHMI,WR,"Arya Nagar, Mumbai, Maharashtra, India"
MXA,MARAUDA,SECR,"Marada Rajapuram, Andhra Pradesh, India"
MXD,MASOR ROAD,WR,"Vadodara, Gujarat, India"
MXH,MAKHU,NR,"Makhu, Punjab, India"
MXJ,MANGURJAN,NFR,"Mangurjan Raiway Station, West Bengal,.."
MXK,MANDRAK,NCR,"Uttar Pradesh, India"
MXL,MOKHOLI,WCR,"Mokholi Station, Rajasthan, India"
MXM,MINATCHIPURAM,SR,"Meenakshipuram Railway Crossing, SH19,.."
MXN,MARIANI JN,NFR,"Mariani Railway Station, Mariani, Assa.."
MXO,MORTHALA,NWR,"Sirohi, Rajasthan, India"
MXP,MALUPOTA,NR,"Malupota Lakhpur Rd, Lakhpur, Punjab, .."
MXR,MAHUR,NFR,"Mahur, Assam, India"
MXS,MOHASA,NCR,"Madhya Pradesh, India"
MXT,MALAKPET KCG,SCR,"Chaderghat Bus Stop, Musi Nagar, Malak.."
MXW,MAHADEVSAL,SER,"Tamsai, Jharkhand 833103, India"
MXY,MAHUARIYA,ECR,"Mahuariya Rd, Sultanpur, Uttar Pradesh.."
MYA,MANDYA,SWR,"Mandya, Karnataka, India"
MYD,MANDERDISA,NFR,"Assam 788832, India"
MYG,MIYAGAM KARJAN,WR,"Karjan Railway Station, Karjan, Gujara.."
MYGD,MAYNAGURI ROAD,NFR,"Uttar Dangapara, West Bengal 735224, I.."
MYGL,MIYAGAM KARJAN JN,WR,"Karjan, Gujarat, India"
MYHT,MAYURHAT H,ER,"Mayurhat, West Bengal, India"
MYJ,MAHEJI,CR,"Jalgaon, Maharashtra, India"
MYK,MAYAKONDA,SWR,"Mayakonda, Karnataka, India"
MYL,MALLIYALA,SCR,"Malliyan, Punjab, India"
MYM,MEMARI,ER,"Memari, West Bengal, India"
MYP,MUNDILYAMPAKKAM,SR,"Mundiyampakkam, Tamil Nadu 605601, India"
MYPR,MAYNAPUR,ER,"Unnamed Road, Maynapur, West Bengal 72.."
MYR,MAIHAR,WCR,"Maihar, Madhya Pradesh, India"
MYS,MYSORE JN,SWR,"Mysore District, Karnataka, India"
MYU,MAYANOOR,SR,"Mayanur barrage, Tamil Nadu"
MYX,METYAL SOHAR,SER,"Metyal Sohar Station, West Bengal, India"
MYY,MAYYANAD,SR,"Mayyanad, Kerala, India"
MZA,MEZENGA,NFR,"Kataki Bari, Assam, India"
MZC,MIRZA CHEUKI,ER,"Jharkhand, India"
MZGI,MANZOORGARHI,NCR,"Manzoor Garhi, Uttar Pradesh, India"
MZH,MAUHARI,SECR,"Mauhari, Madhya Pradesh, India"
MZHL,MAJHAULI,WCR,"Majhauli, Madhya Pradesh 486892, India"
MZL,MIRZAPALI,SCR,"Andhra Pradesh, India"
MZM,MUZZAMPUR NRYN,NR,"Bijnor, Uttar Pradesh, India"
MZMA,MAZHOM,NR,Mazhom Railway Station
MZP,MIRZAPUR,NCR,"Mirzapur Railway Station, Mirzapur, Ut.."
MZQ,MAJGAON ASSARN,NFR,"Assam 783383, India"
MZR,MURTAJAPUR,CR,"Murtuzapur, Maharashtra, India"
MZS,MURKEONGSELEK,NFR,"Assam 787060, India"
MZU,MARANDAHALLI,SWR,"Marandahalli, Tamil Nadu, India"
MZV,MARALAHALLI,SWR,"Maralahalli, Thimmanaikanahalli Agraha.."
MZW,MANJHWE H,ECR,"Gaya, Bihar, India"
MZX,MATATILA,NCR,"Thana, Uttar Pradesh 284136, India"
MZY,MACHAPUR BH,ECOR,"Cuttack, Odisha, India"
MZZ,MANJURI ROAD,ECOR,"Manjuri Road P.H, Odisha, India"
NAB,NAGBHIR JN,SECR,"Nagbhir, Maharashtra, India"
NAC,NAWA CITY,NWR,"Nawa, Rajasthan, India"
NACC,NEW ALIPORE,ER,"New Alipore, Kolkata, West Bengal, India"
NAD,NAGDA JN,WR,"Nagda Railway Station, Nagda, Madhya P.."
NAHT,NEW ASHTI,CR,"Unnamed Road, Chinchala State: Maharas.."
NAI,NANGI,ER,"Nangi, Bata Nagar, Kolkata, West Benga.."
NAK,NAKSALBARI,NFR,"Naxalbari Bus Stand, State Highway 12,.."
NAKD,NAYAK DIH H,NER,"Uttar Pradesh, India"
NAL,NAL HALT,NWR,"Nal Stop, Erandwane, Pune, Maharashtra"
NALR,NALPUR,SER,"Howrah, West Bengal, India"
NAM,NAMRUP,NFR,"Namrup, Assam, India"
NAN,NANDGAON ROAD,KR,"Sindhudurg, Maharashtra, India"
NANA,NANA,NWR,"Nana, Rajasthan, India"
NAND,NANDIKOOR,KR,"State Highway 1, Yellur, Karnataka 574.."
NANH,NAVANAGAR HALT,SWR,"Sigikeri, Bagalkot, Karnataka, India"
NANR,NARANPUR,ECOR,"Naranpur, Odisha, India"
NARA,NARA H,NR,"Nara, Haryana 132113, India"
NARD,NAIKA ROAD H,ECR,"NH431, Bihar 803201, India"
NAS,NASRALA,NR,"Nasrala, Punjab, India"
NASP,NARASINGAPALLI,SCR,"Vishakhapatnam, Andhra Pradesh, India"
NAT,NATHNAGAR,ER,"Bhagalpur, Bihar, India"
NAU,NADAPURAM ROAD,SR,"Nadapuram Rd, Madappallly, Kerala, India"
NAVI,NEW AMRAVATI,CR,"Maharashtra, India"
NAW,NAWANDGI,SCR,"Ranga Reddy, Andhra Pradesh, India"
NAWN,NAWAN,NWR,"Nawan, Rajasthan, India"
NAZJ,NAZIRGANJ,ECR,"Samastipur, Bihar, India"
NB,NIMBHORA,CR,"Jalgaon, Maharashtra, India"
NBA,NABHA,NR,"Nabha, Punjab, India"
NBAE,NABAGRAM,ER,"Nabagram, West Bengal, India"
NBD,NAJIBABAD JN,NR,"Bijnor, Uttar Pradesh, India"
NBE,NEW BARRACKPUR,ER,"Baghajati Rd, Kolkata, West Bengal, In.."
NBG,NABENAGAR ROAD,ECR,"Nabinagar Rd, Bihar, India"
NBH,NIMBAHERA,WR,"Nimbahera, Rajasthan, India"
NBI,NADBAI,NCR,"Gajeepur, Nadbai, Rajasthan, India"
NBJU,NEW BARAUNI JN,ECR,"Barauni, Bihar 851210, India"
NBK,NUNGAMBAKKAM,SR,"Nungambakkam, Chennai, Tamil Nadu, India"
NBKH,NABAGRARN KANKURHATI,ER,"West Bengal 713140, India"
NBL,NIMBAL,SWR,"Bijapur, Karnataka, India"
NBM,NAVABPALEM,SCR,"Navabpalem, Andhra Pradesh, India"
NBP,NIBHAPUR,NR,"Pura Jorawar, Uttar Pradesh 222204, In.."
NBPH,NEW BALARAMPUR H,ER,"Bairagachi, West Bengal 742165, India"
NBQ,NEW BONGAIGAON,NFR,"Bongaigaon, Assam, India"
NBR,NAMBURU,SCR,"Guntur, Andhra Pradesh, India"
NBRL,NANI BARAL,WR,"Gujarat 363670, India"
NBRN,NABA RAYNAGAR H,ER,"Naba Raynagar, West Bengal, India"
NBS,NEW BANESWAR,NFR,"Kaljani, West Bengal, India"
NBT,NAYABHAGIRATHIPUR PH,ECOR,"Dhenkanal, Orissa, India"
NBU,NARASAMBUDHI H,SWR,"Badanavalu, Karnataka 571119, India"
NBUE,NIBKARORI,NCR,"Primary School, Main Road, Karori, Utt.."
NBX,NIZBARGANJ,NFR,"Bargang, Assam 784184, India"
NCA,NIZCHATIA,NFR,"No.1 Nalbari, Assam 784175, India"
NCB,NEW COOCH BEHAR,NFR,"New Cooch Behar Railway Station, Cooch.."
NCBD,NEW CHANGRABANDHA,NFR,"Kamat Chandrabandha, West Bengal 73530.."
NCE,NALLACHERUVU EAST,SCR,"Nallacheruvu, Andhra Pradesh, India"
NCH,NAKACHARI,NFR,"No.163 Grant, Assam 785635, India"
NCHS,NATURE CURE HOSPITAL,SCR,"Nature Cure Hospital, Begumpet, Hydera.."
NCJ,NAGERCOIL JN,SR,"Nagercoil Railway Junction, Railway Fe.."
NCN,NACHINDA P H,SER,"Nachinda, West Bengal, India"
NCP,NISHCHINDAPUR,ER,"Jhandapur, Sahibabad Industrial Area S.."
NCPM,NISCHINDAPUR MARKET H,ER,"Nischindapur Market, National Highway .."
NCR,NAGORE,SR,"Nagore, Tamil Nadu, India"
NCRM,NACHARAM,SCR,"Doulatabad - Gajwel Rd, Nachram State:.."
NCU,NALLACHERUVU,SCR,"Nallacheruvu, Andhra Pradesh, India"
ND,NADIAD JN,WR,"Nadiad, Gujarat, India"
NDAE,NABADWIP DHAM,ER,"Nabadwip Railway Station, Nabadwip, We.."
NDAM,NADIGAM,NR,"Naidgam Road, Jammu and Kashmir 191111"
NDB,NANDURBAR,WR,"Nandurbar, Maharashtra, India"
NDBT,NANDPUR BHATAULI,NR,"Nandpur Bhatauli Railway Station, Hima.."
NDD,NIDADAVOLU JN,SCR,"Nidadavolu, Andhra Pradesh, India"
NDE,NANDRE,CR,"Sangli, Maharashtra, India"
NDGJ,NANDAIGAJAN P H,SER,"Nandaigajan railway station, West Beng.."
NDH,NINDHAR BENAR,NWR,"Jaipur, Rajasthan, India"
NDIM,NANDAIGRAMHALT,ER,
NDJ,NANDGANJ,NER,"Ghazipur, Uttar Pradesh, India"
NDK,NANDKHAS,NCR,"Nadkhas, Uttar Pradesh 284303, India"
NDKD,NADIKODE,SCR,"Guntur, Andhra Pradesh, India"
NDKR,NANDHAKUMAR PH,SER,"Nandakumar Railway Station, Haldia Mec.."
NDL,NANDYAL,SCR,"Nandyal Railway Station, Nandyal, Andh.."
NDLH,NANDLALEE H,ECR,"Shree Nandlal Singh College, Chhapra S.."
NDLS,NEW DELHI,NR,"New Delhi, Connaught Place, New Delhi,.."
NDM,NIDAMANURU,SCR,"Nidamanuru, Vijayawada, Andhra Pradesh.."
NDMH,NEREDMET HALT,SCR,"Bank Colony, Neredmet, PIN - 500056, S.."
NDN,NARDANA,WR,"Nardana, Maharashtra, India"
NDNI,NIDHANI,SECR,"Seoni, Madhya Pradesh, India"
NDNR,NEW DHANORA,CR,"Ahmednagar - Loni - Dhanora Rd, Dhanor.."
NDO,NIDUBROLU,SCR,"Nidubrolu Railway Station, Nidubrolu, .."
NDON,NADAON HALT,ECR,Bihar
NDPM,NARMADAPURAM,WCR,"Narmadapuram Railway Station, Narmadap.."
NDPR,NANDAPUR,SCR,"Anantapur, Andhra Pradesh, India"
NDPU,NUDURUPADU,SCR,"Nudurupadu, Andhra Pradesh, India"
NDR,NANDESARI,WR,"Nandesari, Gujarat, India"
NDRT,NANGAL DEGROTA,NWR,"Haryana 123029, India"
NDT,NATHDWARA,NWR,"Rajsamand, Rajasthan, India"
NDU,NADAUL,ECR,"Nadaul, Bihar 804454, India"
NDV,NIDVANDA,SWR,"Bengaluru Rural, Karnataka, India"
NDW,NADWAN,ECR,"Nadwan, Bihar 804452, India"
NDY,NANDI H,SWR,"Nandi, Karnataka, India"
NDZ,NIDIGALLU,SCR,"Andhra Pradesh, India"
NEC,NEMILICHERRY H,SR,"Nemilicherry H, Thirunindravur, Tamil .."
NED,H SAHIB NANDED,SCR,"Nanded Railway Station, Shivaji Nagar,.."
NEM,NEMEM,SR,"Nemom, Kerala, India"
NEMA,NEMA H,ECR,"Neema, Bihar 804452, India"
NEO,NEORA,ECR,"Patna, Bihar, India"
NEP,NENPUR,WR,"Kheda, Gujarat, India"
NERH,NER H,ECR,"Ner, Maharashtra, India"
NERI,NERI,NR,"Neri, Maharashtra, India"
NES,NATESAR,ECR,"Saren, Bihar 823311, India"
NEU,NERUL,CR,"Nerul, Navi Mumbai, Maharashtra, India"
NEUA,NEMUA H,ECR,"Madhubani, Bihar, India"
NEW,NIVARI,NCR,"Uttar Pradesh, India"
NEYT,NTPC EXCHANGE YARD,ECOR,"Odisha 759101, India"
NFK,NEW FARAKKA JN,ER,"New Farakka Junction Railway Station, .."
NG,NAGARI,SR,"Andhra Pradesh, India"
NGA,NINGALA JN,WR,"Bhavnagar, Gujarat, India"
NGAN,NAGAON,NFR,"Nagaon, Assam, India"
NGB,NAWABGANJ GONDA H,NER,"Shobhapur, Uttar Pradesh 271304, India"
NGD,NAGARDEVLA,CR,"Jalgaon, Maharashtra, India"
NGDM,NAGRADHAM PH,SECR,"Gondia, Maharashtra, India"
NGE,NAGAR,SECR,"Koria, Chhattisgarh, India"
NGF,NAGARNABI,ER,"Jharkhand, India"
NGG,NAGINA,NR,"Nagina, Uttar Pradesh, India"
NGI,NAGARI,CR,"Wardha, Maharashtra, India"
NGIM,NAGRIGRAM HALT,ECR,"Nagri, Bihar 802223, India"
NGJA,NARAYANAPPAVALASA H,ECOR,"Gollapeta, Andhra Pradesh, India"
NGL,NAGAL,NR,"Nangal Railway Station, Nangal, Uttar .."
NGLT,NAGLATULA,NCR,"Bharatpur, Rajasthan, India"
NGM,NAGASAMUDRAM,SWR,"Ambasamudram, Tamil Nadu, India"
NGMN,NEW GUMMANDEV,WR,"GJ SH 165, Ranipara, Gujarat 393110, I.."
NGMP,NEW GARH MADHUPUR,ECOR,"New Garh Madhopur P.H, Odisha, India"
NGN,NANDGAON,CR,"Nandgaon, Maharashtra, India"
NGNT,NEW GUNTUR,SCR,"New Guntur Railway Station, Nehru Naga.."
NGO,NAGAUR,NWR,"Nagaur Railway Station, Nagaur, Rajast.."
NGP,NAGPUR,CR,"Nagpur Railway Station, Nagpur, Mahara.."
NGR,ANNIGERI,SWR,"Dharwad, Karnataka, India"
NGRD,NILGIRI ROAD,SER,"JLB Rd, Mysuru, Karnataka, India"
NGRH,NEW GIRIDIH,ECR,"Giridih, Jharkhand 815312, India"
NGRI,NEW GARIA,ER,"Panchasyar Main Road, New Garia, Panch.."
NGRS,NAGROTA SURIYAN,NR,"Shahpur, Himachal Pradesh, India"
NGRT,NAGROTA,NR,"Palampur, Himachal Pradesh, India"
NGS,NAGANSUR,CR,"State Highway 154, Nagansur, Maharasht.."
NGT,NAGAPPATTINAM,SR,"Nagapattinam Railway Station, Nagapatt.."
NGTG,NEW GITLDADA JN,NFR,"Cooch Behar, West Bengal, India"
NGTN,NAGOTHANE,CR,"Raigad, Maharashtra, India"
NGW,NAUGANWAN,WR,"Nauganwan Railway Station, Madhya Prad.."
NGWN,NOGANWAN,NR,"Naugawan, Punjab, India"
NGX,NEGUN H,ER,"Negun, West Bengal 713143, India"
NGY,NATH GANJ,ECR,"Patwans, Bihar, India"
NGZ,SHRI KSHETRA NAGJHARI,CR,"Akola, Maharashtra, India"
NH,NAIHATI JN,ER,"Naihati, West Bengal, India"
NHB,NOHBACHHAMADI,NCR,"Bharatpur, Rajasthan, India"
NHF,NIHASTA H,NR,"Rae Bareli, Uttar Pradesh, India"
NHGJ,NEW HARANGAJAO,NFR,"New Harangajao Railway Station, NH 54,.."
NHH,NIHALGARH,NR,"Jagdishpur, Uttar Pradesh, India"
NHK,NAHARKATIYA,NFR,"Assam 786610, India"
NHLG,NEW HAFLONG,NFR,"New Haflong, Lower Haflong, Bethel, Ha.."
NHLN,NAHARLAGUN,NFR,"Naharlagun , Itanagar, Arunachal Pradesh"
NHM,NANDOL DEHEGAM,WR,"Nandol Dehegam Railway Station, State .."
NHN,NIGOHAN,NR,"Lucknow, Uttar Pradesh, India"
NHR,NOHAR,NWR,"Nohar, Rajasthan, India"
NHT,NALHATI JN,ER,"Swadinpur Railway Station, National Hi.."
NHU,NAHUR,CR,"Nahur, Harishchandra Dadu Koparkar Mar.."
NHX,NARTHAR H,NER,"Mc Arthur St, Indio, CA 92201, USA"
NHY,NAGANAHALLI,SWR,"Mysore District, Karnataka, India"
NI,NAYDONGRI,CR,"Naydongri, Maharashtra, India"
NIA,NAILA,SECR,"Station Road, Naila, Janjgir, Chhattis.."
NID,NIDUR,SR,"Neivasal, Tamil Nadu, India"
NIDI,NIDI,CR,"Roha Ghosala Rd, Roha, Maharashtra, In.."
NIG,NAIGAON,WR,"Naigaon, Naigaon West, Pali, Maharasht.."
NIIJ,NILAJE,CR,"Nilaje Railway Station, Nilje Gaon, Ma.."
NIL,NILAMBUR ROAD,SR,"Nilambur Rd, Kerala, India"
NILE,NIMTITA,ER,"Murshidabad, West Bengal, India"
NIM,NIMDIH,SER,"Nimdih Station, Jharkhand, India"
NIN,NIMKANA,ECOR,"Siundi, Odisha 754137, India"
NIP,NIZAMPUR,NWR,"Nizampur, Odisha, India"
NIQ,NIGAURA,SECR,"Nigaura, Madhya Pradesh 484113, India"
NIR,NAINPUR JN,SECR,"Nainpur, Madhya Pradesh, India"
NIRA,NIRA,CR,"Pandharpur Road, Nira (R.S.), Maharash.."
NIT,NAIKOT F,NER,"Raikot, Punjab, India"
NITR,NSC BOSE ITWARI,SECR,"Itwari Railway Overbridge, Nagpur, Mah.."
NIU,NABIPUR,WR,"Bharuch, Gujarat, India"
NIV,NIVASAR,KR,"SriHari Nivasa, Coconut Plantation, Mu.."
NJA,NAGJUA F S,SER,"Jharkhand 835325, India"
NJN,NAOJAN,NFR,"Naojan, Assam, India"
NJP,NEW JALPAIGURI,NFR,"New Jalpaguri Railway Station, Siligur.."
NJT,NAGER COIL TOWN,SR,"Nagercoil, Tamil Nadu, India"
NK,NASIK ROAD,CR,"Nashik, Maharashtra, India"
NKB,NAGRAKATA,NFR,"Nagrakata, West Bengal, India"
NKBR,NARKATIA BAZAR H,NER,"Bihar, India"
NKD,NEKONDA,SCR,"Nekkonda Station, Nekkonda, Andhra Pra.."
NKDO,NAKKANADODDI,SCR,"Nalakadoddi, Andhra Pradesh, India"
NKE,NARKATIAGANJ JN,ECR,"Narkatiaganj Railway Station, Narkatia.."
NKH,NATHUKHERI,WCR,"Lakheri, Rajasthan, India"
NKI,NAIKHERI,WR,"Lakheri, Rajasthan, India"
NKK,NARIKKUDI,SR,"Maraiyur, Tamil Nadu, India"
NKL,NALIKUL,ER,"Nalikul, West Bengal, India"
NKLE,NEW KAITHAL HALT,NR,
NKM,NAMKON,SER,"Jharkhand 834010, India"
NKMG,NEW KARIMGANJ,NFR,"New Market Rd, Karimganj, Assam 788710.."
NKN,NYOLI KALAN,NWR,"Neolikalan Railway Halt, Haryana, India"
NKOT,NEW KOTA,WCR,"Rajasthan, India"
NKP,NIRAKARPUR,ECOR,"Nirakarpur, Odisha, India"
NKPU,NEKPUR,ECR,"Simraur Baraini, Bihar 823311, India"
NKRA,NOKHRA,NWR,"Nokhra, Rajasthan, India"
NKU,NAKARDAIE,ECR,"Bhakurahiya, Bihar, India"
NKW,NILAKANTHESWAR,ECOR,"Nilakantheswar, Odisha, India"
NKX,NAKTISEMRA,ECOR,"Bastar, Chhattisgarh, India"
NLA,NANCHERLA,SCR,"Nancherla, Andhra Pradesh, India"
NLBR,NILAMBAZAR,NFR,"Nilambazar, Assam, India"
NLD,NALANDA,ECR,"Nalanda Railway Station, National High.."
NLDA,NALGONDA,SCR,"Nalgonda, Andhra Pradesh, India"
NLDM,NANGAL DAM,NR,"Nangal, Punjab, India"
NLE,NILESHWAR,SR,"Nileswaram, Kerala, India"
NLH,NAULTHA,NR,"Naultha, Haryana, India"
NLI,NAMLI,WR,"Ratlam, Madhya Pradesh, India"
NLKR,NILOKHERI,NR,"Nilokheri Railway Station, Nilokheri, .."
NLKT,NALKATA,NFR,"Nalkata, Tripura 799275, India"
NLN,NAILALUNG,NFR,"782462, India"
NLNI,NEW LONI,CR,"Loni, PIN - 414202, Ashti Taluka, Dist.."
NLNR,NULENURU H,SWR,"SH 153, Rangapura, Karnataka 577526, I.."
NLP,NORTH LAKHIMPUR,NFR,"North Lakhimpur, Assam, India"
NLPD,NALLAPADU,SCR,"Station Colony Road, Guntur, Andhra Pr.."
NLPI,NEMALIPURI,SCOR,"Nemalipuri, Andhra Pradesh 522413, India"
NLQ,NANGAL PATHANI,NWR,"Nangal Pathani, Haryana, India"
NLR,NELLORE,SCR,"Nellore Railway Station, Nellore, Andh.."
NLRD,NECKLACE ROAD,SCR,"Necklace Rd, Hyderabad, Andhra Pradesh.."
NLS,NELLORE SOUTH,SCR,"Ramalingapuram, Ramalinga Puram, Nello.."
NLSF,NIYALISH PARA,ER,"Murshidabad, West Bengal, India"
NLV,NALBARI,NFR,"Assam 781337, India"
NM,NAIMISHARANYA,NR,"Naimisharanya School, Bhavnagar Sidsar.."
NMA,NIRMALI,ECR,"Nirmali, Bihar, India"
NMBR,NUAGAON MAYURBHANJ ROAD,SER,"Rd, Odisha, India"
NMD,NOMODA,WCR,"Sawai Madhopur, Rajasthan, India"
NMDA,NEW MORINDA,NR,"Punjab 140413, India"
NMDR,NIMDANRI,ER,"Nimdanri, Taki, West Bengal, India"
NMF,NIMO H,ER,"Nimo, West Bengal, India"
NMG,NIMIAGHAT,ECR,"Ranaghat, West Bengal, India"
NMGA,NELAMANGALA,SWR,"Madhav Nagar, Syadamipalya, Karnataka .."
NMGT,NIMSHIRGAON TAMDALGE,CR,"Kolhapur, Maharashtra, India"
NMGY,NUMALIGARH,NFR,"Golaghat, Assam, India"
NMH,NIMACH,WR,"Bhaghana, Madhya Pradesh, India"
NMJ,NIDAMANGALAM,SR,"Needamangalam, Tamil Nadu, India"
NMK,NIM KA THANA,NWR,"Neem Ka Thana, Rajasthan, India"
NMKA,NAMKHANA,ER,"Namkhana, West Bengal, India"
NMKL,NAMAKKAL,SR,"Namakkal Railway Station, Namakkal, Ta.."
NML,NELLIMARIA,ECOR,"Nellimarla, Andhra Pradesh, India"
NMLU,NEMAKALLU,SCR,"Maddikera West, Andhra Pradesh, India"
NMM,NEW MISAMARI,NFR,"Orang-Mazbat Road, Assam, India"
NMN,NAMANASAMUDRAM,SR,"Ambasamudram, Tamil Nadu, India"
NMT,NAMTIALI,NFR,"Assam 785684, India"
NMX,NEW MAYNAGURI,NFR,"Mainaguri, West Bengal, India"
NMZ,NEW MAL JN,NFR,"Haihai Pathar Tea Garden I P, West Ben.."
NN,NANDURA,CR,"Buldhana, Maharashtra, India"
NNA,NAUGACHIA,ECR,"Bhagalpur, Bihar, India"
NNE,NONERA,NCR,"Bhind, Madhya Pradesh, India"
NNGE,NARANGI,NFR,"Narangi, Maharashtra, India"
NNHT,NONIHAT,ER,
NNKR,NANAKSAR,NR,"Punjab 142036, India"
NNL,NARNAUL,NWR,"Narnaul, Haryana, India"
NNM,NANNILAM,SR,"State Highway 67, Sannanallur, Tamil N.."
NNN,NANGUNERI,SR,"Nanguneri, Tamil Nadu, India"
NNNL,NANDANI LAGUNIA,ECR,"Samastipur, Bihar, India"
NNO,NANGLOI,NR,"JJ Colony No 1, Nangloi, New Delhi, De.."
NNP,NANPARA JN,NER,"National Highway 28C, Nanpara, Uttar P.."
NNPR,NONAPAR F,NER,"Nonapar, Uttar Pradesh, India"
NNR,NARAYANPUR,ECR,"Bhagalpur, Bihar, India"
NNU,NANGAL MUNDI,NWR,"Haryana 123412, India"
NNW,NRYNPUR TATWAR,WCR,"Sawai Madhopur, Rajasthan, India"
NNWH,NEW NAWADIH,ER,"Nawadih, Jharkhand 814113, India"
NNX,NANAUTA,NR,"Nanauta, Uttar Pradesh, India"
NOA,NOSARIA,NWR,"Rosario, Ubhadanda Christenwadi, Vengu.."
NOB,NOBANDA PH,SER,"Nobanda Rail Station, West Bengal 7222.."
NOH,NIGOHI,NER,"Nigohi, Uttar Pradesh, India"
NOI,NARIAOLI,WCR,"Sagar, Madhya Pradesh, India"
NOK,NOKHA,NWR,"Nokha Mandi Railway Station, Nokha, Ra.."
NOLB,NOLBARI,NFR,"Mendi - Damra Road, Tin Ali Laila, Meg.."
NOLI,NOLI,NR,"Noli, Gujarat, India"
NOMD,NOAMUNDI,SER,"Noamundi, Jharkhand, India"
NON,NONAR HALT,ECR,"Pachama Rd, Pachama, Bihar 802204, India"
NOQ,NEW ALIPURDAUR,NFR,"New Aipur-Duar Railway Station, Alipur.."
NOR,NEORA NADDI,NFR,"Neora Naddi- Kumali Road, Neora, West .."
NOSM,NOSSAM,SCR,"SH 28, Andhra Pradesh 518145, India"
NPBR,NARAYANPUR BAZAR,NCR,"Uttar Pradesh, India"
NPD,NAWAPARA ROAD,ECOR,"Nawapara Rd, Navapara, Bhavnagar, Guja.."
NPH,NURPURA H,NCR,"Nurpur, Himachal Pradesh, India"
NPI,NIPANIA,SECR,"Nipania, Chhattisgarh, India"
NPJE,NICHITPUR,ECR,"Katras - Nichitpur Connector, Katras, .."
NPK,N PANAKUDI,SR,"NH 44, Panakudi, Tamil Nadu 627109, In.."
NPKM,NANDIYAMPAKKAM,SR,"Nandambakkam, Tamil Nadu, India"
NPL,NAGALAPALLE,SCR,"Madanapalle, Andhra Pradesh, India"
NPM,NELLAIKUPPAM,SR,"Kuchipalayam Road, Nellikkuppam, Tamil.."
NPML,MALLIAL NUKAPALLI,SCR,"Mallial Nukapalli Railway Station, And.."
NPMR,NARAYAN PAKURIA MURAIL,SER,"Murail-Panskura Station Rd, Murail, We.."
NPNR,NEPANAGAR,CR,"East Nimar, Madhya Pradesh, India"
NPR,NEPALGANJ ROAD,NER,"B.P. Chowk, Nepalgunj, Nepal"
NPRD,NAGPUR ROAD,SECR,"Koria, Chhattisgarh, India"
NPS,NAPASAR,NWR,"Napasar, Rajasthan, India"
NPT,NARASINGANPET,SR,"Narasingapadu, Andhra Pradesh, India"
NPTY,NIMPURA TH YARD,SER,"Dewanmarabentchati, West Bengal, India"
NPU,NADIAPUR,NFR,"Hurua, Tripura 799251, India"
NPV,NARPATGANJ,ECR,"Madhura, Bihar 854335, India"
NPW,NIPANI VADGAON,CR,"Ahmednagar, Maharashtra, India"
NPX,NARINDARPURA,NR,"Sardarpura, Punjab, India"
NQH,NEW DOMOHANI,NFR,"Domohani, West Bengal 735302, India"
NQR,NARAJ MARTHAPUR,ECOR,"Naraj Marthapur, Odisha, India"
NR,NIPHAD,CR,"Nashik, Maharashtra, India"
NRA,NUNKHAR,NER,"Deoria, Uttar Pradesh, India"
NRD,NARODA,WR,"Naroda Railway Station, Ahmedabad, Guj.."
NRDP,NAGIREDDIPALLI,SCR,"Nagireddipalli, Andhra Pradesh, India"
NRE,NANDALUR,SCR,"Pothapi, Andhra Pradesh, India"
NRF,NERALAKATTE HALT,SWR,"Railway Access Rd, Netlamudnur, Karnat.."
NRG,NERGUNDI,ECOR,"Nargund, Karnataka, India"
NRGO,NARGANJO H,ER,"Narganjo, Bihar, India"
NRGR,NARANJIPUR,WR,"Nabarangapur, Odisha, India"
NRI,NARAINA,NWR,"Ajmer, Rajasthan, India"
NRJ,NARIMOGARU,SWR,"Narimogaru, Puttur subrahmanya state h.."
NRK,NARAIKKINAR,SR,"Ambattur Industrial Estate, Nallakinar.."
NRKE,NARI KHETRI,NWR,"Khetri, Rajasthan, India"
NRKP,NARKOPI F S,SER,"Jharkhand 835301, India"
NRKR,NARKHER,CR,"Narkher, Maharashtra, India"
NRL,NERAL,CR,"Neral, Maharashtra, India"
NRLN,NERAL JN,CR,"Ratnadeep Colony, Neral, Maharashtra 4.."
NRLR,NORLA ROAD,ECOR,"Kalahandi, Odisha, India"
NRM,NURMAHAL,NR,"Punjab 144039, India"
NRN,NARHAN,ECR,"Narhan, Bihar, India"
NRNR,NURNAGAR H,NR,"Nehrunagar, Maharashtra, India"
NRO,NAKODAR JN,NR,"Punjab 144040, India"
NRP,NARSIPATNAM RD,SCR,"Vishakhapatnam, Andhra Pradesh, India"
NRPA,NARAYNPUR ANANT,ECR,"Narayanpur Railway Station, Muzaffarpu.."
NRPM,NARAYANPUR MURLI H,ECR,"Supaul, Bihar, India"
NRPR,NARENDRAPUR H,ER,"Narendrapur, Odisha, India"
NRR,NAGARUR,SCR,"Kurnool, Andhra Pradesh, India"
NRS,NAGARIA SADAT,NR,"Mirganj, Uttar Pradesh, India"
NRSD,NEW RUNNISAIDPUR HALT,ECR,"Runnisaidpur - Bokchi - Keotsa Road, R.."
NRSI,NOORSARAI,ECR,
NRT,NARASARAOPET,SCR,"Narasaraopet, Andhra Pradesh, India"
NRUR,NARESHWAR ROAD,WR,"Nareshwar Rd, Rarod, Gujarat, India"
NRV,NARIYAR,ECR,"Nariyaar, Bihar, India"
NRVR,NARAINA VIHAR,NR,"Loha Mandi, Naraina, New Delhi, Delhi,.."
NRW,NARWANA JN,NR,"Narwana, Haryana, India"
NRWI,NARWASI,NWR,"Churu, Rajasthan, India"
NRWN,NANGAL RAJAWATAN,NWR,Nangal Rajawatan State: Rajasthan
NRX,NOADAR DHAL,ER,"Grand Trunk Rd, West Bengal, India"
NRY,NYORIYA HUSENPUR,NER,"Neoria Husainpur, Uttarakhand, India"
NRYP,NARAYANAPURAM,SWR,"Narayanapuram, Andhra Pradesh, India"
NRZB,NOWROZABAD,SECR,"Umaria, Madhya Pradesh, India"
NS,NARASAPUR,SCR,"Narasapur Railway Station, Railway Sta.."
NSA,NISHANGARA,NER,"Nishangarh Station Rd, Nishangarh, Dha.."
NSBG,NEW SISIBORGAON,NFR,"Chakamara, Assam 787110, India"
NSCL,NEW SILCHAR,NFR,"Rongpur Pt II, Assam, India"
NSD,NASIRABAD,NWR,"Nasirabad, Rajasthan, India"
NSF,NASIBPUR,ER,"Hooghly, West Bengal, India"
NSGR,NARASINGHGARH,ECOR,"Narsing garh, Odisha, India"
NSI,NIKURSINI,SER,"Nikursini, West Bengal, India"
NSKL,NASKHAL,SCR,"Telangana 506144, India"
NSL,NAGARSOL,SCR,"Nagarsol, Maharashtra, India"
NSP,NALLA SOPARA,WR,"Nallasopara, Nallasopara Station Road,.."
NSPH,NARASAPURAPUPETA,SCR,"Narasaraopet, Andhra Pradesh, India"
NSRH,NIZ SARIHA,NFR,"Uparnoi, Assam, India"
NSS,NAWASHAHR DOABA JN,NR,"Nawanshahr, Punjab, India"
NSU,NISUI,NR,"Bareilly, Uttar Pradesh, India"
NSVP,NATIONAL POLICE ACADEMY SHIVARAMPALLI H,SCR,"Mailardevpalli, Nawab Saheb Kunta, Hyd.."
NSX,NARSIPURAM HALT,ECOR,"Narsipuram, Andhra Pradesh, India"
NTA,NETRA,ER,"Netra, Rajasthan, India"
NTG,NUSRATABAD KHARKHARI H,NR,"Ghaziabad, Uttar Pradesh, India"
NTM,NARTHAMALAI,SR,"Narthamalai, Tamil Nadu, India"
NTN,NAR TOWN,WR,"Nar, Gujarat, India"
NTR,NITTUR,SWR,"Nittur, Maharashtra, India"
NTSK,NEW TINSUKIA JN,NFR,"New Tinsukia Railway Junction, A T Rd,.."
NTT,NATHAPETTAI,SR,"Nathapettai, Tamil Nadu, India"
NTU,NIGATPUR F,NER,"Singapur, Karnataka, India"
NTV,NAUTANWA,NER,"Nautanwa, Uttar Pradesh, India"
NTW,NANJANGUD TOWN,SWR,"Nanjangud, Karnataka, India"
NTWL,NETAWAL,NWR,"Chittaurgarh, Rajasthan, India"
NTZ,NATHWANA,NWR,"Nathwana, Rajasthan, India"
NU,NARSINGHPUR,WCR,"Narsimhapur, Madhya Pradesh, India"
NUA,NUA,NWR,"Jhunjhunu, Rajasthan, India"
NUB,NURABAD,NCR,"Nurabad, Madhya Pradesh, India"
NUD,NAVAGADH,WR,"Jetpur Navagadh Railway Station, Jetpu.."
NUGN,NUAGAN,ECOR,"NH53, Tekarapanga Dist-Kendrapara Stat.."
NUIH,NEURI HALT,ECR,"Neuri, Bihar 847427, India"
NUJ,NUJELLA,SCR,"Krishna, Andhra Pradesh, India"
NUPR,NURPUR ROAD,NR,"Nurpur Rd, Jalandhar, Punjab, India"
NUQ,NAGAR UNTARI,ECR,"Nagar Untari, Uttar Pradesh, India"
NUR,NARELA,NR,"Narela, New Delhi, Delhi, India"
NVA,NINDRA,ECR,"McCluskieganj Station Rd, Mccluskiegan.."
NVC,NAGALWANCHA,SCR,"Nagaland, India"
NVF,NAGAVANGALA,SWR,"Nagavayal, Tamil Nadu, India"
NVG,NAWAGAON,CR,"Nayagaon, Madhya Pradesh, India"
NVK,NEYVILAKKU,SR,"Neivilakku, Tamil Nadu, India"
NVL,NEYVELI,SR,"Neyveli, Tamil Nadu, India"
NVLN,NAWALGOHAN,SCR,"Station Road Nawalgarh, Nawalgarh Stat.."
NVRD,NAVADE ROAD,CR,"Navade Railway Station, Nevade, Taloje.."
NVS,NAVSARI,WR,"Eru Char Rasta Road, Navsari, Gujarat,.."
NVT,NAVIPET,SCR,"Navipet, Andhra Pradesh, India"
NVU,NAVALUR,SWR,"Dharwad, Karnataka, India"
NW,NALWAR,SCR,"Gulbarga, Karnataka, India"
NWA,NAGARWARA,SECR,"Nagawara, Bangalore, Karnataka, India"
NWB,NIWAS ROAD,WCR,"Mahuagaon, Madhya Pradesh 486669, India"
NWC,NAYA NAGAR,ECR,"Naya Nagar, Bihar, India"
NWD,NAWADAH,ECR,"Nawada Railway Station, Nawada, Bihar,.."
NWDH,NAWADIH,ECR,"Lohrio, Jharkhand 825318, India"
NWH,NAWALGARH,NWR,"Nawalgarh Station Area, Rajasthan, India"
NWMS,NOAPARA MAHISHASAR,ER,"Sukher More Bus Stop, National Highway.."
NWN,NANWAN,NWR,"Mahendragarh, Haryana, India"
NWP,NAUPADA JN,ECOR,"Naupada, Andhra Pradesh, India"
NWR,NIWAR,WCR,"Katni, Madhya Pradesh, India"
NWSI,NAWAL SAHI H,ECR,"Nawalsahi, Jharkhand 825418, India"
NWU,NAVAPUR,WR,"Navapur, Gujarat, India"
NXL,NIROL,ER,"West Bengal 713140, India"
NXN,NUAGAON,SER,"Sundargarh, Orissa, India"
NXNR,NUAGAON,ECOR,"Unnamed Road, Mahitama State: Odisha"
NXR,NAGSAR H,ECR,"Masjid India, Lorong Tuanku Abdul Rahm.."
NYA,NARAYANGARH,SER,"Narayangarh, Madhya Pradesh, India"
NYDO,NARAYANDOHO,CR,"Dist. Ahmednagar, 414201 State: Mahara.."
NYG,NAYAGARH,ECOR,"Nayagarh, Odisha, India"
NYGT,NAYAGARH TOWN,ECOR,Orissa
NYH,NAYANDAHALLI,SWR,"ITI Layout 3rd Phase, Nayandahalli, Ba.."
NYI,NELLAYI,SR,"Tirunelveli, Tamil Nadu, India"
NYK,NAYA KHARADIA,NWR,"State Highway 2, Rajasthan, India"
NYM,NEYAMATPUR H,ECR,"Gaya, Bihar, India"
NYN,NAINI,NCR,"Naini, Allahabad, Uttar Pradesh, India"
NYO,NAYAGAON,ECR,"Nayagaon Sarai, Bihar, India"
NYP,NAYUDUPETA,SR,"Andhra Pradesh, India"
NYRH,NAYARHAT,NFR,"Panigram, West Bengal 735303, India"
NYT,NAYATOLA,NFR,"Kariyatola, Chhattisgarh, India"
NYY,NEYYATTINKARA,SR,"Neyyattinkara, Kerala, India"
NZB,NIZAMABAD,SCR,"Nizamabad Railway Station, Nizamabad, .."
NZD,NUZVID,SCR,"Hanuman Junction, Andhra Pradesh, India"
NZG,NAZARBAG,WR,"Nazarbag, Chhatarpur, Madhya Pradesh, .."
NZH,NIDAGHATTA HALT,SWR,"Karnataka 571433, India"
NZM,H NIZAMUDDIN,NR,"Hazrat Nizamuddin Railway Station, Har.."
NZP,NIYAZIPUR H,ECR,"Sarthua, Bihar 804427, India"
NZR,NAZIRA,NFR,"Nazira, Assam, India"
NZT,NAZARETH,SR,"Thoothukudi, Tamil Nadu, India"
OBM,OBALAPURAM,SWR,"Amalapuram, Andhra Pradesh, India"
OBR,OBRA DAM,ECR,"Obra Dam, Obra, Uttar Pradesh"
OBVP,OBULAVARIPALLI,SCR,"Obulavaripalli, Andhra Pradesh, India"
OCH,ODHANIYA CHACHA,NWR,"Jaisalmer, Rajasthan, India"
OCR,OCHIRA,SR,"Ochira, Kerala, India"
OD,OD,WR,"Odisha, India"
ODB,OODLABARI,NFR,"Oodlabari, West Bengal, India"
ODC,ODDANCHATRAM,SR,"Oddanchatram, Tamil Nadu 624619, India"
ODG,OBAIDULLA GANJ,WCR,"Raisen, Madhya Pradesh, India"
ODHA,ODHA,CR,"Odha, Maharashtra, India"
ODM,ONDAGRAM,SER,"Ondagram Station, Onda, West Bengal, I.."
ODUR,ODUR,SR,"Jayampu-Gudur-Rd, Andhra Pradesh, India"
OEA,ODELA,SCR,"Odela, Andhra Pradesh, India"
OEL,OEL,NER,"Oel Ashram, Punjab, India"
OGL,ONGOLE,SCR,"Ongole, Andhra Pradesh, India"
OGM,OORGAUM,SWR,"Dr. B.R. Ambedkar Road, Kolar Gold Fie.."
OHAN,OHAN,NCR,"Chandara Mara, Uttar Pradesh, India"
OHV,ODHAVA,NWR,"Odhava, Gujarat 385530, India"
OKA,OKHLA,NR,"Okhla, New Delhi, Delhi, India"
OKHA,OKHA,WR,"Okha Railway Station, Juni Bazaar Lane.."
OKL,OTTAKKAL,SR,"691308, India"
OLA,OLAKUR,SR,"MDR301, Olakkur, Tamil Nadu 604305, In.."
OLP,OLAPUR,ECR,"Solapur, Maharashtra, India"
OLR,OLLUR,SR,"Ollur, Thrissur, Kerala, India"
OM,OMKARESHWAR RD,WR,"Omkareshwar Road, Khandwa Rd, Mortakka.."
OMB,OOMBERMALI,CR,"Agra - Mumbai Rd, Shirol, Maharashtra .."
OML,OMALUR,SR,"Omalur, Tamil Nadu, India"
OMLF,OLD MALDA,NFR,"Maldah, West Bengal, India"
ON,UNNAO JN,NR,"Unnao, Uttar Pradesh, India"
OND,AUNLAJORI JN,SER,"Teleijhari Hill, Odisha 757042, India"
ONR,COONOOR,SR,"Coonoor, Tamil Nadu, India"
OPL,UPPAL,SCR,"Uppal, Andhra Pradesh, India"
OPM,ONNUPURAM H,SR,"Onnupuram, Tamil Nadu 632315, India"
ORAI,ORAI,NCR,"Orai, Uttar Pradesh, India"
ORC,ORCHHA,NCR,"Orchha, Madhya Pradesh, India"
OREH,ORE H,ECR,"Ore, Rajasthan, India"
ORGA,ORGA,SER,"Orga Railway Station, Orga, Orissa, In.."
ORH,ODDARAHALLI,SWR,"Uttarahalli, Bangalore, Karnataka, India"
ORKI,ORKI H,NR,"Orki Distributary, Rajasthan"
ORR,ORR,WCR,"New Bypass Road, Ashoknagar, Madhya Pr.."
ORW,ORWARA,NER,"Orwara, Gujarat, India"
OSA,AUSA ROAD,CR,"Latur, Maharashtra, India"
OSH,OLD SACHDEVA H,ECR,"Veerchand Patel Road Area, Patna, Biha.."
OSN,OSIYAN,NWR,"Osiyan, Rajasthan, India"
OSRA,OSRA,WR,"Osra Railway Station, Madhya Pradesh, .."
OTD,OOTWARD,NCR,"Ootwar Station, Rajasthan, India"
OTK,OTTAKOVIL,SR,"Ariyalur, Tamil Nadu, India"
OTN,OATING,NFR,"Tirual Gaon, Assam, India"
OTP,OTTAPPALAM,SR,"Ottapalam, Kerala, India"
OTR,MOTURU,SCR,"Moturu, Andhra Pradesh, India"
OV,OTIVAKKAM,SR,"Kottivakkam, Chennai, Tamil Nadu, India"
OYR,WARIA,ER,"Durgapur, West Bengal, India"
PAA,PATAS,CR,"Pune, Maharashtra, India"
PAAL,PALA,CR,"Pala, Maharashtra 444905, India"
PAB,PATTABIRAM,SR,"Pattabiram, Tamil Nadu 600072, India"
PAD,PARDI,WR,"Pardi, Gujarat, India"
PADH,PIPRADIH,ECR,"Chandwara - Kanko Rd, Chandwara, Jhark.."
PAE,PALANA,NWR,"Palana, Rajasthan, India"
PAGM,PENNADA AGRHRM,SCR,"West Godavari, Andhra Pradesh, India"
PAHB,PURA HALT,ECR,"Partabpur, Bihar 805131, India"
PAI,PABAI,WCR,"Pabai, Madhya Pradesh, India"
PAIL,PALI A,ECR,"Danapur-Arrah Rd, Modahi, Bihar 801101.."
PAJ,PARAJ,ER,"Eastern Railway Line, West Bengal"
PAK,PAKALA JN,SCR,"Chittoor, Andhra Pradesh, India"
PAKI,PAWAKHALI,NFR,"Pauakhali, Bihar, India"
PAL,PALASNER,WCR,"Palasner, Maharashtra, India"
PALM,PALAIYAM I,SR,"Palayam, Tamil Nadu, India"
PALR,PALUR,SR,"Palur, Andhra Pradesh, India"
PAM,PANAPAKAM,SCR,"Manapakkam, Tamil Nadu, India"
PAN,PANAGARH,ER,"Panagarh Railway Station, Panagarh, We.."
PANP,PANDAVAPURA,SWR,"Mandya, Karnataka, India"
PAO,PANOLI,WR,"Panoli, Gujarat, India"
PAP,PITHAPURAM,SCR,"Pithapuram Railway Station, Pithapuram.."
PAPM,PALAT POTARAM,SCR,"Jhandapalle, Telangana, India"
PAQ,PADIYA NAGLA H,NER,"Moradabad, Uttar Pradesh, India"
PAR,PANDHURNA,CR,"Major State Highway 10, Pandhurna, Mad.."
PARD,PATHRAD,SCR,"Pathrad Mandir, Maharashtra, India"
PARH,PARAKHEDA,WCR,"Parakheda Railway Station, Madhya Prad.."
PAS,PASUR,SR,"Pasur, Tamil Nadu, India"
PASA,PARASHSHALA,SR,"Parassala, Kerala, India"
PASG,PANISAGAR,NFR,"Panisagar, Tripura, India"
PASR,PANDURANGA SWAMY ROAD,SCR,"Kondapur, Telangana 509125, India"
PATA,PATA,NCR,"Auraiya, Uttar Pradesh, India"
PATI,PARSA TEWARI,NER,"Uttar Pradesh 271313, India"
PATL,PATEL H,ECR,"H Patel Marg, Jawahar Nagar, Goregaon .."
PATM,PATAM,ER,"Garhi Rampur - Patam Rd, Patam, Bihar .."
PATR,PARAMJEEVAR TARAJEEVAR,ECR,"National Highway 77, Bihar"
PAU,PURNA JN,SCR,"Purna Railway Station, Purna, Maharash.."
PAV,PEDANA,SCR,"Krishna, Andhra Pradesh, India"
PAVI,PAVI,WR,"Pavijetpur, Gujarat, India"
PAVP,PEDDA AVUTAPALE,SCR,"Andhra Pradesh, India"
PAW,PANDABESWAR,ER,"Pandaveswar, West Bengal, India"
PAX,PATTI,NR,"Punjab 143416, India"
PAY,PAYYANUR,SR,"Payyanur, Kerala, India"
PAZ,PAYANGADI,SR,"Payangadi, Kerala, India"
PB,PUNTAMBA,CR,"Puntamba, Maharashtra, India"
PBA,PIARDOBA,SER,"Piardoba Station, West Bengal, India"
PBAP,PABBAPURAM HALT,SCR,"Pabbapuram, Andhra Pradesh 516003, India"
PBB,PARBATONIA,SER,"Parbhani, Maharashtra, India"
PBC,PARBATSAR,NWR,"Parbatsar, Rajasthan 341512, India"
PBE,PILIBHIT JN,NER,"Maal Godam Rd, Railway Colony, Pilibhi.."
PBHD,PRABHADEVI,WR,"Jagannath Bhatankar Marg, Krishna Naga.."
PBJM,PABNAWAJAS MAHINDAR H,NR,"Pindarsi, Haryana 136119, India"
PBKS,PMBAKVL SHANDY,SR,"Tirunelveli, Tamil Nadu, India"
PBL,PATHSALA,NFR,"Barpeta, Assam, India"
PBM,PAMBAN JN,SR,"Pamban, Tamil Nadu, India"
PBN,PARBHANI JN,SCR,"Parbhani Railway Station, Parbhani, Ma.."
PBP,PEMBARTI,SCR,"Pembarti, Andhra Pradesh, India"
PBR,PORBANDAR,WR,"Porbandar Railway Station, Porbandar, .."
PBV,PALIBA,ECOR,"Paliba Station, Odisha, India"
PBW,PANTNAGAR,NER,"Pantnagar Railway Station, Pantnagar, .."
PBZ,PORABAZAR,ER,"Porabazar, West Bengal, India"
PC,PACHORA JN,CR,"Pachora, Maharashtra, India"
PCC,PRACHI ROAD JN,WR,"Gujarat 362140, India"
PCDR,PANCHDEORI HALT,NER,"Bihar 841441, India"
PCH,PACHHAPUR,SWR,"Pachapur, Maharashtra, India"
PCHT,PUNAICHAK H,ECR,"Sri Krishna Puri, Patna, Bihar"
PCK,PACHRUKHI,NER,"Pachrukhi, Bihar, India"
PCKM,PACHCHAKUPPAM,SR,"Rajankuppam, Tamil Nadu, India"
PCL,PULICHERLA,SCR,"Pulicherla Station, Andhra Pradesh, In.."
PCLI,PALACHAURI,CR,"Kot, Uttar Pradesh, India"
PCM,PAVURCHUTRAM,SR,"Pavoorchatram West Bus Stop, Pavoorcha.."
PCMK,PACHAR MALIKPURA,NWR,"Rajasthan, India"
PCN,PANCH PIPILA,WR,"Madhya Pradesh, India"
PCO,PALAYANKOTTAI,SR,"St. Pauls Road, Tirunelveli, Tamil Nad.."
PCOI,PRAYAGRAJ CHHEOKI,NCR,"Chheoki, Prayagraj, Uttar Pradesh 2110.."
PCQ,PICHKURIRDHAL,ER,"Bardhaman, West Bengal, India"
PCR,PANCHRA,ER,"Panchra Railway Station, West Bengal, .."
PCT,PANCHTALAVDA ROAD,WR,"Panchtalavada Rd, Gujarat, India"
PCTM,PUDUCHATRAM,SR,"Kudi Street, KannurPatty, Tamil Nadu 6.."
PCU,PUTLACHERUVU,SCR,"Putlacheruvu, Andhra Pradesh, India"
PCV,PALAKKODU,SWR,"Palakkodu, Tamil Nadu, India"
PCW,PERAMBUR CARRIAGE WORKS,SR,"Perambur Carriage Works, Siruvallur Hi.."
PCX,PAGLA CHANDI,ER,"West Bengal, India"
PCY,PIPAR CITY,NWR,"Pipar, Rajasthan, India"
PCZ,POCHARAM,SCR,"Pocharam, Andhra Pradesh, India"
PD,PHARADAHAN H,NER,"Pradhan Marg, Jaipur, Rajasthan, India"
PDA,PUNDOOAH,ER,"Pundooah, Pandua, West Bengal"
PDD,PADUBIDRI,KR,"Karnataka, India"
PDE,PINDRAI,SECR,"Pindrai, Madhya Pradesh 481668, India"
PDF,PADAMPUR,WR,"Padampur, Rajasthan, India"
PDG,PARADGAON,SCR,"Pedgaon, Maharashtra, India"
PDGL,PONDUGULA,SCR,"Guntur, Andhra Pradesh, India"
PDGM,PUDUNAGARAM,SR,"Pudunagaram, Kerala, India"
PDGN,PADHEGAON,CR,"Ahmednagar, Maharashtra, India"
PDGP,PUDGAM GANESHPURA,WR,"Mehsana, Gujarat, India"
PDH,PADADHARI,WR,"Paddhari, Gujarat, India"
PDI,PALASDARI,CR,"Palasdari, Maharashtra, India"
PDJ,PHIDING,NFR,"NH 54, Assam 788830, India"
PDKM,PEDDANAYAKKANPALAIYAM,SR,"Periyanaickenpalayam, Tamil Nadu, India"
PDKN,PEDAKAKANI HALT,SCR,"Pedakakani, Andhra Pradesh, India"
PDKT,PUDUKKOTTAI,SR,"Pudukkottai, Tamil Nadu, India"
PDL,PENDEKALLU,SCR,"Pendekallu, Andhra Pradesh, India"
PDMA,PADMA,ECR,"Padma Station Rd, Padma, Jharkhand 825.."
PDMI,PENDLIMARRI,SCR,"Pendlimarri, Andhra Pradesh, India"
PDNA,PEDDADINNE,SCR,"Pedda Dinne Railway Station, Andhra Pr.."
PDNR,PADNUR,SWR,"Padnur, Maharashtra, India"
PDO,POODOOR H,SCR,"Puduru, Telangana 509125, India"
PDP,PADSE,WR,"Dhule, Maharashtra, India"
PDPH,PADAPAHAR JN.,SER,"Noamundi Road, Dangoaposi, Jharkhand 8.."
PDPK,PADMAPUKUR,SER,"Padmapukur, Kolkata, West Bengal"
PDPL,PEDDAPALLI,SCR,"Peddapalli, Andhra Pradesh, India"
PDPR,PURANDARPUR H,NER,"Purandarpur, Uttar Pradesh, India"
PDQ,PADLA,NWR,"Padla Railway Station, Rajasthan, India"
PDR,PAYAGPUR,NER,"Payagpur, Uttar Pradesh, India"
PDRA,PADRA,WR,"Padra, Gujarat, India"
PDRD,PINDRA ROAD,NR,"Pindra Kathiraon Rd, Uttar Pradesh, In.."
PDS,PINDARSI H,NR,"Pindari, Uttar Pradesh, India"
PDSN,PEDDASANA,ECOR,"Peddasana, Andhra Pradesh, India"
PDT,PENDURTI,ECOR,"Vishakhapatnam, Andhra Pradesh, India"
PDU,PONDURU,ECOR,"Srikakulam, Andhra Pradesh, India"
PDV,PANDARAVADAI,SR,"Pandaravadai, Rajagiri, Tamil Nadu, In.."
PDW,PANDAUL,ECR,"Pandaul, Bihar, India"
PDWA,PINDWARA,NWR,
PDX,PAYRADANGA,ER,"Payradanga, West Bengal, India"
PDY,PUDUCHERRY,SR,"Pondicherry Railway Station, South Bou.."
PDZ,PILIODA,WCR,"Pilioda, Rajasthan, India"
PEA,PETTAI,SR,"Tamil Nadu 627004, India"
PEC,PENCHARTHAL,NFR,"Pecharthal, Tripura, India"
PED,PIPARDAHI,SECR,"Pipar, Rajasthan, India"
PEE,PATERHI,NER,"Paterhi Jalal, Bihar 841419, India"
PEH,PATHARDIH JN,ECR,"Pathardih Railway Station, Pathardih, .."
PEI,PERANI,SR,"Chenji Road, Tamil Nadu, India"
PEL,POLIREDDIPALEM,SR,"Reddypalem, Andhra Pradesh, India"
PEM,PERALAM JN,SR,"Peralam Jn, State Highway 23, Peralam,.."
PEN,PEN,CR,"Pen, Maharashtra, India"
PEP,PHEPHNA JN,NER,"Ballia, Uttar Pradesh, India"
PER,PERAMBUR,SR,"Chennai, Tamil Nadu 600012, India"
PERN,PERNEM,KR,"403512, India"
PES,PHESAR,ECR,"Aurangabad, Bihar, India"
PETA,PANDETOLA,ER,"Dumka Hansdiha Road, Ratansar, Bihar 8.."
PEU,PERASHAHANNUR,SR,"Perumannur, Kerala, India"
PEW,PERAMBUR LOCO WORKS,SR,"Perambur Loco Works, Loco Scheme 1st R.."
PFL,PIPRALA,WR,"Piprala, Gujarat, India"
PFM,PHAPHAMAU JN,NR,"Phaphamau, Uttar Pradesh, India"
PFR,PACHOR ROAD,WCR,"Rajgarh, Madhya Pradesh, India"
PFT,POTHAHI,ECR,"Pothahi, Dharahra, Bihar 804452, India"
PFU,PADUA,ECOR,"Paduwa, Orissa, India"
PG,PERGAON,SCR,"Borgaon, Maharashtra, India"
PGA,PAGARA,WCR,"Pagara, Madhya Pradesh, India"
PGC,PANCHGACHIA,ECR,"Panchgani, Maharashtra, India"
PGDI,PAGIDIRAI,SCR,"Pagoda, Senapati Bapat Rd, Pune, Mahar.."
PGG,PENGANGA,SCR,"Penganga, Maharashtra"
PGI,PARPANANGADI,SR,"Parappanangadi, Kerala, India"
PGK,PILI BANGAN,NWR,"Pilibanga Junction, MDR 103, Pilibanga.."
PGL,PAGDHAL,WCR,"Pagdhal, Madhya Pradesh, India"
PGMD,PRAGATI MAIDAN,NR,"Pragati Maidan, New Delhi, Delhi, India"
PGN,PERUGAMANI,SR,"Perugamani Station, Nagappattinam - Tr.."
PGR,PUGALUR,SR,"Pugalur, Kagithapuram, Tamil Nadu, India"
PGRL,PIDUGURALLA,SCR,"Guntur, Andhra Pradesh, India"
PGT,PALAKKAD JN,SR,"Akathethara, Palakkad, Kerala, India"
PGTN,PALGHAT TOWN,SR,"Sultanpet, Palakkad, Kerala, India"
PGU,PADUGUPADU,SCR,"Kovur, Andhra Pradesh, India"
PGW,PHAGWARA JN,NR,"Phagwara Railway Station, Phagwara, Pu.."
PGZ,PERUNGUZHI,SR,"Chirayinkeezhu Kaniyapuram Road, Keral.."
PH,PANOH,NR,"Una, Himachal Pradesh, India"
PHA,PATHARIA,WCR,"Patharia, Madhya Pradesh, India"
PHC,PANCHOT,WR,"Panchot, Gujarat, India"
PHD,PHAPHUND,NCR,"Phaphund Pata Rd, Uttar Pradesh, India"
PHE,PAHALEJA,ECR,"Pahaleja Railway Station, Chakia, Biha.."
PHI,PANIKHAITI,NFR,"Panikhaiti, Assam, India"
PHK,PUNARAKH,ECR,"Mor, Bihar, India"
PHM,PATAPATNAM,ECOR,"Pathapatnam, Andhra Pradesh, India"
PHN,POKHRAYAN,NCR,"Pukhrayan Railway Station, Pukhrayan, .."
PHOP,PHOOP,NCR,"Phuphkalan, Madhya Pradesh, India"
PHQ,PARDHANDE,CR,"Pardhande Railway Station, Maharashtra.."
PHR,PHILLAUR JN,NR,"Phillaur, Punjab, India"
PHRH,PANCH RUKHI,NR,"Palampur, Himachal Pradesh, India"
PHS,FEROZESHAH,NR,"Feroze Shah, Punjab, India"
PHV,PIRTHIGANJ,NR,"Bhagesara, Uttar Pradesh 230001, India"
PHWR,PEHOWA ROAD,NR,"Haryana 136021, India"
PHX,PATHAKPUR,NR,"Pathakpur, Uttar Pradesh, India"
PHY,PHARIHA,NER,"Fariha, Uttar Pradesh, India"
PI,PADLI,CR,"Padli, Jammu & Kashmir, India"
PIA,PIPRAIGAON,WCR,"Ashoknagar, Madhya Pradesh, India"
PIC,PARICHA,NCR,"Parichha, Uttar Pradesh, India"
PIGT,PILIGHAT,WCR,"Benhta Ghat, Madhya Pradesh 473001, In.."
PIH,PARHIHARA,NWR,"Churu, Rajasthan, India"
PIL,PILER,SCR,"NH 71, Andhra Pradesh, India"
PIO,PILOL,WR,"Puzhal, Tamil Nadu, India"
PIP,PIPLIA,WR,"Panth Pipalia, Madhya Pradesh, India"
PIRO,PIRO,ECR,"Piro, Piro, Bihar 802207, India"
PIS,PISKA F S,SER,"Piska, Jharkhand, India"
PIT,PALITANA,WR,"Palitana, Gujarat, India"
PIZ,PINGLI,SCR,"Pingli, Maharashtra, India"
PJ,PEPPEGANJ,NER,"Uttar Pradesh, India"
PJA,PAJIAN,NR,"Punjab 144625, India"
PJB,PANIAJOB,SECR,"Paniajob Station, Chhattisgarh, India"
PJGM,PANJGAM,NR,"Panaji, Goa, India"
PJH,PIR JHALAR,WR,"Birgodarandhir, Madhya Pradesh 456771,.."
PJK,PANJ KOSI,NR,"152128, India"
PJLE,PANJWARA ROAD,ER,"State Highway 84, Sondiha, Bihar 81310.."
PJN,PANJHAN,CR,"Panaji, Goa, India"
PJP,PANJIPARA,NFR,"Panjipara, West Bengal 733208, India"
PJPR,PJP ROAD HALT,SCR,"PJP Road Halt, Telangana 509125, India"
PJPT,PRAJAPATI(HALT),ECR,"Parjapati Railway Station, Bagaha Dhal.."
PJR,PANGRI,CR,"Pangri, Maharashtra, India"
PJY,PARJANI H,NCR,"Parjani, Uttar Pradesh, India"
PK,PAKNI,CR,"Pakni, Maharashtra, India"
PKA,PRADHANKHUNTA,ECR,"Pradhankhunta Station, Jharkhand, India"
PKB,PATHARKHOLA,NFR,"Patharkhola, Uttarakhand, India"
PKBS,PEEPLEE KA BAS,NWR,"Ajmer, Rajasthan, India"
PKC,PAKRA,SER,"Pakra, Jharkhand 835227, India"
PKD,PENUKONDA,SWR,"Anantapur, Andhra Pradesh, India"
PKDE,PILU KHERA,NR,"Pilu Khera, Haryana, India"
PKE,PIMPAR KHED,CR,"Pimpar Khed Railway Station, Maharasht.."
PKF,POKLA,SER,"Jharkhand, India"
PKGM,PHAKHOAGARM,NFR,"Singhariah, Assam 788724, India"
PKJ,PAKHAJAN,WR,"Pakhajan, Gujarat 392165, India"
PKK,PAKKI,NR,"Pakki, Rajasthan, India"
PKL,PAPINAYAKNAHALI,SWR,"Papinayaknahali Station, Karnataka, In.."
PKM,PERIYANAIKANPALAIYAM,SR,"Periyanaickenpalayam, Tamil Nadu, India"
PKNA,PAKHNA,NCR,"Uttar Pradesh, India"
PKNS,POKHARNI NRSNHA,SCR,"Parbhani, Maharashtra, India"
PKO,PALAKOLLU,SCR,"Palakollu, Andhra Pradesh, India"
PKPU,PEDDAKURAPADU,SCR,"Peddhakurapadu, Andhra Pradesh, India"
PKQ,PATTIKKAD,SR,"Pattikkad, Ooty Road, Pattikkad, Keral.."
PKR,PAKUR,ER,"Pakur, West Bengal, India"
PKRA,PARSA KHERA,NR,"Parsa Khera, Uttar Pradesh, India"
PKRD,PAKARIA ROAD,WCR,"Panch Pakaria Mandir Rd, Amilihapal, U.."
PKRH,PARSA KERWAN HALT,NER,"Ishuapur Road, Dhama, Bihar 841421, In.."
PKT,PATTUKOTTAI,SR,"PKT road, Pattukkottai, Tamil Nadu, In.."
PKU,PANSKURA,SER,"Panskura, West Bengal, India"
PKW,PILKHUA,NR,"Pilkhuwa, Uttar Pradesh, India"
PKX,PAKHRAULI,NR,"Karauli, Rajasthan, India"
PKY,PILKHANI,NR,"Pilkhani, Haryana, India"
PKZ,PIPLI PAKHI KALAN,NR,"Pipli, Punjab, India"
PL,LOWER PAREL,WR,"Lower Parel, Mumbai, Maharashtra, India"
PLA,PALIA,WR,"Palia Railway Station, Madhya Pradesh,.."
PLAE,PALSIT,ER,"Palsit, West Bengal, India"
PLCJ,PHALODI JN,NWR,"Phalodi Railway Station, Phalodi, Raja.."
PLD,PALDHI,WR,"Jalgaon, Maharashtra, India"
PLE,PIPLEE,WR,"Pipli-Fedara Link Rd, Pipali, Gujarat,.."
PLF,PIALI,ER,"Pali, Rajasthan, India"
PLG,PALGHAR,WR,"Palghar, Maharashtra, India"
PLGH,PALIGARH H,NER,"Aligarh, Uttar Pradesh, India"
PLH,PARLAKIMIDI,ECOR,"Paralakhemundi, Odisha, India"
PLHW,PALHAWAS,NR,"Palhawas, Haryana 123412, India"
PLI,PETTAIVAYATALAI,SR,"Pettavaithalai, Tamil Nadu, India"
PLJ,PALEJ,WR,"Palej Railway Station, Palej, Gujarat,.."
PLJE,PHULWARTANR,ECR,"Dumra Phularitand Rd, Ganeshpur, Jhark.."
PLK,PALIA KALAN,NER,"Palia Kalan, Uttar Pradesh, India"
PLL,PARLI,SR,"Parli, Kerala, India"
PLLD,PHALTAN,CR,"Chaudharwadi, Maharashtra 415522, India"
PLM,PANELI MOTI,WR,"Paneli Moti, Gujarat, India"
PLMD,PILAMEDU,SR,"Coimbatore, Tamil Nadu, India"
PLMG,PULIYAMANGALAM,SR,"Puliyamangalam, Arakkonam, Tamil Nadu"
PLMX,PALAMPUR HMCHL,NR,"Palampur Himachal Railway Station, Mar.."
PLNI,PALANI,SR,"Palani, Tamil Nadu, India"
PLO,PULGAON JN,CR,"Pulgaon, Maharashtra, India"
PLP,PHULPUR,NR,"Pura Achchai, Phulpur, Uttar Pradesh, .."
PLPM,PALAPPURAM,SR,"Palappuram, Kerala, India"
PLRD,PADALIYA ROAD,WR,"Padaliya, Gujarat 391165, India"
PLS,PIPALSANA,NER,"Bhojpur, Uttar Pradesh, India"
PLSG,PALASINGI,ECOR,"Rayagada, Orissa, India"
PLSN,PALSANA,NWR,"Palsana, Gujarat, India"
PLT,PIRTHALA LALAUDA,NR,"Pirthala, Haryana, India"
PLU,PATAKOTTACHERU,SCR,"Patakottacheru, Andhra Pradesh, India"
PLV,PALSI,CR,"Palsi, Maharashtra, India"
PLVA,PALLEVADA,SCR,"Pallevada, Andhra Pradesh, India"
PLW,PINGLESHWAR,WR,"Ujjain, Madhya Pradesh, India"
PLWR,PHULWARIA,NER,"Phulwariya Rd, Pakri Sirikant, Bihar 8.."
PLY,PLASSEY,ER,"Plassey, West Bengal, India"
PM,PALAM,NR,"Palam, Sadar Bazaar, Palam, New Delhi,.."
PMB,PULLAMBADI,SR,"Pullambadi, Tamil Nadu, India"
PMD,PAMIDI,SCR,"Neeluru, Andhra Pradesh, India"
PMH,PARAO MAHNA,NR,"Punjab 142053, India"
PMI,PAIMAR,ECR,"Gaya, Bihar, India"
PMK,PARAMAKKUDI,SR,"Paramagudi, Tamil Nadu, India"
PMKT,PIMPALKHUTI,CR,"Yavatmal, Maharashtra, India"
PML,PAPANASAM,SR,"Papanasam, Tamil Nadu, India"
PMM,PERSEHRA MAL H,NER,"Sitapur, Uttar Pradesh, India"
PMN,PAMAN,NCR,"Kanpur Dehat, Uttar Pradesh, India"
PMO,PANDOLI,NWR,"Pandoli, Gujarat, India"
PMP,PIMPRI,CR,"Pimpri, Pimpri Chinchwad, Maharashtra,.."
PMPE,PAMPORA,NR,
PMPR,PREMPUR,NCR,"Rampur, Uttar Pradesh, India"
PMQ,PARMANAND,NR,"Parmanand, Begowal, Punjab, India"
PMR,PITAMBARPUR,NR,"Bareilly, Uttar Pradesh, India"
PMS,PARMALKASA,SECR,"Parmalkasa Station, Chhattisgarh, India"
PMT,PULLAMPET,SCR,"Pullampet, Andhra Pradesh, India"
PMU,PARMANANDPUR,ECR,"Saran, Bihar, India"
PMY,PALI MARWAR,NWR,"Pali Railway Station, Pali, Rajasthan,.."
PMYA,PARMINIYA H,ECR,"Parwania, Bihar 852202, India"
PN,PANSAR,WR,"Gandhinagar, Gujarat, India"
PNB,PANBARI,NFR,"Panbari, Arunachal Pradesh"
PNBE,PATNA JN,ECR,"Patna Junction Railway Station, Mithap.."
PNC,PATNA SAHEB,ECR,"Begampur, Patna, Bihar, India"
PNCB,PANCHBERIA H,ER,"Panchberia, West Bengal, India"
PND,PENDRA ROAD,SECR,"Chhattisgarh, India"
PNDI,PACHANDI,ER,"West Bengal 713140, India"
PNDM,PENNADAM,SR,"Pennadam Railway Station, SH 141, Tami.."
PNDP,PANDILLAPALLI,SCR,"Bandharlapalli, Rayalacheruvu Village,.."
PNDR,PANDORI,WR,"Pandori, Punjab, India"
PNE,PRANTIK,ER,"Prantik, West Bengal, India"
PNF,PANGAON,SCR,"Pangaon, Maharashtra, India"
PNGI,PANANGUDI,SR,"Panangudi, Tamil Nadu, India"
PNGM,PANCHGRAM,NFR,"Panchgram, Assam, India"
PNGR,PINGORA,WCR,"Pinjara, Gujarat, India"
PNHI,PANHAI,NCR,"Uttar Pradesh, India"
PNHR,PANIHAR,WCR,"Panihar, Haryana, India"
PNI,PURAINI,NR,"Uttar Pradesh, India"
PNJ,PADRIGANJ,SECR,"Daryaganj, New Delhi, Delhi, India"
PNKD,PANKI DHAM,NCR,"Panki Railway Station, Kanpur, Uttar P.."
PNM,PANYAM,SCR,"National Highway 40, Andhra Pradesh, I.."
PNME,PARASNATH,ECR,"Jharkhand 825167, India"
PNP,PANIPAT JN,NR,"Panipat Junction Railway Station, Pani.."
PNPI,PURUNAPANI,ECOR,"Odisha 762015, India"
PNPL,PANPALI,SER,"Panpali Station, Odisha, India"
PNPN,PANPANA PH,SER,"Begunia, Odisha, India"
PNPR,PUNNAPRA,SR,"Punnapra, Kerala, India"
PNQ,PUNKUNNAM,SR,"Punkunnam, Thrissur, Kerala, India"
PNRA,PANIARA H,NER,"Mau, Uttar Pradesh, India"
PNSA,PUNSIA,ER,"Bihar, India"
PNSD,PANGARSHINDE H,SCR,"Wapti, Maharashtra 431701, India"
PNT,PANITOLA,NFR,"Danitola, Chhattisgarh, India"
PNTR,PENNATHUR H,SR,
PNU,PALANPUR JN,WR,"Palanpur, Gujarat, India"
PNUG,PUNPUN GHAT H,ECR,"Bihar 804453, India"
PNV,PANEVADI,CR,"Kalevadi, Rahatani, Maharashtra, India"
PNVL,PANVEL,CR,"Panvel Junction, Railway station, Panv.."
PNVT,PANCHRATNA,NFR,"Panchratna, Bhatta, Vasna, Ahmedabad, .."
PNW,PUNDHAG,SER,"Pundag Railway Station, Pundag, West B.."
PNWN,PACHWAN,WR,"Sehore, Madhya Pradesh, India"
PNYA,PANIAHWA,NER,"Kushinagar, Uttar Pradesh, India"
PO,PARANGIPETTAI,SR,"Parangipettai, Tamil Nadu, India"
POA,PALIKONA,SCR,"Palikona Station, Pallekona, Andhra Pr.."
POE,PAWAPURI ROAD,ECR,"Ranchi-Patna Rd, Bijwanpar, Bihar 8031.."
POF,PIPARSAND,NR,"National Highway 25A, Uttar Pradesh, I.."
POI,PONPADI,SR,"Ponpadi, Tamil Nadu, India"
POK,POKRAN,NWR,"Jaisalmer, Rajasthan, India"
POKL,PEOKOL H,NER,"Pearl, Vasai West, Vasai, Maharashtra .."
POM,PUNTHOTTAM,SR,"Poonthottam, Tamil Nadu, India"
PON,PONNERI,SR,"Ponneri, Tamil Nadu, India"
POO,POTLAPADU,SCR,"Potlapadu, Andhra Pradesh, India"
POR,PIPALDA ROAD,WCR,"Rajasthan, India"
PORA,PORA,NCR,"Pora, Uttarakhand, India"
POT,POTHIA,NFR,"Pothia, Bihar, India"
POTI,POTHERI,SR,"Potheri, Guduvancheri, Tamil Nadu, India"
POU,PADRAUNA,NER,"Padrauna, Uttar Pradesh, India"
POX,POLA PATTHAR,CR,"Dhar, Madhya Pradesh 461111, India"
POY,POLLACHI JN,SR,"Pollachi, Tamil Nadu, India"
POZ,POTUL,SCR,"Aurangabad, Maharashtra, India"
PP,PURANPUR,NER,"Puranpur, Uttar Pradesh, India"
PPA,PIPRA,ECR,"Purvi Champaran, Bihar, India"
PPB,PARTABPURA,NR,"Partabpura, Punjab, India"
PPC,PIPRAICH,NER,"Pipraich, Uttar Pradesh, India"
PPCK,PIPALWALI CHOWKI,NCR,"Morena, Madhya Pradesh, India"
PPD,PIPLOD JN,WR,"Piplod Jn, Godhara Dahod Hwy, Piplod, .."
PPDA,PANCHPATIA DEORIA H,ECR,"Panchpatia - Deoria Road, Panchpatia, .."
PPDE,PANDU PINDARA H,NR,"Pindara, Jind, Haryana 126102, India"
PPDI,PIPRADIH,ER,"Kifaetpur, Bihar 813107, India"
PPE,PAINTEPUR F,NER,"Uttar Pradesh, India"
PPEA,PAPARERA,NCR,"Bharatpur, Rajasthan, India"
PPF,PIPLAJ,NWR,"Piplaj, Gujarat, India"
PPG,PIPLODA BAGLA,WR,"Ujjain, Madhya Pradesh, India"
PPGT,PRINCEPGHAT,ER,"Princep Ghat Railway Station, Strand R.."
PPH,PIPRI DIH,NER,"Mau, Uttar Pradesh, India"
PPI,PIPARIYA,WCR,"Piparia Railway Station, Piparia, Madh.."
PPJ,POPHLAJ,CR,"Maharashtra, India"
PPK,PACHPOKHARIA,ECR,"Pach Pokharia, Bihar, India"
PPKD,PAPRAKUND,ECR,"Sonbhadra, Uttar Pradesh, India"
PPLA,PIPLAI,NWR,"NH23, Piplai, Dist - Sawai Madhopur, P.."
PPLC,PIMPLA CHAURE H,SCR,"Babhulgaon, Maharashtra 431512, India"
PPLI,PIPLI,WR,"Gujarat, India"
PPM,PHIRANGIPURAM,SCR,"Phirangipuram, Andhra Pradesh, India"
PPN,PUNPUN,ECR,"Alawalpur, Bihar 804453, India"
PPNS,PAPPINISSERI,SR,"Pappinisseri, Kerala, India"
PPO,PANPOSH,SER,"Panposh, Rourkela, Odisha, India"
PPR,PIPAR ROAD JN,NWR,"Salva, Rajasthan, India"
PPRH,PIPARAHAN HALT,ECR,"Bihar, India"
PPS,PIPILIYA ROAD,WR,"Pipaliya, Gujarat, India"
PPT,PIRPAINTI,ER,"Bhagalpur, Bihar, India"
PPTA,PATLIPUTRA,ECR,"Rukanpura, Patna, Bihar 800025, India"
PPTN,PIPRITNAN,NFR,"Kishanganj, Bihar, India"
PPTR,PUSHPATTUR,SR,"Iyvar Malai Asiramam Rd, Thathanaicken.."
PPU,PIPARPUR,NR,"Sultanpur, Uttar Pradesh, India"
PPV,PRATAPGANJ,ECR,"Bhawanipur, Bihar 852125, India"
PPW,PACHPERWA,NER,"Pachperwa, Uttar Pradesh, India"
PPY,PAPATAPALLI,SCR,"Madanapalle, Andhra Pradesh, India"
PPZ,PEDDEMPET,SCR,"Karimnagar, Andhra Pradesh, India"
PQA,PIPLA HALT,SECR,"Pipal Adda Bus Stop, State Highway 33,.."
PQD,PRANPUR ROAD,NFR,India
PQH,PINDKEPAR,SECR,"Gondia, Maharashtra, India"
PQL,PINDIAL,SCR,"Warangal, Andhra Pradesh, India"
PQN,PWN KLAKNDER RD,NR,"Uttar Pradesh, India"
PQS,PARK CIRCUS,ER,"Park Circus, Beniapukur, Kolkata, West.."
PQT,PUNIYAVANT,WR,"Vadodara, Gujarat, India"
PQU,PARHANA MAU,WCR,"Madhya Pradesh, India"
PQY,PABLI KHAS,NR,"Pabli Khas Railway station, Modipuram,.."
PQZ,PUNDIBARI,NFR,"Pundibari, West Bengal, India"
PR,PAREL,CR,"Parel, Dadar East, Parel, Mumbai, Maha.."
PRAE,PALLA ROAD,ER,"Palla Rd, West Bengal, India"
PRAR,PAROR,NR,"Paraur, Himachal Pradesh, India"
PRB,PARBATI,WR,"Sehore, Madhya Pradesh, India"
PRBG,PRATAP BAGH,SECR,"Rana Pratap Bagh, New Delhi, Delhi, In.."
PRBR,PARSA BASUARI,ECR,"Supaul, Bihar, India"
PRBZ,PARSA BAZAR,ECR,"Raxaul, Bihar, India"
PRCA,PERECHERLA,SCR,"Perecherla, Andhra Pradesh, India"
PRDG,PORADANGA H,ER,"Mansinghpur, West Bengal 742122, India"
PRDL,PARADOL,SECR,"Shahdol, Madhya Pradesh, India"
PRDP,PARADIP,ECOR,"Paradip Railway Station, Paradip, Odis.."
PRDT,PRODDATUR,SCR,"Dorasanipalli, Proddatur, Andhra Prade.."
PRE,PAHARA,NCR,"Pahada, Udaipur, Rajasthan, India"
PRF,PARSIPUR,NR,"Parsipur, Uttar Pradesh, India"
PRG,PRAYAG JN,NCR,"Karanpur, Allen Ganj, Prayagraj, Uttar.."
PRGA,PAHARJAGANGAUR H,ECR,"Gangaur, Bihar 851225, India"
PRGD,PERUNGUDI,SR,"Perungudi, Chennai, Tamil Nadu, India"
PRGL,PERUNGALALATTUR,SR,"Perungalathur, Tamil Nadu, India"
PRGR,PINARGARIA,ER,"Pinargaria, West Bengal 816103, India"
PRH,POWERPET,SCR,"West Godavari, Andhra Pradesh, India"
PRI,PATHRI,NR,"Pathri, Maharashtra, India"
PRJ,PRANTIJ,WR,"Prantij Railway Station, Gujarat, India"
PRK,PARKHAM,NCR,"Mathura, Uttar Pradesh, India"
PRKD,POWERKHEDA,WCR,"Walkheda, Maharashtra, India"
PRKE,PURUA KHERA,NR,"Dabtara, Uttar Pradesh, India"
PRKH,PARKANHATTI,SWR,"Parkanhatti, Karnataka, India"
PRKL,PARIKKAL,SR,"Parikkal, Tamil Nadu, India"
PRL,POLUR,SR,"Polur, Tamil Nadu, India"
PRLI,PARLI VAIJNATH,SCR,"Parli Vaijanath Railway Station, Parli.."
PRM,PIRUMADARA H,NER,"Nainital, Uttarakhand, India"
PRN,PARAUNA,NCR,"Ingui Khurd, Uttar Pradesh 285201, India"
PRNA,PURNIA JN,NFR,"Purnia Railway Sation, Purnia, Bihar, .."
PRNC,PURNIA COURT,ECR,"Sabzi Market, Purnia, Bihar, India"
PRND,PERINAD,SR,"Perinad, Kerala, India"
PRNG,PRITAM NAGAR,WR,"Pritam Nagar, Valsad, Gujarat, India"
PRNR,PORJANPUR,ECOR,"Kendujhar, Orissa, India"
PRNT,PERIYANAGA THUMAI,SWR,"Tamil Nadu 635113, India"
PRP,PAHARPUR,ECR,"Paharpur, Bihar, India"
PRR,PURULIA JN,SER,"Purulia Railway Station and Junction, .."
PRRB,PRAYAGRAJ RAMBAGH,NER,"Rambagh, Prayagraj, Uttar Pradesh 2110.."
PRSL,PANDRASALI,SER,"Pandrasali, Jharkhand, India"
PRSN,PARSA NAGAR H,ECR,"Pashchim Champaran, Bihar, India"
PRSP,PRASADPUR H,NER,"Uttar Pradesh, India"
PRSR,PAHARSAR,NWR,"Churu, Rajasthan, India"
PRT,PANRUTI,SR,"Panruti Railway Station, Panruti, Tami.."
PRTL,PIRTALA,ER,"Pirtala, West Bengal, India"
PRTN,PRATAP NAGAR,WR,"Pratap Nagar, Vadodara, Gujarat 390004.."
PRTP,PARTAPUR,NR,"Partapur Railway Station, Meerut, Utta.."
PRTR,PUTARRA,SECR,"Dharrachi, Madhya Pradesh, India"
PRU,PARLU,NWR,"Parlu, Rajasthan, India"
PRUR,PRITHWIRAJPUR,NWR,"12 F, Rajasthan 335038, India"
PRV,PUKKIRAVARI,SR,"Pukkiravari, Tamil Nadu, India"
PRWA,PARWAKHURD H,SCR,"parker inter college, Moradabad, Uttar.."
PRY,PARAIYA,ECR,"Paraiya, Bihar, India"
PRYJ,PRAYAGRAJ JN,NCR,"Prayagraj Railway Station, Prayagraj, .."
PRZ,PARSA,NER,"Panariya, Uttar Pradesh 272205, India"
PS,PARAS,CR,"Paras, Maharashtra, India"
PSA,PALASA,ECOR,"Kasibugga, Andhra Pradesh, India"
PSAE,PURBASTHALI,ER,"Purbasthali, West Bengal, India"
PSB,PARSABAD,ECR,"Parsabad, Jharkhand, India"
PSD,PARSODA,SCR,"Parsoda, Chhattisgarh, India"
PSDA,PASIVEDALA,SCR,"Pasivedala, Andhra Pradesh, India"
PSE,PUSAULI,ECR,"Pusauli, Bihar, India"
PSF,PATRASAYER PH,SER,"West Bengal, India"
PSJ,PATASAHI,SER,"Patsari, Himachal Pradesh, India"
PSK,PARADSINGA HALT,SECR,"Paradise Bus Stop, P G College Secunde.."
PSL,PARISAL,NWR,"Alwar, Rajasthan, India"
PSLI,PARSOLI,WCR,India
PSLP,PASALAPUDI,SCR,"Pasalapudi, Andhra Pradesh, India"
PSN,PARSENDI,NER,"Parsendi, Uttar Pradesh, India"
PSO,PALSORA MAKRAWAN,WR,"Ujjain, Madhya Pradesh, India"
PSPH,PURSHOTAMPUR,ECR,
PSPY,PRASANNAYANAPALLI,SCR,"Anantapur, Andhra Pradesh, India"
PSR,PASRAHA,ECR,"Khagaria, Bihar, India"
PST,POSOTIA,SER,"Posoita Rd, Jharkhand, India"
PSV,PARSNEU,NWR,"Churu, Rajasthan, India"
PSX,PTNSNGI TWN HLT,SECR,"Nagpur, Maharashtra, India"
PSZ,PARSAUNI,ECR,"Parsani, Uttar Pradesh, India"
PT,PATLI,NR,"Gurgaon, Haryana, India"
PTA,PATIALA,NR,"Patiala Railway Staion, Factory Area, .."
PTAB,PATIA PH,ECOR,"Patia, Bhubaneshwar, Orissa, India"
PTAE,PATULI,ER,"Patuli, West Bengal, India"
PTB,PATTAMBI,SR,"Veeramani Railway Station Bus Stop, St.."
PTD,PETLAD JN,WR,"Petlad, Gujarat, India"
PTE,PATIALA CANT,NR,"Patiala, Punjab, India"
PTF,PALTA,ER,"Palta, West Bengal, India"
PTG,PATNA GHAT,ECR,"Patna Ghat, Patna, Bihar"
PTH,PATRANGA,NR,"Barabanki, Uttar Pradesh, India"
PTHD,PATOHAN,WCR,"Paithan, Maharashtra, India"
PTHL,PANTIHAL,SER,"Panther, Uttarakhand, India"
PTI,PATIALI,NER,"Patiala, Punjab, India"
PTJ,PODANUR JN,SR,"Podanur, Coimbatore, Tamil Nadu, India"
PTK,PATHANKOT,NR,"145001, India"
PTKC,PATHANKOT CANTT,NR,"Pathankot, Punjab, India"
PTKD,PATHARKANDI,NFR,"Patharkandi, Assam, India"
PTKP,POTKAPALLI,SCR,"Potkapalli, Andhra Pradesh, India"
PTKR,PATIPUKUR,ER,"Patipukur, Kolkata, West Bengal, India"
PTLD,PATILADAHA,NFR,"Patlipada, Thane West, Thane, Maharash.."
PTLI,PATHAULI,NCR,"Pathapur, Odisha, India"
PTLR,PUTLUR H,SR,"Putlur H, Putlur, Tamil Nadu 602003, I.."
PTM,PADALAM,SR,"Padalam, Tamil Nadu, India"
PTMS,PATTAPIRAM MILITARY,SR,"Street Number 3, Bharathi Nagar, Patta.."
PTN,PATAN,WR,"Patan, Gujarat, India"
PTNR,PATEL NAGAR,NR,"Patel Nagar, West Patel Nagar, New Del.."
PTP,PATAL PANI,WR,"Patal Pani Railway Station, Madhya Pra.."
PTPL,PETRAPOL,ER,"NH35, Jayantipur, West Bengal, India"
PTPR,PRATABPUR H,NER,"Pratappura, Gujarat, India"
PTRA,PATRA,NCR,"Uttar Pradesh 209303, India"
PTRD,PATAUDI ROAD,NR,"Gurgaon, Haryana, India"
PTRE,PATARA,NCR,"Kanpur Nagar, Uttar Pradesh, India"
PTRJ,PATTI RAJPURA H,NR,"Patti Rajpura Halt Railway Station, Hi.."
PTRL,PATHRALA,NWR,"Pathrala, Punjab, India"
PTRU,PATRATU,ECR,"Jharkhand 829118, India"
PTS,PATANSAONGI,SECR,"Patansaongi, Maharashtra, India"
PTT,PUTALAPATTU,SCR,"Putalapattu, Andhra Pradesh, India"
PTTN,PATTAN,NR,"Patan, Gujarat, India"
PTU,PARTUR,SCR,"Jalna, Maharashtra, India"
PTWA,PATWARA,WCR,"Patwari, Sector 4, Greater Noida, Utta.."
PTYR,PATIYARA,NR,"Unnao, Uttar Pradesh, India"
PTZ,PATSUL,SCR,"Patsul Railway Station, Maharashtra, I.."
PU,PATCHUR,SWR,"Patchur Station, Tamil Nadu, India"
PUA,PULLA,SCR,"Pulla, Andhra Pradesh, India"
PUC,PUDUCHATIRAM,SR,"Puducherry, Pondicherry, India"
PUD,PHANDA,WR,"Phanda, Madhya Pradesh, India"
PUDI,PUDI,SR,"Pudi, Andhra Pradesh, India"
PUDR,PODUR,SCR,"Poodur, Telangana 505501, India"
PUE,PALARI,SECR,"Palari, Chhattisgarh, India"
PUF,PAUTA H,NER,"Pilibhit, Uttar Pradesh, India"
PUG,PUNGGUDI,SR,"Perungudi, Chennai, Tamil Nadu, India"
PUHT,PUSHKAR TERMINUS,NWR,"Pushkar, Rajasthan, India"
PUK,PUDUKAD,SR,"Pudukad, Kerala, India"
PUKK,PURANAKATAK,ECOR,"Redhakhol - Boudh - Phulbani Rd, Panku.."
PUL,RAMPURA PHUL,NR,"Rampura Phul, Rampura, Punjab 151103, .."
PUM,PALLIPPURAM,SR,"Pallipuram, Kerala, India"
PUMU,PENUMARRU,SCR,"Penumarru, Andhra Pradesh, India"
PUN,PUNDI,ECOR,"Pundi Railway Station, Pundi, Andhra P.."
PUNA,PAUNIYAN,SECR,"Pauniyan, PIN - 481449, Dist. - Balagh.."
PUNE,PUNE JN,CR,"Pune Railway Station, HH Prince Aga Kh.."
PUO,PIR UMROD,WR,"Madhya Pradesh, India"
PUQ,PURANIGUDAM,NFR,"Perungudi, Chennai, Tamil Nadu, India"
PURI,PURI,ECOR,"Puri, Orissa, India"
PUS,PHUSRO,ECR,"Phusro Railway Station, Phusro, Jharkh.."
PUSA,PUSLA,CR,"Pusla, Maharashtra 444906, India"
PUT,PUTTUR,SR,"Puttur, Andhra Pradesh, India"
PUU,PUNALUR,SR,"Punalur Railway Station, Punalur, Kera.."
PUW,PATUWAS MEHRANA,NWR,"Mehrana to Charkhi Dadri, Haryana, India"
PUWA,PAUWARA H,SECR,"Durg, Chhattisgarh, India"
PUX,PARASIA,CR,"Chhindwara, Madhya Pradesh, India"
PUY,PHULAGURI,NFR,"Phulaguri Railway Station, Assam, India"
PV,PALLAVARAM,SR,"Pallavaram, Tamil Nadu, India"
PVD,PEDDAVADLAPUDI,SCR,"Pedavadlapudi, Andhra Pradesh, India"
PVI,PERAVURANI,SR,"Peravurani Railway Station, Musiri - K.."
PVL,PASUPATIKOVIL,SR,"Pasupati Bose Ln, Bagbazar, Kolkata, W.."
PVM,PATTARAVAKKAM,SR,"Pattaravakkam, Korattur, Ambattur, Tam.."
PVN,PUVANUR,SR,"Puvanur, Tamil Nadu, India"
PVP,PARVATIPURAM,ECOR,"Parvatipuram, Andhra Pradesh, India"
PVPT,PARVATIPURAM TN,ECOR,"Parvathipuram to Asaripallam Rd, Nager.."
PVR,PANDHARPUR,CR,"Isbavi, Pandharpur, Maharashtra, India"
PVRD,PIRAVAM ROAD,SR,"Piravam Road Railway Station, Kerala, .."
PVU,PARAVUR,SR,"Paravur, Kerala, India"
PVZ,PARVEZPUR,NWR,"Tezpur, Assam, India"
PW,PIRWA,NWR,"Purwa, Uttar Pradesh, India"
PWBN,PAWAI BROHMASTHAN H,ER,"Pawai, Bihar 811310, India"
PWK,PIPARIYA KALAN,WCR,"Madhya Pradesh, India"
PWL,PALWAL,NR,"Palwal Railway Station, Palwal, Haryan.."
PWR,PILWAI ROAD,WR,"Mehsana, Gujarat, India"
PWS,PHULWARI SHARIF,ECR,"Patna, Bihar, India"
PWU,PARANUR,SR,"Paranur, Tamil Nadu, India"
PWXP,PAWANI KUMARPUR H,ECR,"Kamarpur, Buxar, Bihar, India"
PXR,PALPARA,ER,"Palpara, Kolkata, West Bengal, India"
PY,PERUNDURAI,SR,"Perundurai, Tamil Nadu, India"
PYA,PEDAPARIYA,SR,"Pedapariya, Pedda Pariya, Andhra Prade.."
PYD,PALLIYADI,SR,"Palliyadi, Mulagumoodu-Palliyadi, Tami.."
PYGS,PRAYAGRAJ SANGAM,NR,"Prayagraj, Uttar Pradesh, India"
PYHT,POREYAHAT,ER,"Amwar, Jharkhand 814153, India"
PYI,PAYLI,NWR,"Ratangarh, Rajasthan, India"
PYK,PERIYAKOTTAI,SR,"Pananvayal, Tamil Nadu 630108, India"
PYLA,PIYALA BLOCK HUT,NR,"Jajru, Haryana 121004, India"
PYOL,PAYYOLI,SR,"NH 66, Kerala, India"
PYV,PALAYASIVARAM,SR,"Pallavaram, Tamil Nadu, India"
PYX,PEYANAPALLI H,SCR,"Peyanapalli, Andhra Pradesh, India"
PZA,PALAVANTANGAL,SR,"Pazavanthangal, Tamil Nadu, India"
QDN,QADIAN,NR,"Punjab 143516, India"
QG,QUAZIGUND,NR,Qazigund
QGT,KOLAGHAT,SER,
QLD,QUILANDI,SR,"Quilandi Railway Station, Koyilandy, K.."
QLM,KULEM,SWR,"Unnamed Rd, Kulem, Karnataka, India"
QLN,KOLLAM JN,SR,"Kollam, Kerala, India"
QMRS,KAYAMSAR,NWR,"Kayamsar, Rajasthan, India"
QRP,KILA RAIPUR,NR,"Kila Raipur, Punjab, India"
QSR,KANSRAO,NR,"India-Kaw Valley Elementary School, La.."
QTP,QUTABPUR,NR,"Haryana 136027, India"
QXR,KUCHESAR ROAD,NR,"Kuchesar Road Canel, Uttar Pradesh, In.."
R,RAIPUR JN,SECR,"Raipur Junction Railway Station, Raipu.."
RA,RAMPARDA,WR,"Surendranagar, Gujarat, India"
RAA,BARARA,NR,"Barara Railway Station, Barara, Haryan.."
RABE,RABALE,CR,"Rabale, Navi Mumbai, Maharashtra, India"
RAGM,RAJAGAMBIRAM,SR,"Pattabiram, Tamil Nadu, India"
RAH,RAMGARH,NCR,"Ramgarh, Jharkhand, India"
RAHA,RAHA,NFR,"Raha, Chhattisgarh, India"
RAI,RAIBHA,NCR,"Raibha, Uttar Pradesh, India"
RAIR,RAIRAKHOL,ECOR,"Rairakhol, Odisha, India"
RAJ,RAJPIPLA,WR,"Rajpipla Railway Station, Rajpipla, Gu.."
RAJP,RAJAPUR ROAD,KR,"Ratnagiri, Maharashtra, India"
RAK,RAMKOT,NR,"Ramkot, Punjab, India"
RAKD,RADHAKUND,NCR,"Basonti, Uttar Pradesh, India"
RAKL,RETHORAKALAN,NCR,India
RAL,REPALLE,SCR,"Repalle, Andhra Pradesh, India"
RAM,RAMAPURAM,SCR,"Ramavaram, Chennai, Tamil Nadu, India"
RAMA,RAMVA,NCR,"Uttar Pradesh, India"
RAMP,RAMPURI,SECR,"Rampur, Uttar Pradesh, India"
RAMR,RAMAIPUR H,NER,"Ramaipur, Uttar Pradesh, India"
RANI,RANI,NWR,"Rani, Rajasthan, India"
RAPU,RAMPUR MP,NCR,"Rampur, Madhya Pradesh 471315, India"
RASP,RASIPURAM,SR,"Rasipuram Railway Station, Rasipuram, .."
RAU,RAU,WR,"Rau Railway Station, Rau, Madhya Prade.."
RAY,RAY,ECR,"Ray, Jharkhand, India"
RAYA,RAYA,NER,"Raya, Uttar Pradesh, India"
RBA,RAMBHA,ECOR,"Ganjam, Odisha, India"
RBCS,RAMACHANDRAPURAM,SCR,"Ramachandra Puram, Andhra Pradesh, India"
RBD,RAHIMABAD,NR,"Uttar Pradesh, India"
RBG,RAYBAG,SWR,"Belgaum, Karnataka, India"
RBH,RAJBANDH,ER,"Rajbandh, West Bengal, India"
RBHR,RABHRA HALT,NR,"Gohanarural, Haryana 131301, India"
RBHT,R BLOCK H,ECR,"R Block Bus Stop, Beer Chand Patel Pat.."
RBJ,RAIBOJHA,NER,"Bishun Nath Gaon, Uttar Pradesh 271865.."
RBK,REOTI B KHERA,NR,"Uttar Pradesh, India"
RBL,RAE BARELI JN,NR,"Railway Station Rae Bareli, Raebareli,.."
RBN,RAGHUBANS NAGAR,ECR,"Raghubir Nagar, New Delhi, Delhi, India"
RBQ,RAM BISHANPUR,ECR,"Gausabad, Bihar, India"
RBR,RIBADA,WR,"Rajkot, Gujarat, India"
RBS,RUPBAS,NCR,"Uttar Pradesh, India"
RBZ,RAMBHADDARPUR,ECR,"Muzaffarpur, Bihar, India"
RC,RAICHUR,SCR,"Azad Nagar, Raichur, Karnataka 584101,.."
RCA,RENTACHINTALA H,SCR,"Rentachintala, Andhra Pradesh, India"
RCD,RAJCHANDRAPUR,ER,"Rajchandrapur, Ghoshpara, Howrah, West.."
RCF,RAIL COACH FACTORY KXH,NR,"Kapurthala, Punjab, India"
RCGT,RICHUGHUTU,ECR,"Richughutu, Jharkhand, India"
RCJ,RANYAL JASMIYA,WR,"Madhya Pradesh, India"
RCP,RAMACHANDRAPUR,NR,"Rae Bareli, Uttar Pradesh, India"
RCPT,RAMACHANDRAPURAM TS,SCR,"Bharat Heavy Electricals Limited, Hyde.."
RCR,RATAR CHHATTAR,NR,"143604, India"
RCRA,RAMCHAURA H,NER,"RAM CHAURA Rd, Uttar Pradesh, India"
RCTC,RAGHUNATHPUR,ECOR,"State Highway 12, Raghunathpur, Odisha.."
RD,RAM DAYALU NAGAR,ECR,"Shree Ram Group, Dayal Nagar, Arjun Na.."
RDBR,RANDIA BAUDPUR,ECOR,"Baudpur, Odisha, India"
RDD,RIKHABDEV ROAD,NWR,"Rikhabdev Road Railway Station, Rajast.."
RDDE,RATHDHANA,NR,"Rathdhana Station, Haryana 131001, India"
RDE,RUNDHI,NCR,"Rundhi Station, Haryana, India"
RDF,RADHAGAON,SER,"Radhagaon, Jharkhand, India"
RDG,RAYADRUG,SWR,"RDG, Rayadurg, Andhra Pradesh, India"
RDHP,RADHANPUR,WR,"Radhanpur Railway Station, Gujarat, In.."
RDHR,RIDDHAPUR,CR,"Ridhapur, Maharashtra 444704, India"
RDI,KARDI,SWR,"Karadi, Karnataka, India"
RDJ,RANDHEJA,WR,"Randheja Railway Station, Gujarat, India"
RDK,RASHIDPURA KHORI,NWR,"Rajasthan, India"
RDL,RUDAULI,NR,"Faizabad, Uttar Pradesh, India"
RDM,RAMGUNDAM,SCR,"Ramagundam Railway Station, Ramagundam.."
RDN,RUDAIN,NER,"Rudain Railway Station, Uttar Pradesh,.."
RDP,RADHIKAPUR,NFR,"Radhapuram, Tamil Nadu, India"
RDRA,RAMDEVRA,NWR,"Ramdevra, Rajasthan, India"
RDS,RAMDAS,NR,"RamDas, Punjab, India"
RDT,RAVTHA ROAD,WCR,"Ruth Ln, Indio, CA 92201, USA"
RDU,RADHAMOHANPUR,SER,"Radhamohanpur, West Bengal, India"
RDUM,RAMPUR DUMRA,ECR,"Bihar 803301, India"
RDV,RADHA BALAMPUR,NR,"Nasirpur Ghariyare, Uttar Pradesh, India"
RDY,REDDIPALAYAM,SR,"Reddipalayam, Tamil Nadu, India"
RE,REWARI,NWR,"Rewari Railway Station, Rewari, Haryan.."
REAI,REASI,NR,"Chaurakot, Reasi, 182311 J&K State: Ja.."
RECH,RECHNI ROAD,SCR,"Rechni Road Station, Tandur, Andhra Pr.."
REG,REGUPALEM,SCR,"Reddypalem, Andhra Pradesh, India"
REI,RITHI,WCR,"Katni, Madhya Pradesh, India"
REJ,REJINAGAR,ER,"West Bengal, India"
REM,REDDIGUDEM,SCR,"Reddigudem Railway Station, Reddigudem.."
REMA,REMA,ECR,"Jagman Raidih, Jharkhand, India"
REN,REN,NWR,"Ren, Rajasthan, India"
RENH,RENHAT,WCR,"Renhat Railway Station, Ghatigaon, Mad.."
REPI,RANGEPALLI,SWR,"Rangepalle, Andhra Pradesh, India"
RES,RASULL,NR,"Rasul, Haryana, India"
RET,RENTIYA,WR,"Dahod, Gujarat, India"
REWA,REWA,WCR,"State Highway 9, Rewa, Madhya Pradesh,.."
RF,RAFLESHWAR,WR,"Raneshwar, Jharkhand, India"
RFJ,RAFIGANJ,ECR,"Rafiganj, Bihar, India"
RFR,RAFINAGAR F,NER,"Rainagar, West Bengal, India"
RG,RAJGHAT NARORA,NR,"Uttar Pradesh, India"
RGA,RAJAGODA,SER,"East Medinipur, West Bengal, India"
RGB,RAMGANGA,NR,"Bareilly, Uttar Pradesh, India"
RGBP,RANI GAIDINLIU,NFR,"Muktokhal, PIN - 795147, Dist. - Tamen.."
RGD,RAJGIR,ECR,"National Highway 82, Rajgir, Bihar, In.."
RGDA,RAYAGADA,ECOR,"Rayagada Railway Station, Railway Stat.."
RGG,RAGHOGARH,WCR,"Rajgarh, Rajasthan, India"
RGH,RAMGARHWA,ECR,"Navkathwa, Ramgarhwa, Bihar 845433, In.."
RGI,RAMGIRI,SWR,"Ramgiri, Karnataka, India"
RGJ,RAIGANJ,NFR,"Thana Road, Raiganj, West Bengal, India"
RGJI,RANGJULI,NFR,"Rangjuli, Assam, India"
RGL,RENGALI,ECOR,"State Highway 10, Orissa, India"
RGLI,RAGHOULI,NCR,"Madhya Pradesh, India"
RGM,RANGAPURAM,SCR,"Rangapuram, Andhra Pradesh, India"
RGNH,RAGHUNATHGARH,NWR,"10 Gb, Rajasthan 335704, India"
RGO,ROTEGAON,SCR,"Aurangabad, Maharashtra, India"
RGP,RAGHUNATHPALLI,SCR,"Raghunathapally, Andhra Pradesh, India"
RGPM,RAGHAVAPURAM,SCR,"Raghavapuram, Andhra Pradesh, India"
RGQ,RAIGADH ROAD,NWR,"Sabarkatha, Gujarat, India"
RGS,RINGAS JN,NWR,"Ringas, Rajasthan, India"
RGT,RAJGHAT PH,SER,"Baleswar, Odisha, India"
RGU,RAGAUL,NCR,"Maudaha, Uttar Pradesh, India"
RGV,RAGHOPUR,ECR,"Raghopur, Bihar, India"
RGX,RAGHUNATHBARI,SER,"Raghunathpur, West Bengal, India"
RHA,RANAGHAT JN,ER,"Ranaghat, West Bengal, India"
RHBH,RAKESH BAGH HALT,ECR,"Rakesh Bagh Halt, Kubri, Jharkhand 815.."
RHE,RAKHA MINES,SER,"Jharkhand 832102, India"
RHG,RAJGARH,NWR,"Alwar, Rajasthan, India"
RHI,RAKHI,NWR,"Rakhi, Chhattisgarh, India"
RHMA,RAHAMA,ECOR,"State Highway 12, Nathang, Odisha, India"
RHMP,RAHAMATPUR,NFR,"Haria, Bihar, India"
RHN,ROSHANPUR,NER,"Roshanpur, Uttar Pradesh, India"
RHR,RAJHURA,ECR,"Jharkhand 822124, India"
RHU,RAHON,NR,"Rahon, Punjab, India"
RHW,ROHIRA GHALLUGHARA H,NR,"Punjab 148021, India"
RIBP,RAMAKUNDA HALT,ECR,
RIG,RAIGARH,SECR,"Raigarh Railway Station, Raigarh, Chha.."
RIGA,RIGA,ECR,"Riga, Bihar 843327, India"
RIKA,RATIKHEDA,WCR,"Ratikheda, Madhya Pradesh, India"
RIKD,RISHIKUND,ER,"Bihar 811211, India"
RIM,RAJIM,SECR,"Rajim, Chhattisgarh, India"
RIS,RISHRA,ER,"Rishra, West Bengal, India"
RJ,RAWATGANJ F,NER,"Uttar Pradesh, India"
RJA,RAJANAGAR,ECR,"Rajnagar Railway Station, Rajnagar, Bi.."
RJAK,RAJNAGAR K H,NCR,"Rajnagar, Madhya Pradesh, India"
RJAP,RAJAPUR,SCR,"Mahabubnagar, Andhra Pradesh, India"
RJB,RAJABERA,ECR,"Jharkhand 828403, India"
RJC,RAJSITAPUR,WR,"Prathugadh, Gujarat, India"
RJD,RAJ PARDI,WR,"Station Rd, Kanyashala Faliya, Rajpard.."
RJG,RAJGRAM,ER,"SH 7, West Bengal, India"
RJGR,RAJATH GARH,ECOR,"Cuttack, Odisha, India"
RJI,RAJAWARI,NER,"Rajawadi, Mumbai, Maharashtra, India"
RJJN,RAJAJAN HALT,ECR,
RJK,RAJA KA SAHASPR,NR,"Moradabad, Uttar Pradesh, India"
RJL,RAJMAHAL,ER,"National Highway 80, Rajmahal, West Be.."
RJLA,RAJLA,ER,
RJLK,RAJALUKAH,SER,"Budamara, Odisha 757081, India"
RJMP,RAJMALPUR ROAD H,NER,"Jamalpur Rd, Ahmedabad, Gujarat, India"
RJN,RAJ NANDGAON,SECR,"Rajnandgaon, Chhattisgarh, India"
RJO,RAJENDRA PUL,ECR,"Dandekar Pul, Dandekar Pool, Municipal.."
RJP,RAZAMPETA,SCR,"Rajampet, Andhra Pradesh, India"
RJPB,RJNDR NGR BIHAR,ECR,"Rajendra Nagar Railway Station, Rajend.."
RJPM,RAJAPALAYAM,SR,"Rajapalayam, Tamil Nadu, India"
RJQ,RAJENDRANAGAR,WR,"Rajendra Nagar Railway Station, Dhanva.."
RJR,RAJALDESAR,NWR,"Rajaldesar, Rajasthan, India"
RJS,RAJIYASAR,NWR,"Toliyasar Bheruji Ki Gali, Kote Gate, .."
RJT,RAJKOT JN,WR,"Rajkot, Gujarat, India"
RJU,RAJULA CITY,WR,"Rajula, Gujarat, India"
RJW,RAJEVADI,CR,"Rajevadi, Ambale Gaon, Maharashtra, In.."
RJY,RAJAMUNDRY,SCR,"Pedestrian Overpass, Alcot Gardens, Ra.."
RK,ROORKEE,NR,"Roorkee, Uttarakhand, India"
RKB,RAIKA BAGH,NWR,"Raikabag Railway Station, State Highwa.."
RKD,RUKADI,CR,"Valivade, Maharashtra, India"
RKG,RATTOKE GURDWARA H,NR,"143419, India"
RKH,RAKHIYAL,WR,"Rakhiyal Railway Station, State Highwa.."
RKI,RAMKANALI JN,SER,"Purulia, West Bengal, India"
RKJE,RAKHITPUR,ECR,"Gorakhpur, Uttar Pradesh, India"
RKK,RATANGARH KANAKWAL,NWR,"Kanakwal, Haryana, India"
RKL,RAMKOLA,NER,"Ramkola, Uttar Pradesh, India"
RKM,RAJA KI MANDI,NCR,"Pedestrian Overpass, Loha Mandi, Agra,.."
RKMP,RANI KAMLAPATI,WCR,"Habibganj Railway Station, Bhopal, Mad.."
RKN,RATI KA NAGLA,NER,"Mahamaya Nagar, Uttar Pradesh, India"
RKO,RMKRSHNAPRM GTE,SCR,"Ramakrishnapuram, Tambaram, Tamil Nadu.."
RKR,RANIKUND RARAH,WCR,"Ranikund Rarah, Rajasthan, India"
RKS,SARAI RANI,NER,"Rani Jhansi Rd, New Delhi, Delhi"
RKSH,RISHIKESH,NR,"Pauri Garhwal, Uttarakhand, India"
RKSN,RAJKHARSAWAN JN,SER,"Jharkhand 833101, India"
RKX,RUKHI H,NR,"Rukhi, Haryana, India"
RKY,KOTHARIYA,WR,"Kothariya, Gujarat, India"
RKZ,RAJKIAWAS,NWR,"Rajkot, Gujarat, India"
RLA,RAJULA JN,WR,"Amreli, Gujarat, India"
RLD,RANDALA,WR,"Randall St, Portland, ME 04103, USA"
RLE,RAILEY ENGLISH H,ECR,"Dhiwar, Bihar 803213, India"
RLG,RELANGI,SCR,"Market Street, Relangi, Andhra Pradesh.."
RLK,ROHAL KHURD,WCR,"Rohal Khurd Railway Station, Madhya Pr.."
RLL,REGADIPALLI,SCR,"Regadipalli, Andhra Pradesh, India"
RLO,RAYALCHERUVU,SCR,"rayalcheruvu, Andhra Pradesh"
RLP,HARLAPUR,SWR,"Harlapur, Karnataka, India"
RLR,RAILA ROAD,NWR,"Bapu Nagar, Raila, Rajasthan, India"
RLS,ROMANA ALBEL SINGH,NR,"Punjab 151202, India"
RLX,RAMANUJAMPALLI H,SCR,"Damanupalli, Andhra Pradesh, India"
RM,RAJMANE,CR,"Jalgaon, Maharashtra, India"
RMA,RAMGANJ MANDI,WCR,"Rajasthan, India"
RMAR,RAM MANDIR,WR,"Oshiwara, Mumbai, Maharashtra 400102, .."
RMB,RAMPURA BERI,NWR,"Churu, Rajasthan, India"
RMBG,RAMGHAT H,NER,"Manjha Kala, Uttar Pradesh, India"
RMC,RAM CHAURA ROAD,NR,"RAM CHAURA Rd, Uttar Pradesh, India"
RMD,RAMANATHAPURAM,SR,"Ramanathapuram, Tamil Nadu, India"
RMF,RAMNA,ECR,"National Highway 75, Ramna, Jharkhand,.."
RMGJ,RAMGANJ,NR,"State Highway 9, Sultanpur, Uttar Prad.."
RMGM,RAMANAGARAM,SWR,"Ramanagara, Karnataka, India"
RMH,RANGMAHAL,NWR,"Rangmahal, Nagnath Rd, Amreli, Gujarat.."
RMJ,RAMRAJATALA,SER,"Ramraja Tala, Howrah, West Bengal, India"
RMJK,RAM NAGAR J K,NR,"Ramnagar, Dhar Udhampur Road, Jammu & .."
RML,ROMPALLE PH,ECOR,"Vizianagaram, Andhra Pradesh, India"
RMM,RAMESWARAM,SR,"Rameshwaram, Tamil Nadu, India"
RMN,RAMAN,NWR,"Raman, Punjab, India"
RMNP,RAMANNAPET,SCR,"Ramannapeta Railway Station, Ramannape.."
RMNR,RAHMAT NAGAR,NR,"Rahmat Nagar, Burnpur, West Bengal, In.."
RMO,RAMAKONA,SECR,"Ramakona, Madhya Pradesh, India"
RMP,RAHIMATPUR,CR,"Rahimatpur Railway Station, Maharashtr.."
RMPB,RAMPUR BAZAR,NFR,"Baula, West Bengal, India"
RMPH,RAMPAHARI,NCR,"S Rampart, Thanjavur, Tamil Nadu, India"
RMPR,RAMPUR H,ER,"Bihar 811310, India"
RMR,RAMNAGAR,NER,"National Highway 121, Ramnagar, Uttara.."
RMRB,RAMNAGAR BENGAL,SER,"West Bengal, India"
RMSR,RAMSINGHPUR,NWR,"Narsimhapur, Madhya Pradesh, India"
RMT,RAMGARH CANT,SER,"Ramgarh Bus Stand, National Highway 23.."
RMTR,RE MOUNT ROAD,ER,"Re-mount Rd, Remount Rd, Mominpur, Kol.."
RMU,RAMPUR,NR,"Uttar Pradesh, India"
RMV,RAMAVARAPPADU,SCR,"Ramavaram, Chennai, Tamil Nadu, India"
RMW,ROSHAN MAU H,NCR,"Uttar Pradesh, India"
RMX,RAMSAR,NWR,"Ramsar, Rajasthan, India"
RMY,RUKMAPUR,SCR,"Rampur, Uttar Pradesh, India"
RMZ,ROUTHPURAM PH,ECOR,"Srikakulam, Andhra Pradesh, India"
RN,RATNAGIRI,KR,"Ratnagiri, Maharashtra 415639, India"
RNA,ROHANA KALAN,NR,"Rohana Kalan, Uttar Pradesh, India"
RNB,RANPURA,NCR,"Ratanpur, Odisha, India"
RNBD,RANA BORDI,WR,"Porbandar, Gujarat, India"
RNBT,RAHENBATA,ECOR,"Balangir, Orissa, India"
RNC,RANCHI,SER,"Ranchi Railway Station, Lower Chutia, .."
RNE,RANJANI,SCR,"Ranjani, Maharashtra, India"
RNG,RANIGANJ,ER,"Raniganj Railway Station, National Hig.."
RNGG,RANGALITING,NFR,"Mohbondha, Assam, India"
RNGN,RANIGAON,NFR,"NH 53, Lalang Pt IV, Assam 788106, India"
RNGR,RAINAGAR PH,SER,"Rainagar, Rayna, West Bengal 713421, I.."
RNH,RUNKHERA,WR,"Ujjain, Madhya Pradesh, India"
RNI,RANGAPANI,NFR,"SH 12, West Bengal, India"
RNIS,RANOLISHISHU,NWR,"Sikar, Rajasthan, India"
RNJ,RUNIJA,WR,"Runija Railway Station, Runija, Madhya.."
RNJD,RANJANGAON RD,CR,"Ranjangaon S.P. Rd, Waluj, Aurangabad,.."
RNKA,RUNKUTA,NCR,India
RNL,RANALA,WR,"Ranala, Maharashtra, India"
RNN,RAJANKUNTI,SWR,"Tirupattur, Tamil Nadu, India"
RNO,RANOLI,WR,"Ranoli, Rajasthan, India"
RNPR,RUPNARAYANPUR,ER,"Chittaranjan, West Bengal, India"
RNQ,RENUKUT,ECR,"Renukoot, Uttar Pradesh, India"
RNR,RANIBENNUR,SWR,"Ranebennur, Karnataka, India"
RNRD,RANIPUR ROAD,NCR,"Jhansi, Uttar Pradesh, India"
RNT,RANTHAMBHORE,WCR,"Ranthambore National Park, State Highw.."
RNTE,RAMANAND TEWARY H,ECR,"Bhojpur, Bihar, India"
RNTL,RANITAL,SER,"Nainital, Uttarakhand, India"
RNV,RANIWARA,NWR,"State Highway 11, Raniwara, Rajasthan,.."
RNW,RENWAL,NWR,"Kishangarh Renwal, Rajasthan, India"
RNX,RANIPATRA,NFR,"Ranipet, Tamil Nadu, India"
RNY,RANGIYA JN,NFR,"Rangia, Assam, India"
ROA,RUSERA GHAT,ECR,"Rosera, Bihar, India"
ROB,ROBERTSON,SECR,"Chhattisgarh, India"
ROHA,ROHA,CR,"Roha, Maharashtra, India"
ROHN,ROHAD NAGAR,NR,"Haryana 124506, India"
ROI,REOTI,NER,"Shrinagar, Uttar Pradesh, India"
ROK,ROHTAK JN,NR,"Rohtak Junction, Railway Road, Rohtak,.."
ROL,RAJOLI,SECR,"Rajoli, Maharashtra, India"
ROP,RUPSA JN,SER,"OT Road, Odisha, India"
RORA,RORA,NCR,"Rora, Uttar Pradesh, India"
ROS,RAJOSI,NWR,"Rajasthan, India"
ROU,ROURKELA,SER,"Railway Colony Road, Railway Colony, R.."
ROZA,ROZA JN,NR,"Shahjahanpur, Uttar Pradesh, India"
RPAN,RANGAPARA NORTH,NFR,"Rangapara, Assam, India"
RPAP,RATNIPORA HALT,NR,"Ratnipora, Pulwama, Jammu and Kashmir"
RPAR,RUPNAGAR,NR,"Punjab 140001, India"
RPB,RUPASIBARI,NFR,"Ghuttibari, Jharkhand, India"
RPCA,ROMPICHARLA,SCOR,"Rompicharla, PIN - 522617, Dist. - Gun.."
RPD,RUPAUND,SECR,"Madhya Pradesh, India"
RPGU,RASULPUR GOGUMAU,NCR,"Uttar Pradesh, India"
RPH,RAMPUR HAT,ER,"Road, Rampurhat, West Bengal, India"
RPHR,RAIPUR HARYANA,NR,"Raipur, Haryana, India"
RPI,RUPAHELI,NWR,"Rupaheli, Rajasthan, India"
RPJ,RAJPURA JN,NR,"Rajpura, Punjab, India"
RPK,RAVALPALLI KALAN,SCR,"Mubharakpur - Ravulapally Kalan Rd, Ra.."
RPL,REDDIPALLE,SCR,"Reddipalle, Andhra Pradesh, India"
RPLY,RUPAULI,ECR,"Sahoria Subhai, Bihar, India"
RPM,ROYAPURAM,SR,"North Terminus Road, George Town, Chen.."
RPMN,RAMPUR MANIHARAN,NR,"Rampur, Uttar Pradesh, India"
RPO,RAWATPUR,NER,"Rawatpur Railway Station, Rawat Pur, K.."
RPP,RANU PIPRI,WR,"Vadodara, Gujarat, India"
RPR,RAGHUNATHPUR,ECR,"Raghunathpur Railway Station, Raghunat.."
RPRD,RUPRA ROAD,ECOR,"Kalahandi, Odisha, India"
RPRL,RAPARLA H,SCR,"Raparla, Andhra Pradesh, India"
RPSC,RUDRAPUR SIDCUL H,NER,"Haldwani Rudrapur Road, Tanda, Uttarak.."
RPUR,RATANPUR,ER,"Ratanpur, Bihar 811211"
RPV,RAJAPATTI,NER,"Rajapatti, Tamil Nadu, India"
RPWN,RAMBHAWAN H,ECR,"SH 4, Kosiawan, Bihar 803114, India"
RPY,RUPAI,NFR,Rupa
RPZ,RANAPRATAPNAGAR,NWR,"Khempura, Udaipur, Rajasthan, India"
RQJ,RNINGR JLPAIGRI,NFR,"State Highway 12A, Jalpaiguri, West Be.."
RQP,RADHAKISHOREPUR,ECOR,"Radhakishorepur Station, Odisha, India"
RR,RICHHA ROAD,NER,"36 Willowridge Road, Etobicoke, ON M9R.."
RRAL,RURE ASAL H,NR,"Rure Asal, Punjab, India"
RRB,BIRUR JN,SWR,"Birur, Karnataka, India"
RRD,REAY ROAD,CR,"Barrister Nath Pai Marg, Mumbai, Mahar.."
RRE,RAHUL ROAD,ECR,"Station Rd, Kadi Bigha, Bihar 803119, .."
RRGA,RANGAREDDY GUDA,SCR,"Rangareddy Guda, Andhra Pradesh, India"
RRI,RAHURI,CR,"Ahmednagar, Maharashtra, India"
RRJ,RAMARAJU PALLI,SCR,"Ramaraju Palli, Andhra Pradesh, India"
RRL,REWRAL,SECR,"Nagpur, Maharashtra, India"
RRME,RANCHI ROAD,ECR,"Ranchi Road Bus Stop, National Highway.."
RRNH,RAMRUPNAGAR H,ECR,"Samanpur, Bihar, India"
RRP,RAIRANGPUR,SER,"Rairangpur, Odisha, India"
RRS,RAGHURAJ SINGH,NR,"Rae Bareli, Uttar Pradesh, India"
RRU,RAYARU,NCR,"Rayaru Station, Madhya Pradesh, India"
RRW,RORANWALA,NR,"Sharanwala, Rajasthan, India"
RS,RISIA,NER,"Bahraich, Uttar Pradesh, India"
RSA,RISAMA,SECR,"Durg, Chhattisgarh, India"
RSG,RAMSAGAR,SER,"Ramsagar, West Bengal, India"
RSH,RATAN SHAHR,NWR,"Jhunjhunu, Rajasthan, India"
RSI,RAISI,NR,"Haridwar, Uttarakhand, India"
RSJ,RAISERJAGIR,WCR,"Madhya Pradesh, India"
RSKA,RAJSUNAKHALA,ECOR,"Raj Sunakhala Rd, Raja Sunakhala, Odis.."
RSLR,RASULPUR,ER,"Rasulpur, Bihar, India"
RSM,RASMARA,SECR,"Durg, Chhattisgarh, India"
RSMN,RAMGOVINDSINGH MAHULI H,ECR,"Bihar 804453, India"
RSNR,RAI SINGH NAGAR,NWR,"Veer Hakikat Rai Marg, Rudrapur City, .."
RSR,RASRA,NER,"Rasra, Uttar Pradesh, India"
RSWN,RAMESHWAR NAGAR H,ECR,"Lachhnauta, Bihar, India"
RSWT,RMGRH SHEKHWATI,NWR,"Churu, Rajasthan, India"
RSYI,RASAYANI,CR,"Rasayani, Maharashtra, India"
RT,ROHAT,NWR,"Rohat, Rajasthan, India"
RTA,RUTHIYAI,WCR,"State Highway 51, Ruthiyai, Madhya Pra.."
RTB,RAJA TALAB,NER,"Raja Talab, Raipur, Chhattisgarh"
RTBR,RATABARI,NFR,"Natabari, West Bengal, India"
RTG,RANGTONG,NFR,"Rangtong, Hill Cart Rd, West Bengal, I.."
RTGH,RATANGARH JN,NWR,"Ratangarh, Rajasthan 331022, India"
RTGN,RATANGAON,WCR,"Madhya Pradesh, India"
RTI,RAOTI,WR,"Raoti, Madhya Pradesh, India"
RTK,RAMTEK,SECR,"Ramtek, Maharashtra, India"
RTM,RATLAM JN,WR,"Ratlam, Madhya Pradesh, India"
RTMN,RATLAM NEW,WR,"Ratlam, Madhya Pradesh, India"
RTN,RETANG,ECOR,"Retang, Odisha, India"
RTP,RATANPURA,NER,"Mau, Uttar Pradesh, India"
RTR,RAMNATHPUR,NER,"Raghunathpur, West Bengal, India"
RTRA,NEW RAMNATH PUR,NFR,"788162, India"
RTU,RATAN SARAI,NER,"Gopalganj, Bihar, India"
RTWS,RAHATWAS,WCR,"Mudra Kalan, Madhya Pradesh, India"
RTZ,RATONA,WCR,"Sagar, Madhya Pradesh, India"
RU,RENIGUNTA JN,SCR,"Renigunta, Andhra Pradesh, India"
RUB,RASULABAD,NCR,"Uttar Pradesh, India"
RUG,RAJLU GARHI,NR,"National Highway 1, Haryana, India"
RUI,RUKNI,SER,"Rukni, West Bengal 723145, India"
RUJ,RANUJ,WR,"Ranunj, Gujarat, India"
RUKH,RUKHAI HALT,ECR,
RUL,RAULI,ECOR,"Rauli, Punjab, India"
RUM,RUPAMAU,NR,"Uttar Pradesh, India"
RUP,RUPAIGAON,NFR,"Naigaon West, Maharashtra, India"
RUPC,RUDRAPUR CITY,NER,"Subhash Nagar, Rudrapur City, Uttarakh.."
RUR,RANPUR,WR,"Hadmatala, Ranpur, Gujarat, India"
RURA,RURA,NCR,"Rura - Jhinjhak Canal Road, Rura, Utta.."
RUSD,RUNNISAID PUR,ECR,"Morsand, Bihar, India"
RV,RAVER,CR,"Maharashtra, India"
RVD,RAVIKAMPADU,SCR,"Vempadu, Andhra Pradesh, India"
RVG,REVELGANJ GHAT H,NER,"Saran, Bihar, India"
RVK,RAJA BHAT KHAWA,NFR,"Rajabhat Khawa, West Bengal, India"
RVKH,RAVINDRAKHANI,SCR,"Mandamarri, Andhra Pradesh, India"
RVN,RAJIV NAGAR H,ECR,"Rajiv Nagar, Patna, Bihar, India"
RVS,RAVANASAMUDRAM,SR,"Ravanasamudram, Ravanasamudram, Tamil .."
RW,RANKUVA,WR,"kharel-Rankuva Rd, Gujarat, India"
RWA,RAUTARA,NFR,"Rautara, Bihar, India"
RWH,ROWRIAH SDG,NFR,"Rowriah Airport Bldg (JRH), Raraiyah, .."
RWJ,RAWANIA DUNGAR,WCR,"Rawania Dungar Station, Rajasthan, India"
RWL,RAIWALA,NR,"Raiwala, Uttarakhand, India"
RWO,RANAVAV,WR,"Ranavav City Road, Gujarat, India"
RWTB,ROWTA BAGAN,NFR,"Railway Station Road, Assam, India"
RXL,RAXAUL JN,ECR,"National Highway 28A, Raxaul, Bihar, I.."
RXM,ROOMA,NCR,"Via India, 00196 Rome, Italy"
RXN,RAMSAN,NWR,"Ramsan Railway Station, Gujarat, India"
RXR,RANGAPAHAR,NFR,"Rangapur, Andhra Pradesh, India"
RY,RAYAKA,WR,"Gujarat 382460, India"
RYC,RAYAKKOTTAI,SWR,"Periyakottai, Tamil Nadu, India"
RYP,RAYANAPAD,SCR,"Rayanapadu, Andhra Pradesh, India"
RYS,RASURIYA,NR,"Rasuiya Railway Station, Uttar Pradesh.."
RYT,RAYATPURA,NCR,"Rawatpura Lake, Kulpahar, Uttar Pradesh"
RZJ,RAZAGANJ,NER,"Daryaganj, New Delhi, Delhi, India"
RZN,RAUZAGAON,NR,"Nagaon, Assam, India"
S,SHRIRANGAPATNA,SWR,"Srirangapatna, Karnataka, India"
SA,SALEM JN,SR,"Salem Junction, Suramangalam, Salem, T.."
SAA,SATHIAON,NER,"Mau, Uttar Pradesh, India"
SAB,SANTAMAGULUR,SCR,"India, Quilicura, Santiago Metropolita.."
SABD,SALABAD,WCR,"Bharatpur, Rajasthan, India"
SAC,SANICHARA,NCR,"Gwalior, Madhya Pradesh, India"
SACH,SUCHITRA CENTRE HALT,SCR,"Suchitra Circle, PIN - 500015, Secunde.."
SAD,SONADA,NFR,"Sonada, West Bengal, India"
SADP,SAIDAPUR,SCR,"Saidapur Railway Station, Kyathanhalli.."
SAF,SALKHAPUR,NR,"Uttar Pradesh, India"
SAG,SANGRUR,NR,"Sangrur Railway Station, Railway Stati.."
SAGM,SAGMA T,WCR,"Sagma Railway Station, Madhya Pradesh,.."
SAGR,SHRIRAJNAGAR,NR,"Lucknow, Uttar Pradesh, India"
SAH,SAPHALE,WR,"Saphale, Maharashtra, India"
SAHA,SARAHULA H,ECR,"Sarahula Halt, Uttar Pradesh, India"
SAHI,SATHI,ECR,"Sathi, Bihar, India"
SAHL,SAHELI,CR,"Saheli Marg, Udaipur, Rajasthan, India"
SAHP,SAHIJPUR,WR,"Sahajpur, Maharashtra, India"
SAHR,SAHERI H,NER,"Saheri, Punjab, India"
SAHT,SAMHUTA HALT,ECR,"Samhuta Station Rd, Samhuta, Bihar 802.."
SAI,SARAI,ECR,"Vaishali, Bihar, India"
SAJH,SAHJHA H,NFR,"Bihar, India"
SAK,SANKHEDA BAHADURPUR,WR,"Bahadarpur, Gujarat, India"
SAKA,SIMARIYA KAJANWADA,SECR,"Balaghat, Madhya Pradesh, India"
SAKD,SUPRAKANDI,NFR,"Umarpur Pt II, Assam 788713, India"
SAL,SALWA,SECR,"Salwa Lake, Khambhat, Gujarat"
SALE,SALAR,ER,"Salar, West Bengal, India"
SALI,SALI,NWR,"Ajmer, Rajasthan, India"
SALR,SALUR,ECOR,"Salur, Andhra Pradesh, India"
SAMN,SAMNI JN,WR,
SAMT,SALEM MARKET,SR,"Salem Market, Salem Market Railway Sta.."
SAN,SANDILA,NR,"Tiloiya, Sandila, Uttar Pradesh, India"
SANG,SAIRANG,NFR,"Aizawl Mamit Road , Sairang , Dist - A.."
SANH,SANHA H,ECR,"Begusarai, Bihar, India"
SANI,SANKI,ECR,"Chito, Jharkhand, India"
SANK,SANK,NCR,"Morena, Madhya Pradesh, India"
SANR,SARDARNAGAR,NER,"Gorakhpur, Uttar Pradesh, India"
SAO,SAGONI,WCR,"Madhya Pradesh, India"
SAP,SATTENAPALLE,SCR,"Sattenapalle, Andhra Pradesh, India"
SAPD,SANAPADAR HALT,ECOR,"Sanapadar, Krushnasaranpur, Odisha 752.."
SAPE,SAPE WAMNE,KR,"Raigad, Maharashtra, India"
SAPR,SARANGPUR ROAD,WR,"Sarangpur Rd, Sarangpur, Gujarat, India"
SAPT,SUGAPAHARI,ER,
SAR,SHAHZAD NAGAR,NR,"Faizullah Nagar, Uttar Pradesh 244901,.."
SARR,SIDHAUNA RAMPUR,NER,"Sidhauna, Uttar Pradesh 233223, India"
SAS,SHDSPRA PADMPRA,NWR,"Jaipur, Rajasthan, India"
SASG,SASAN GIR,WR,"Railway Station Road, Gir National Par.."
SASN,SAHIBZADA ASNGR,NR,"Sector 57, Mohali, Punjab, India"
SASR,SAUSAR,SECR,"Sausar, Madhya Pradesh, India"
SAT,SANT ROAD,WR,"Panchmahal, Gujarat, India"
SATR,SATAR H,NFR,"Matiari, Bihar 854327, India"
SAU,SANAND,WR,"Gujarat, India"
SAV,SAVDA,CR,"Jalgaon, Maharashtra, India"
SAW,SURIAWAN,NR,"Suriyawan, Uttar Pradesh, India"
SAWN,SOHANSRA,NWR,"Sohansara, Haryana, India"
SAY,SAYAMA,WR,"Anand, Gujarat, India"
SB,SARAI BHOPAT,NCR,"Bhopal Ground, Jamia Millia Islamia, F.."
SBB,SAHIBABAD,NR,"Sahibabad Industrial Area Site 4, Ghaz.."
SBBJ,SRI BALA BRAMARESHWARA JOGULAMBA,SCR,"Bhairapur, Telangana 509128, India"
SBBP,SARDAR BALLABH BHAI PATEL HALT,ECR,"Madhubani, Bihar, India"
SBC,KSR BANGALORE CY JN,SWR,Bangalore City Junction Railway Statio..
SBD,SLEEMANABAD RD,WCR,"Sleemanabad Road Railway Station, Madh.."
SBDP,SABDALPUR JN,ECR,"Sabdalpur, Bihar, India"
SBDR,SONBHADRA,NCR,"Tagore Nagar, Robertsganj, Uttar Prade.."
SBE,SORBHOG JN,NFR,"Assam 781317, India"
SBG,SAHIBGANJ JN,ER,"Sahibganj, Jharkhand, India"
SBGA,SHRAVANBELAGOLA,SWR,"Railway Station Rd, Shravanabelagola, .."
SBGB,SUTEI BADAGAN,SER,"Bighnapur, Ramachandi, Odisha 756056, .."
SBGN,SISIBARGAON,NFR,"Kachari Pathar, Assam 787059, India"
SBGR,SUBHAS GRAM,ER,"Subhashgram, Subhasgram, Kolkata, West.."
SBH,SULEBHAVI,SWR,"Belgaum, Karnataka, India"
SBHN,SHRI BHAVNATH,NWR,"Ora Bara, Rajasthan, India"
SBHR,SUBRAHMANYA ROA,SWR,"Nettana Railway Station, Karnataka, In.."
SBIB,SABARMATI BG,WR,"Ahmedabad, Gujarat, India"
SBJ,SARAI BANJARA,NR,"Sarai Banjara, Punjab, India"
SBK,SHAHBAZ KULI,NER,"Shahbaz Quli, Uttar Pradesh, India"
SBL,SABALGARH,NCR,"Sabalgarh, Madhya Pradesh, India"
SBLJ,SHRI BALAJI,NWR,"Shri Balaji Rd, Nava Naroda, Ahmedabad.."
SBLT,SHRIBDRYA LATHI,NWR,"Lathi, Rajasthan, India"
SBM,SONBARSA KCHERI,ECR,"Sonbarsa Kachahari, Bishunpur, Bihar 8.."
SBNM,SUBARNAMRIGI,ER,"Subarnapur, Odisha, India"
SBNR,SRI VIJAINAGAR,NWR,"Vijaynagar, Rajasthan, India"
SBO,SABAUR,ER,"Bhagalpur, Bihar, India"
SBP,SAMBALPUR,ECOR,"Sambalpur Railway Station, Sambalpur, .."
SBPD,SAMBALPUR ROAD,ECOR,"Sambalpur road Railway station, Sambal.."
SBPS,SAHID BABA PARV HALT,ECR,"Dafal Dih, Bihar 802212, India"
SBPY,SAMBALPUR CITY,ECOR,"Sambalpur, Orissa, India"
SBR,SAMBHAR LAKE,NWR,"Sambhar, Rajasthan, India"
SBRA,SARBAHARA,SECR,"Chhattisgarh, India"
SBRM,SABROOM,NFR,"Paschim Jalefa, Tripura 799145, India"
SBT,SABARMATI JN,WR,"Ahmedabad, Gujarat, India"
SBTJ,SHANIDEV D BISHNATHGANJ,NR,"Pratapgarh, Uttar Pradesh, India"
SBV,S BHAKHTIYARPUR,ECR,"Mal Godown Rd, Simri Bakhtiarpur, Biha.."
SBW,SBEWBABUDIH,SER,"Babudih Kabristan, Jamshedpur, Jharkha.."
SBZ,SISWA BAZAR,NER,"Siswa Bazar, Uttar Pradesh, India"
SC,SECUNDERABAD JN,SCR,"Secunderabad, Regimental Bazaar, Secun.."
SCA,SALCHAPRA,NFR,"Chapra, West Bengal, India"
SCE,SENCHOA JN,NFR,"Assam 782002, India"
SCH,SACHIN,WR,"Sachin Station Road, Sachin, Gujarat, .."
SCI,SANCHI,WCR,"Sanchi Station, Sanchi, Madhya Pradesh.."
SCKR,SALICHAUKA ROAD,WCR,"Salichauka Road Railway Station, Madhy.."
SCL,SILCHAR,NFR,"Tarapur, Silchar, Assam, India"
SCM,SIMHACHALAM,ECOR,"Simhachalam North Railway Station, Vis.."
SCMN,SIMHACHALAM NORTH,ECOR,"Unnamed Road, RRV Puram, Naidu Thota, .."
SCN,SONDHA ROAD,NCR,"Sondha Head - Malko Majra Rd, Malako M.."
SCO,SATUNA,SCR,"Satona, Maharashtra, India"
SCP,SIRNAPALLI H,SCR,"Sattenapalle, Andhra Pradesh, India"
SCPD,SUCHIPIND H,NR,"Suchi Pind, Jalandhar, Punjab, India"
SCPR,SHYAMACHARANPUR PH,ECOR,"Dhenkanal, Orissa, India"
SCQ,SHAM CHAURASI,NR,"Shamchaurasi, Punjab, India"
SCT,SENGOTTAI,SR,"Railway Station Road, Tamil Nadu, India"
SCV,SUKHCHAIN,NWR,"Sukhchain, Haryana, India"
SCY,SACHIWALAYA H,ECR,"Gardanibagh, Patna, Bihar 800001, India"
SD,SIDHAULI,NER,"Sidhauli, Uttar Pradesh, India"
SDAH,SEALDAH,ER,"Kolkata Sealdah Railway Station, Belia.."
SDAM,SUNDHIA MAU,NER,"Uttar Pradesh, India"
SDB,SHAHABAD,CR,"State Highway 125, Shahabad, Karnataka.."
SDBH,SINDRIBLOCK HUT,ECR,"Chasnalla, Jharkhand, India"
SDC,SAIDABAD,NER,"Saidabad, Uttar Pradesh, India"
SDD,SINDHAWADAR,WR,"Sindhabeda, Odisha, India"
SDDN,SIDDHARTH NAGAR,NER,"Siddharth Nagar, Uttar Pradesh, India"
SDE,SADISOPUR,ECR,"State Highway 78, Bihar, India"
SDF,SUDSAR,NWR,"Bikaner, Rajasthan, India"
SDG,SAHADAI BUZURG,ECR,"Desri, Bihar, India"
SDGH,SRI DUNGARGARH,NWR,"Churu, Rajasthan, India"
SDGM,SARDARGRAM,WR,"Ahmedabad, Gujarat, India"
SDH,SARADHNA,NWR,"Ajmer, Rajasthan, India"
SDHA,SIDHARI H,NER,"Sidhari, Azamgarh, Uttar Pradesh, India"
SDHS,SIDHIRSAI,SER,"Jojodih, Jharkhand 831002, India"
SDI,SAGARDIGHI,ER,"Sukher More Bus Stop, National Highway.."
SDL,SHAHDOL,SECR,"Shahdol Railway Station, Shahdol, Madh.."
SDLE,SWADINPUR,ER,"Sawantpur, Maharashtra, India"
SDLK,SUNDLAK,WCR,"Sundlak, Rajasthan, India"
SDLP,SADULPUR JN,NWR,"Sadulpur, Rajasthan, India"
SDM,SURAREDDIPALEM,SCR,"Reddypalem, Andhra Pradesh, India"
SDMD,SUDAMDIH,SER,"Sudamdih Station, sudamdih, Pathardih,.."
SDMK,SIDMUKH,NWR,"Sidmukh Railway Station, Rajasthan, In.."
SDN,SHOLAVANDAN,SR,"Madurai, Tamil Nadu, India"
SDNR,SEYDUNGANALLUR,SR,"Thoothukudi, Tamil Nadu, India"
SDPH,SARDAR PATEL H,ECR,"Bihar - Mokama Road, Hasanpur, Bihar 8.."
SDPR,SARDAR PATEL ROAD,NR,"Central Ridge Reserve Forest, New Delh.."
SDPT,SEDARAMPATTU,SR,"Sedarampattu, Tamil Nadu, India"
SDRA,SUDHRANA,NWR,"Sudhrana, Haryana, India"
SDS,SADULSHAHR,NWR,"Sadul Shahar, Rajasthan, India"
SDT,SADAT,NER,"Sadat, Uttar Pradesh, India"
SDUA,SADURA,NR,"Sadura, Jammu & Kashmir, India"
SDV,SOMIDEVIPALLE,SCR,"Somandepalle, Andhra Pradesh, India"
SDVL,SOLDEVANAHALLI H,SWR,"Sonnenahalli, Kengeri Satellite Town, .."
SDWR,SIDHWAR,ECR,
SDY,SADHOO GARH,NR,"Sadhu Garh, Punjab, India"
SDZ,SINDHAR,NR,"Sindhar, Punjab, India"
SEB,SON NAGAR,ECR,"Son Nagar, Bihar, India"
SED,SHEDBAL,SWR,"Belgaum, Karnataka, India"
SEE,SONPUR JN,ECR,"Sonpur Railway Station, Sonepur, Bihar.."
SEG,SHEGAON,CR,"Shegaon, Maharashtra, India"
SEGM,SEVAGRAM,CR,"Sevagram, Wardha, Maharashtra 442001, .."
SEH,SEHORE,WR,"Sehore Railway Station, Sehore, Madhya.."
SEI,SHENDRI,CR,"Shangri-la, Mulund West, Mumbai, Mahar.."
SEJ,SARKHEJ,WR,"Sarkhej, Ahmedabad, Gujarat, India"
SEL,SANKRAIL,SER,"Sankrail, Howrah, West Bengal 711313, .."
SELU,SELU,SCR,"Sailu, Maharashtra, India"
SEM,SERAM,SCR,"Sedam, Karnataka, India"
SEN,SENAPURA,KR,"Senapura Railway Station, Karnataka, I.."
SEO,SEOHARA,NR,"Seohara, Uttar Pradesh, India"
SEP,SODPUR,ER,"Nilgunj Road, Sodepur Government Housi.."
SEPN,SEPON,NFR,"Sepon Bus Stand, Seopn Rd, Assam, India"
SEPR,SHERPUR,NR,"Sherpur, Punjab, India"
SEQ,SEKHA,NR,"Sekha, Punjab, India"
SER,SAMAYANALLUR,SR,"Samayanallur Railway Station, NH 7, Sa.."
SES,SEMARI,NWR,"Semari Railway Station, Rajasthan, India"
SET,SETTIHALLY,SWR,"Settipalem, Andhra Pradesh, India"
SEU,SENDRA,NWR,"Sendra, Rajasthan, India"
SEV,SITHALAVAI,SR,"Krishnarayapuram, Nagappattinam - Tric.."
SEW,SEHAL H,NER,"Sehal Railway Station, Uttar Pradesh 2.."
SEX,SERONI ROAD,NCR,"Flamingo Serene, Boyalahalli Village, .."
SEY,SEONI,SECR,"Seoni, Madhya Pradesh, India"
SF,SETTIGUNTA,SCR,"Settigunta, Andhra Pradesh, India"
SFA,SUNEHRA,NR,"Sunera, Madhya Pradesh, India"
SFC,SAINTALA,ECOR,"Saintala, Orissa, India"
SFDE,SAFIDON,NR,"Safidon, Haryana, India"
SFE,SANODIYA,NWR,"Sandy Ct, Indio, CA 92201, USA"
SFG,SUBEDARGANJ,NCR,"Raja Jagmal Ka Hata, Subedarganj, Rail.."
SFH,SAFEDABAD,NR,India
SFK,SIKIR,ECOR,"Balangir, Orissa, India"
SFM,SUNAM,NR,"Sunam, Punjab, India"
SFMU,SUNAM UDHAM SINGH,NR,"Balmiki Basti, Sunam, Punjab 148028, I.."
SFNR,SAIFEE NAGAR H,WR,"Saifee Nagar Railway Station, Nandanva.."
SFPR,SAFIPUR,NR,"Safipur, Uttar Pradesh, India"
SFR,SAFRAI,NFR,"Lion Safari, Kishanbagh, Hyderabad, An.."
SFW,SARANGPUR,WCR,"Sarangpur, Madhya Pradesh, India"
SFX,SAFILGUDA,SCR,"Safilguda Bus stop, Malkajgiri, Secund.."
SFY,SHAJAPUR,WCR,"Shajapur, Madhya Pradesh, India"
SFZ,SINDURIA KACHARI,WCR,India
SG,SHAHGARH,NER,"Shahgarh, Madhya Pradesh, India"
SGA,SHERGARH,NWR,"Shergarh, Uttar Pradesh, India"
SGAC,SOGARIA,WCR,"Mahaveer Colony, Railway Station Area,.."
SGAM,SAREIGRAM,WCR,"Sarai, Madhya Pradesh 486886, India"
SGBA,SIR GURUDASS BANERJEE H,ER,"Narkeldanga Main Rd, Phool Bagan, Bele.."
SGBJ,SURGAON BANJARI,WCR,"Sunshine Hospital, Ramgopalpet, Secund.."
SGC,SAONGI,SECR,"Balaghat, Madhya Pradesh, India"
SGD,SONGADH,WR,"Bhavnagar, Gujarat, India"
SGDM,SIGADAM,ECOR,"Sigadam, Andhra Pradesh, India"
SGDN,SANGALDAN,NR,"Sangaldan, Forest Block, 182144"
SGDP,SAGADAPATA,ECOR,"Sagadapata, Harichandanpur-Telkoi Rese.."
SGE,SANKARIDURG,SR,"Sankaridurg, Tamil Nadu 637 302, India"
SGF,SANGAT,NWR,"Sangat, Punjab, India"
SGG,SULTANGANJ,ER,"Sultanganj, Bihar, India"
SGJ,SAFDARGANJ,NR,"Barabanki, Uttar Pradesh, India"
SGKM,SRUNGAVRUKSHAM,SCR,"Srungavruksham, Andhra Pradesh, India"
SGL,SAGAULI JN,ECR,"Sugauli, Bihar, India"
SGLA,SANGOLA,CR,"Solapur, Maharashtra, India"
SGLM,SENGULAM,SR,"Sengulam, Tamil Nadu, India"
SGM,SOLAGAMPATTI,SR,"Solagampatti, Tamil Nadu, India"
SGND,SHRIGONDA ROAD,CR,"Shrigonda Road Railway Station, Mahara.."
SGNL,SANGANAL,SWR,"Sanganahala, Karnataka, India"
SGNR,SHRI GANGANAGAR,NWR,"Sri Ganganagar Junction, Sri Ganganaga.."
SGO,SAUGOR,WCR,"Sagar Cantt., Sagar, Madhya Pradesh, I.."
SGP,SOHAGPUR,WCR,"Sohagpur, Madhya Pradesh, India"
SGPA,SUGAPAHARI HALT,ER,
SGR,SANGMESHWAR,KR,"Sangameshwar, Maharashtra, India"
SGRA,SANGARIA,NWR,"Sangariya Railway Station, Sangariya, .."
SGRD,SARAGAON ROAD,SECR,"Janjgir-Champa, Chhattisgarh, India"
SGRE,SULGARE,CR,"Maharashtra, India"
SGRL,SINGRAULI,ECR,"Singrauli, Madhya Pradesh, India"
SGRM,SINGARAM,ECOR,"Singaram, Andhra Pradesh, India"
SGRP,SINGHIRAMPUR H,NER,"Singapur, Karnataka, India"
SGRR,SANGAR,NR,"Sangar, Jammu and Kashmir"
SGS,SHOGHI,NR,"Shimla, Himachal Pradesh, India"
SGUD,SILIGURI,NFR,"Siliguri Junction, Hill Cart Road, Sil.."
SGUJ,SILIGURI JN,NFR,"Siliguri Junction, Hill Cart Road, Sil.."
SGUT,SILIGURU TOWN,NFR,"Siliguri, West Bengal, India"
SGV,SARAGCHNI,ER,"Sargachhi, West Bengal, India"
SGW,SINGWAL,NWR,"Ajmer, Rajasthan, India"
SGYW,SINGRIYAWAN H,ECR,"SH 4, Bihar 803201, India"
SGZ,SHAMGARH,WCR,"Shamgarh, Madhya Pradesh, India"
SHAD,SHAHAD,CR,"Shahad, Ulhasnagar, Maharashtra, India"
SHAN,SRINIVASA NAGAR H,SCR,"Srinivasa Nagar, Proddutur, Andhra Pra.."
SHBA,SAHEBTALA H,ER,"Sahebtala, West Bengal, India"
SHBC,SIBAICHANDI,ER,"Sibaichandi, West Bengal"
SHBL,SHIBLUN H,ER,"Ambalgram, West Bengal 713140, India"
SHC,SAHARSA JN,ECR,"Saharsa, Bihar, India"
SHDM,SHAHBAD MARKNDA,NR,"Shahabad Markanda, Haryana, India"
SHDR,SHADHORAGAON,WCR,"Ashoknagar, Madhya Pradesh, India"
SHE,SEORAPHULI,ER,"Seoraphuli, Serampore, Baidyabati, Wes.."
SHEO,SHISHO H,ECR,"Shisho Deeh, Bihar, India"
SHER,SHER H,NER,"Bihar 841407, India"
SHF,SHIRUD,CR,"Shirud, Maharashtra, India"
SHG,SHAHGANJ JN,NR,"Shahganj Jn, Nawab Yousuf Rd, Shahganj.."
SHGN,SHRI GHASI NAGAR,NCR,"Dausa, Rajasthan, India"
SHH,SHAPUR JN,WR,"Junagadh, Gujarat, India"
SHHT,SINGHAUL HALT,ECR,
SHI,SINGANALLUR,SR,"Singanallur, Tamil Nadu, India"
SHIH,SARHARI HALT,NER,"Paterha - Bhagwanpur Rd, Sadiha, Bihar.."
SHIT,SALHAITOLA,SECR,"Dondi, Chhattisgarh 491228, India"
SHIV,SHINDAWANE,CR,"Shindewadi, Maharashtra, India"
SHJ,SAHASPUR ROAD PH,SER,"Bankura, West Bengal, India"
SHJP,SAHAJIPUR H,NR,"Uttar Pradesh, India"
SHK,SHEIKHPURA JN,ECR,"Sheikhpura, Bihar, India"
SHKL,SHANKRUL PH,SER,"Bankura, West Bengal, India"
SHKY,SAHARSA KACHERI H,ECR,"Saharsa, Bihar, India"
SHLK,SHOLAKA,NCR,"Sholaka Station, Haryana, India"
SHLT,SHALASHAH THANA,NWR,"Thane, Maharashtra, India"
SHLU,SHELU,CR,"Raigad, Maharashtra, India"
SHLV,SELAVI,WR,"Gorad Bus Stop, State Highway 216, Guj.."
SHM,SHALIMAR,SER,"Shalimar Railway Freight Yard, Shalima.."
SHMI,SHIROOR,KR,"Shirur, Maharashtra, India"
SHMR,SHYAMSUNDAR PH,SER,"Bardhaman, West Bengal, India"
SHN,SUCHAN KOTLI,NWR,"Jodhka Road, Suchan, Haryana, India"
SHNG,SHIVNAGAR,NR,India
SHNR,SHADNAGAR,SCR,"Bangalore-Hyderabad Highway, Andhra Pr.."
SHNX,SHEO SINGH PURA,NWR,"Begus - Kalwar Road, Rajasthan, India"
SHR,SIHORA ROAD,WCR,"Jabalpur, Madhya Pradesh, India"
SHRG,SHRI RAMGARH,NWR,"MDR 103, Rajasthan, India"
SHRM,SHARMA H,NR,"Hardoi, Uttar Pradesh, India"
SHRN,SANT HIRDARAM NAGAR,WCR,"Hemu Kalani, Bairagarh, Bhopal, Madhya.."
SHSK,SAHARSRAKUND,SCR,"Nanded, Maharashtra, India"
SHT,SAHARI H,ECR,"Barh-Sahari-Sarmera Rd, Sahari Village.."
SHTS,SAMBAHAL HATIM SARAI,NR,"Sambhal, Uttar Pradesh, India"
SHTT,SILGHAT TOWN,NFR,"Silghat, Assam, India"
SHU,SHOLINGHUR,SR,"Banavarm, Tamil Nadu, India"
SHV,SHIVANI,SWR,"Chitradurga, Karnataka, India"
SHW,SAMHON,NCR,"Etawah, Uttar Pradesh, India"
SHWL,SAHUWALA,NWR,"Sahuwala, Haryana, India"
SHX,SHUKARULLAHPUR H,NER,"Shakrullapur, Punjab, India"
SHYP,SAKHARAYAPATNA,SWR,
SHZ,SUMMER HILL,NR,"Boileauganj, Shimla, Himachal Pradesh,.."
SI,SONAILI,NFR,"Sonai, Maharashtra, India"
SIA,SHIVALAKHA,WR,"Shivalik, New Delhi, Delhi, India"
SIBR,SHRIBAR,NFR,"Lalang Pt I, Assam, India"
SIC,SONIK,NR,"Uttar Pradesh, India"
SICY,SAHEED ISHWAR CHOWDHARY H,ECR,"Gaya, Bihar, India"
SID,SIDDHPUR,WR,"Siddhpur, Gujarat, India"
SIDG,SIDDAPUR GRAMA,SWR,"Bargur Road, Siddapur, PIN - 583282, D.."
SIE,SIDDAMPALLI,SCR,"Minnampalli, Tamil Nadu, India"
SIF,SIRLI,SCR,"Sirli, Maharashtra, India"
SIGA,SHANTIGRAMA,SWR,"Shanti Grama, Karnataka 573220, India"
SIHI,SHIHORI,WR,"Umbri, Gujarat 385550, India"
SIHO,SIHO,ECR,"Siho Railway Station, Siho, Bihar, India"
SIHT,SAMELI HALT,ECR,"Basuhar, Bihar, India"
SII,SITIMANI,SWR,"Sitimani Station, Karnataka, India"
SIJU,SIJU,ECOR,"Siju, Dist- Jagatsinghpur, PIN - 75414.."
SIKD,SIKRODA KWANRI,NCR,"Morena, Madhya Pradesh, India"
SIKI,SULIKERI,SWR,"Karnataka 587205, India"
SIKR,SIKAR JN,NWR,"Sikar Railway Station, Sikar, Rajastha.."
SIL,SAKHI GOPAL,ECOR,"Sakhigopal, Odisha, India"
SILO,SILAO,ECR,"Silao Railway Station, Bihar, India"
SILR,SILARI,NWR,"Solari Hill, Odisha"
SIM,SHRI AMIRGADH,NWR,"Banaskantha, Gujarat, India"
SIMR,SRIRAMPUR P.H.,SER,"Mathuraberia, West Bengal 722207, India"
SIN,SION,CR,"Sion, Lal Bahadur Shastri Rd, Chuna Bh.."
SINA,SRINAGAR (JK),NR,"Bagati Kanipora, Srinagar, Jammu and K.."
SINI,SINI JN,SER,"Sini Junction Railway Station, Sini, J.."
SINR,SINOR,WR,"Sinor, Gujarat, India"
SIOB,SAMAKHIALI B G,WR,"Gujarat, India"
SIP,SURAIMANPUR,NER,"Uttar Pradesh, India"
SIPA,SINGHPOKHARIA,SER,"Singhpur, Odisha, India"
SIPI,SAIFAI,NCR,"Saifai, SH 83, Uttar Pradesh 206130, I.."
SIPR,SIHAPAR,NER,"Shapur, Gujarat, India"
SIPT,SIDDIPET,SCR,"Shankar Nagar Lane 2, Siddipet State: .."
SIQ,SARKONI,NR,"Jaunpur, Uttar Pradesh, India"
SIR,SIRHIND JN,NR,"Sirhind, Punjab, India"
SIRA,SIRHI ITARA,NCR,"Sirhi Itara, Uttar Pradesh, India"
SIRD,SIRD,NWR,"Sird, Rajasthan, India"
SISN,SISAUNA,NR,"Govt Inter Collge, Uttarakhand, India"
SIU,SINGUR,ER,"Singur, West Bengal, India"
SIVN,SIVNAR H,ECR,"Sheonar, Bihar 803302, India"
SIW,SHIRRAVDE,CR,"Satara, Maharashtra, India"
SIY,SIRRI,SECR,"Sirri, Chhattisgarh, India"
SIZ,SHRIKHANDA,ER,"Srikhanda, West Bengal 713130, India"
SJA,SIJUA,ECR,"Jharkhand, India"
SJDA,SANJUJA DA AREYAL H,SWR,"Dicarpale, Goa, India"
SJDR,SRI JHADESWAR PH,ECOR,"Jajpur, Odisha, India"
SJER,SANJARPUR H,NER,"Sanjarpur, Uttar Pradesh, India"
SJF,SAJANVAR ROAD,WR,"Amreli, Gujarat, India"
SJGH,SARAI JAGDISH H,NER,"Sarai Mosque, Dasna Gate, Ghaziabad, U.."
SJGM,SANJOY GRAM,NFR,"Kanaila, Bihar 854317, India"
SJHG,SHAHEED JITENDRA HALT,ECR,"Gopalpur, Bihar, India"
SJJ,SANJHA H,ER,"Shampur, Bihar 813107, India"
SJKL,SURJAKAMAL,NFR,"Uttar Dinajpur, West Bengal, India"
SJL,SGM JAGARLAMUDI,SCR,"Garuvu Palem, High School Road, Andhra.."
SJM,SAJUMA,NR,"Sajuma, Punjab, India"
SJMA,SANJAMALA,SCR,"Andhra Pradesh 518134, India"
SJN,SANJAN,WR,"Sanjan, Gujarat, India"
SJNP,SUJANPUR,NR,"Sujanpur, Jammu & Kashmir, India"
SJP,SHUJALPUR,WR,"Shujalpur Railway Station, Shujalpur, .."
SJPA,SUJALPUR P H,SER,"Sujapur, West Bengal, India"
SJPM,SUJATAPURAM H,SWR,"Sankarapuram, Tamil Nadu, India"
SJPR,SURJYAPUR F,ER,"Suriyapur, Baruipur-Kulpi Rd, West Ben.."
SJQ,SURAJPUR ROAD,SECR,"Surguja, Chhattisgarh, India"
SJRR,SAJERPAR,NFR,"Sagarpur, Bihar, India"
SJS,SHAMLAJI ROAD,NWR,"Gadhda Shamlaji Rd, Gujarat, India"
SJSM,SALEMGARHMASANI,NWR,"Hanumangarh, Rajasthan, India"
SJT,SHUJAATPUR,NCR,"Shujaatpur Railway Station, Shujaatpur.."
SJV,SAJHAULI H,ECR,"Sanjhauli Halt, Sanjhauli Railway Stat.."
SJVP,SANJIVAIH PARK,SCR,"Sanjivani Park, Rourkela, Odisha, India"
SK,SAKHUN,NWR,"Sakhun, Rajasthan, India"
SKA,SIKANDRA RAO,NER,"Mahamaya Nagar, Uttar Pradesh, India"
SKAP,S K PARA,NFR,"Para, West Bengal, India"
SKAR,SAKARIYA,WCR,"Birhuli, Madhya Pradesh, India"
SKB,SHIKOHABAD JN,NCR,"Shikohabad Railway Station, MDR 77W, S.."
SKBR,SHANKARPUR BHADAURA,WCR,"Shankarpur, Madhya Pradesh 486669, India"
SKDM,SIKRODA MINA,WCR,"Karauli, Rajasthan, India"
SKEN,SUKHSHENA H,ECR,"Sukhshanti Appartment, 100 ft ring Rd,.."
SKF,SAKHOTI TANDA,NR,"Meerut, Uttar Pradesh, India"
SKG,SAKTIGARH,ER,"Saktigarh, West Bengal, India"
SKGH,SAKTESGARH,NCR,"Uttar Pradesh, India"
SKHK,SUKHASAN KOTHI H,ECR,"Purnia, Bihar, India"
SKHV,SUKHOVI,NFR,"Unnamed Road, Sukhovi, Dist - Dimapur .."
SKI,SAKRI JN,ECR,"State Highway 56, Sakri, Bihar, India"
SKIP,SIKARIPARA,ER,"Ambajora, Jharkhand 816118, India"
SKJ,SAHIBPUR KML JN,ECR,"National Highway 31, Bihar, India"
SKJS,SHRI KRISHNA JANAM ASTHAN,NCR,Antim Kevali Digamber Jain Mandir sri ..
SKK,SIKKAL,SR,"Ponveli, Tamil Nadu, India"
SKKE,SEKERKOTE,NFR,"Sekerkote, Tripura 799130, India"
SKL,SINGAPERUMALKOIL,SR,"Singaperumalkoil, Tamil Nadu, India"
SKLI,SUKLI,SECR,"Sukli, Maharashtra, India"
SKLP,SHANKERPUR H,NER,"Shankerpur, Rajasthan, India"
SKLR,SAKLESHPUR,SWR,"Sakleshpur, Karnataka, India"
SKM,SINGARAYAKONDA,SCR,"Prakasam, Andhra Pradesh, India"
SKN,SRIKRISHN NAGAR,NR,"Uttar Pradesh, India"
SKND,SUKINDA ROAD,ECOR,"Sukinda Road (SKND), State Highway 20,.."
SKNP,SARKANPUR,NCR,"Shyampura, Madhya Pradesh 472115, India"
SKNR,SHAKARNAGAR,SCR,"Shankarnagar, Andhra Pradesh, India"
SKP,SHANKARPALLI,SCR,"Shankarpalli, Andhra Pradesh, India"
SKPA,SHRIKALYANPURA,WCR,"Digod, Rajasthan, India"
SKPI,SIKARPAI,ECOR,"Sikar, Rajasthan, India"
SKPR,SIKKARPUR HALT,SECR,"Shikarpur, Madhya Pradesh 480001, India"
SKPT,SOMANAYAKKANPTI,SWR,"Somanayakkanpti Station, Tamil Nadu, I.."
SKQ,SIKANDARPUR,NCR,"Sikandarpur, Uttar Pradesh, India"
SKR,SAKHPUR,WR,"Porbandar, Gujarat, India"
SKRI,SIKARIA H,ECR,"Bihar, India"
SKS,SALEKASA,SECR,"Salekasa, Maharashtra, India"
SKSO,SIKOSA,SECR,"Sikosa, Chhattisgarh, India"
SKT,SAKTI,SECR,"Sakti Railway Station, Sakti, Chhattis.."
SKTN,SHAKTI NAGAR,ECR,"NH 75, Shakti Nagar, Madhya Pradesh, I.."
SKU,SIKRODA,NCR,"Sikroda, Madhya Pradesh, India"
SKVL,SANKVAL,SWR,"403726, India"
SKW,SHEIKHUPUR,NER,"Sheikhupur, Punjab, India"
SKX,SARKARA,NER,"Sarkara, Uttar Pradesh, India"
SKY,SHIKARA,SECR,"Seoni, Madhya Pradesh, India"
SKZR,SIRPUR KAGAZNGR,SCR,"Sirpur-Kaghaznagar Railway Station, Ka.."
SL,SURATHKAL,KR,"Krishnapura Cross Bus Stop, State High.."
SLB,SALBONI,SER,"Salbani, West Bengal, India"
SLBN,SALAI BANWA,ECR,"Panari, Uttar Pradesh, India"
SLD,SAKALDIHA,ECR,"Chandauli, Uttar Pradesh, India"
SLF,SILLI,SER,"Silli, Jharkhand, India"
SLG,SIMLAGARH,ER,"Simlagarh, West Bengal, India"
SLGE,SULERJAVALGE,SWR,"Sulerjavalge, Maharashtra, India"
SLGH,SHELGOAN H,SCR,"Nanded, Maharashtra, India"
SLGR,SIMALUGURI JN,NFR,"Simaluguri, Assam, India"
SLH,SILIARI,SECR,"Pathari - Boharhi, Chhattisgarh, India"
SLHA,SALHANA,WCR,"Madhya Pradesh, India"
SLHI,SHILHAURI HALT,NER,"Marhaura - Nethua Road, Lerua, Bihar 8.."
SLHP,SULAH HMCHL PDH,NR,"Sulah Himachal Pradesh, Himachal Prade.."
SLI,SANGLI,CR,"Sangli, Maharashtra, India"
SLIA,SALAIA,ECR,"Koritola, Pachamba, Giridih, Jharkhand.."
SLJ,SAKRIGALI JN,ER,"816115, India"
SLJR,SALGAJHARI,SER,"Salgajhari, Parsudih, Jamshedpur, Jhar.."
SLKN,SANDAL KALAN,NR,"National Highway 1, Larsouli, Haryana,.."
SLKR,SALKAROAD,SECR,"Bilaspur, Chhattisgarh, India"
SLKX,SALAKATI,NFR,"Salakati, Assam, India"
SLM,SOMALAPURAM,SWR,"Andhra Pradesh, India"
SLN,SULTANPUR,NR,"Sultanpur Railway Station, Sultanpur, .."
SLNA,SALAUNA,ECR,"Salauna, Bihar 848201, India"
SLNG,SULTANPUR GRAM,ECR,
SLNK,TAJ SULTANPUR,CR,"Taj Sultanpur, Karnataka 585104, India"
SLO,SAMALKOT JN,SCR,"Nimmathota, Samarlakota, Andhra Prades.."
SLON,SALONA,NFR,"Salona Assam, Salona, Assam 782101"
SLOR,SELOO ROAD,CR,"Seloo Rd, Maharashtra, India"
SLP,SALPA,CR,"Salpare Pl, Indio, CA 92203, USA"
SLR,SALOGRA,NR,"Salogra, Himachal Pradesh, India"
SLRA,SARLA ROAD,ECOR,"Pardhiapali, Odisha, India"
SLRD,SURLA ROAD,ECOR,"Surla Road Station, Andhra Pradesh, In.."
SLRP,SALARPUR,NR,"Salarpur, Uttar Pradesh, India"
SLS,SALANPUR,ER,"Bardhaman, West Bengal, India"
SLT,SILAUT,ECR,"Silaut Railway Station, 1, Silaut, Bih.."
SLTH,SILLAKKUDI,SR,"Sillakkudi, Tamil Nadu, India"
SLU,SASALU,SWR,"Sasalu, Karnataka, India"
SLV,SANDALPUR,NCR,"Badori, Madhya Pradesh 475001, India"
SLW,SOHWAL,NR,"Sohawal, Uttar Pradesh, India"
SLWR,SILAWAR,NR,"Silawar, Uttar Pradesh 247776, India"
SLX,SELENGHAT,NFR,"Baisahabi Grant, Assam 785636, India"
SLY,SAMALPATTI,SR,"Samalpatti, Tamil Nadu, India"
SLZ,SOLARI,ECOR,"Solari Hill, Odisha"
SM,SAMSI,NFR,"Samsi, West Bengal, India"
SMAE,SAMUDRAGARH,ER,"State Highway 6, Samudragarh, West Ben.."
SMAP,SHAMNAPUR,SCR,"Shamnapur, Dist. - Medak State: Telang.."
SMBH,SALIMPUR BIHAR,ECR,"Salimpur Station Rd, Salimpur, Bihar 8.."
SMBL,SIMBHOOLI,NR,"Uttar Pradesh, India"
SMBR,SUMBER,NR,"Sumber, District Ramban 182144"
SMBX,SAMBA,NR,Samba
SMC,SAMNAPUR,SECR,"Chota Bada, Samnapur, Madhya Pradesh 4.."
SMCK,SHYAM CHAK,SER,"National Highway 6, West Bengal, India"
SMCP,SIMEN CHAPARI,NFR,"Simen Chapori, Assam, India"
SMD,CHARANMAHADEVI,SR,"Railway Station road, Cheranmahadevi, .."
SMDM,SAMUDRAM,SR,"Ambasamudram, Tamil Nadu, India"
SMDP,SHAHABAD MUHAMMADPUR H,NR,"Shahabad Muhammadpur, Dwarka, New Delh.."
SMDT,SEMMANDAPPATTI,SWR,"Oddappatti, Tamil Nadu, India"
SME,SHIMOGA,SWR,"Shimoga, Karnataka, India"
SMET,SHIMOGA TOWN,SWR,"Shimoga Railway Station, Shimoga, Karn.."
SMF,SAMAR GOPALPUR,NR,"Samar Gopalpur, Haryana, India"
SMGR,SAMAGURI,NFR,"Samaguri, Assam, India"
SMH,SIMRAHA,NFR,"Simraha, Bihar, India"
SMI,SITAMARHI,ECR,"Main Road, Sitamarhi, Bihar, India"
SMK,SAMALKHA,NR,"Samalkha Railway Station, Samalkha, Ha.."
SMKR,SHAM KAURIA F,NER,"Goha Rd, Gohan, Bihar 841418, India"
SMKT,SOMAN KATTI,SWR,"Unnamed Road, Karnataka 582209, India"
SML,SHIMLA,NR,"Shimla, Himachal Pradesh, India"
SMLA,SAMLAYA JN,WR,"Samlaya Jn, State Highway 63, Gujarat,.."
SMLG,SHIMILIAGUDA,ECOR,"Semiliguda, Odisha, India"
SMLT,SAMLOTI,NR,"Samloti Railway Station, National High.."
SMM,SALIYAMANGALAM,SR,"Sathyamangalam, Tamil Nadu, India"
SMND,SARMATANR,ECR,"Jharkhand 825109, India"
SMNE,SOMTANE,CR,"Maharashtra 410221, India"
SMNH,SOMNATH,WR,"Somnath, Gujarat, India"
SMNN,SHRI MAKRI NATH NAGAR,NWR,"Rajasthan, India"
SMO,SEMAPUR,ECR,"Semapur Railway Station, Semapur, Biha.."
SMP,SHAMBHUPURA,WR,"Shambhupura, Rajasthan, India"
SMPA,SHYAMPURI,WCR,"Shyampur, West Bengal, India"
SMPR,SHRI MADHOPUR,NWR,"Sri Madhopur, Rajasthan, India"
SMQL,SHAMLI,NR,"Shamli, Uttar Pradesh, India"
SMR,SAMDHARI JN,NWR,"Barmer, Rajasthan, India"
SMRL,SAMARALA,NR,"NH1 - Samrala Rd, Punjab 141114, India"
SMRR,SUMRERI,WCR,"Sagar, Madhya Pradesh, India"
SMSR,SAMASWARA,SECR,"Someshwara Wildlife Sanctuary, Karnata.."
SMT,SALAMATPUR,WCR,"Salamatpur, Punjab, India"
SMTA,SAMUKTALA ROAD,NFR,"Samuktala Rd, Uttar Majid Khana, West .."
SMTG,SAHID MATANGINI,SER,"East Medinipur, West Bengal, India"
SMTL,SIMARIATAL,NCR,"Gwalior, Madhya Pradesh, India"
SMU,SAMBHU,NR,"Sambhu Chatterjee St, Baithakkhana, Ko.."
SMV,SUMAOLI,NCR,"Sumaoli, Madhya Pradesh, India"
SMVB,SMVT BENGALURU,SWR,"Baiyappanahalli Rd, Sathya Nagar, Benn.."
SMVJ,SHRI MAHAVEERJI,WCR,"Karauli, Rajasthan, India"
SMWA,SOMESHWARA,SWR,"Someshwara Wildlife Sanctuary, Karnata.."
SMX,SIMURALI,ER,"Simurali, 47-T Rail Gate, Chakdaha, We.."
SMZ,SARAI MIR,NER,"Sarai Mir, Uttar Pradesh, India"
SN,SUKNA,NFR,"4009, Na San, Ban Na San, Surat Thani .."
SNA,SADANAPURA,WR,"Sadhnapuri, Patna, Bihar, India"
SNAD,SANIYAD,WR,"Saniyad, Gujarat, India"
SNAP,SONA ARJUNPUR,NR,"Sona Arjunpur, Uttar Pradesh, India"
SNAR,SRINAGAR,WCR,"Rajasthan, India"
SNB,SATNAUR BADESRON,NR,"Punjab 144528, India"
SNBD,SUNDERABAD,WR,"Secunderabad, Andhra Pradesh, India"
SNBR,SONUABARY,NFR,"Chunuabari Pathar, Assam, India"
SNC,S NARAYAN CHPLA,NER,"Maskanwa, Uttar Pradesh, India"
SNCA,SINGRA,NFR,"Singra, Assam, India"
SNCR,SANPADA,CR,"Sanpada, Navi Mumbai, Maharashtra, India"
SND,SONDIMRA,SER,"829110, India"
SNDD,SINDHUDURG,KR,"Sindhudurg Railway Station, Oros, Maha.."
SNDI,SENDURAI,SR,"Madurai, Tamil Nadu, India"
SNDT,SINDRI TOWN,ECR,"Sindri, Jharkhand, India"
SNDY,SANDAI H,NER,"Sandiya, Madhya Pradesh, India"
SNE,SHENOLI,CR,"Shenoli Station, Maharashtra, India"
SNF,SANAT NAGAR,SCR,"Sanath Nagar, Hyderabad, Andhra Prades.."
SNGN,SANGANER,NWR,"State Highway 12, Sanganer, Jaipur, Ra.."
SNGP,SINGHPUR,SECR,"Shahdol, Madhya Pradesh, India"
SNGR,SANGANAPUR,SCR,"Singapur, Karnataka, India"
SNH,SAUNSHI,SWR,"Saunshi, Karnataka, India"
SNHR,SANKHARI,WR,"Patan, Gujarat, India"
SNHT,SANHATI H,ER,"Sanhati, West Bengal, India"
SNI,SINDI,CR,"Sindi, Maharashtra, India"
SNIE,SATH NARAINI,NCR,"Narayani, Jharkhand, India"
SNK,SINDKHEDA,WR,"Sindkheda, Maharashtra, India"
SNKB,SONKHAMB,CR,"Nagpur, Maharashtra, India"
SNKE,SUNEHTI KHARKHARI H,NR,"Saharanpur, Uttar Pradesh, India"
SNKG,SANKARA GUMMANUR H,SCR,"Gummanur, Andhra Pradesh, India"
SNKL,SANKARANKOVIL,SR,"Sankarankovil, Tamil Nadu, India"
SNKR,SANKA,SER,"Sanka, West Bengal 723121, India"
SNKX,SANKRA H,SECR,"NH30, Sankra, Chhattisgarh 493770, India"
SNL,SANAHWAL,NR,"Ludhiana, Punjab 141016, India"
SNLR,SANTALPUR,WR,"Santalpur, Gujarat, India"
SNM,SITANAGARAM,ECOR,"Vizianagaram, Andhra Pradesh, India"
SNMY,SINDRI MARSHALLING YARD,ECR,"Jharkhand 828120, India"
SNN,SONEGAON,CR,"Wardha, Maharashtra, India"
SNNR,SINDHANUR,SWR,"Sindhanur, Karnataka 584128, India"
SNO,SOMANUR,SR,"Coimbatore, Tamil Nadu, India"
SNP,SONIPAT JN,NR,"Sonepat Railway Station, Sonepat, Hary.."
SNPH,SHANKAPUR H,SCR,"Shankapur Rd, Telangana 502248, India"
SNPR,SINGARPUR,NCR,"Singarpur, Odisha, India"
SNPU,SONEPUR,ECOR,"Sonepur, Odisha 767017, India"
SNQ,SANKARPUR,ER,"Sankarpur Rd, Jharkhand 814152, India"
SNR,SHYAMNAGAR,ER,"Shyamnagar, West Bengal, India"
SNRA,SANWARA H,NER,"Sawara, Punjab, India"
SNRD,SANDHURST ROAD,CR,"Standard Road Railway Station, Dongri,.."
SNRP,SONIPUR RUPAL H,WR,"Gandhinagar, Gujarat, India"
SNRR,SANSARPUR,WCR,"Madhya Pradesh, India"
SNS,SASNI,NCR,"Sasni, Uttar Pradesh, India"
SNSI,SAINAGAR SHIRDI,CR,"Nighoj, Maharashtra, India"
SNSL,SONSHELU,WR,"Dhule, Maharashtra, India"
SNSN,SONASAN,WR,"Sonasan, Gujarat, India"
SNT,SAINTHIA,ER,"Grand Trunk Rd, Sainthia, West Bengal,.."
SNTD,SANTALDIH,SER,"Santaldih, West Bengal, India"
SNTH,SONTHALIYA,NWR,"Sikar, Rajasthan, India"
SNU,SANGRAMPUR,ER,"Sangrampur, Maharashtra, India"
SNV,SONDAD,SECR,"Gondia, Maharashtra, India"
SNVR,SANVATSAR,CR,"Vari, Maharashtra, India"
SNX,SANEH ROAD,NR,"Bijnor, Uttar Pradesh, India"
SNYN,SONIYANA,NWR,"Rajasthan 312901, India"
SNZ,SHERGANJ H,NER,"SherGanj, Satna, Madhya Pradesh, India"
SOA,SANOSRA,WR,"Bhavnagar, Gujarat, India"
SOAE,SOMRA BAZAR,ER,"State Highway 6, West Bengal, India"
SOB,SILANIBARI,NFR,"Bantow Bangali, Assam, India"
SOD,SOJAT ROAD,NWR,"Sojat Road Railway Station, Sojat Road.."
SOE,SHEOPUR KALAN,NCR,"Sheopur, Madhya Pradesh, India"
SOF,SAOTA,ER,"Saota, West Bengal, India"
SOG,SURATGARH JN,NWR,"Suratgarh Junction, MDR 103, Suratgarh.."
SOGR,SOGRA,SER,"Sogra Station, Odisha, India"
SOH,SIROHI ROAD,NWR,"Sirohi, Rajasthan, India"
SOHL,SOHAL,NR,"Sohal, Punjab, India"
SOJ,SAROJINI NAGAR,NR,"Sarojini Nagar, Lane F, Sarojini Nagar.."
SOJN,SIHOR GUJARAT,WR,"Sihor Gujarat Railway Station, Shihor,.."
SOL,SOLAN,NR,"Solan, Himachal Pradesh, India"
SOLA,SOVABAZAR AHIRITOLA,ER,"Ahiritola, Beniatola, Kolkata, West Be.."
SOLR,SOLUR,SWR,"Solur, Bengaluru - Mangaluru Highway, .."
SOM,SOMNA,NCR,"Somna, Uttar Pradesh, India"
SONA,SONAMUKHI PH,SER,"Sonamukhi, West Bengal 722207, India"
SONH,SEONAN H,ECR,"Shiunand, Bihar, India"
SONI,SONI,NCR,"Soni, Madhya Pradesh, India"
SONR,SAONER JN,SECR,"Saoner, Maharashtra, India"
SONW,SONWARSA H,ECR,"Bihar 805124, India"
SOP,SHIUPUR,NR,"Tarna Bypass Bus Stop, Shivpur Bypass .."
SOPR,SONMA PRANPUR F,ECR,"Sonma, Bihar 848201, India"
SOQ,SOMPUR ROAD,SWR,"Sompur Road Station, Karnataka, India"
SOR,SONAGIR,NCR,"Madhya Pradesh, India"
SORI,SORAI,WCR,"Sorai, Odisha, India"
SORO,SORO,SER,"Soro, Odisha, India"
SOS,SOMESAR,NWR,"Pali, Rajasthan, India"
SOT,SHOHRATGARH,NER,"Shohratgarh, Uttar Pradesh, India"
SOU,SUPAUL,ECR,"Supaul, Bihar, India"
SOW,SUHSARAI,ECR,"Biharsharif - Nijay Rd, Bihar 803118, .."
SOY,SUKRIMANGELA,SECR,"Seoni, Madhya Pradesh, India"
SP,SAIDAPET,SR,"Saidapet, Chennai, Tamil Nadu, India"
SPAK,ARNIYA KALAN SALEMPURA,NWR,"Nizampura, PIN - 303510, Dist. - Dausa.."
SPAM,SENJI PANAMBAKKAM,SR,"Senji Panambakkam, Tamil Nadu"
SPB,SONEKHPUR H,NR,"Sankhapur, Andhra Pradesh, India"
SPBK,SUNDERPUR,NR,
SPC,SITAPUR CITY,NR,"Sitapur Railway Station, Sitapur, Utta.."
SPD,SUPEDI,WR,"Supedi, Gujarat, India"
SPDM,SINGHPURDUMRA,NCR,"Chhatarpur, Madhya Pradesh, India"
SPDR,SHEOPRASADNAGER,SECR,"Surguja, Chhattisgarh, India"
SPE,SULLURUPETA,SR,"Sullurupeta, Andhra Pradesh, India"
SPF,STUARTPURAM,SCR,"Guntur, Andhra Pradesh, India"
SPGL,SARAI GOPAL,NR,"Allahabad, Uttar Pradesh, India"
SPGR,SAMPIGE ROAD,SWR,"Sampige Rd, Bangalore, Karnataka, India"
SPHL,SHAMPURHALLI H,SCR,"Shampurhalli, Karnataka, India"
SPHT,SHIVPURI H,ECR,"Sri Krishna Puri, Patna, Bihar 800013,.."
SPJ,SAMASTIPUR JN,ECR,"Samastipur Railway Station, Samastipur.."
SPJB,SAIDPUR JALALABAD,NR,"Kapurthala, Punjab, India"
SPK,SAPEKHATI,NFR,"785693, India"
SPL,SUNDARAPERUMAL KOIL,SR,"Sundaraperumal Koil, Tamil Nadu, India"
SPLE,SUJNIPARA,ER,"Sujnipara, Sajinipara, West Bengal, In.."
SPN,SHAHJEHANPUR,NR,"Shahjahanpur Railway Station, SH 29, S.."
SPO,SURPURA,NWR,"Surpura, Rajasthan, India"
SPP,SHAHPUR PATOREE,ECR,"Thana Road, Bihar, India"
SPPA,SHERPUR DHIPURA,ECR,"Samastipur, Bihar, India"
SPPR,SHUDNIPUR,NR,"Shudnipur Railway Station, Uttar Prade.."
SPQ,SORUPETA,NFR,"Sarupeta, Assam, India"
SPR,SONARPUR JN,ER,"Sonarpur Bus Stand, Sonarpur Station R.."
SPRA,SILLIPUR,NCR,"Sillipur, Madhya Pradesh, India"
SPRD,SINGAPURAM ROAD,ECOR,"Singapuram Road Station, JK Pur, Oriss.."
SPRM,SITAPURAM PH,ECOR,"Gajapati, Odisha, India"
SPRN,SALEMPUR HALT,ECR,
SPS,SHRIPAT SHRIKHANDA,ER,"Ganguli Danga, West Bengal, India"
SPSR,SARPESWAR PH,ECOR,"Khuntuni Road, Odisha, India"
SPT,SOMPETA,ECOR,"Andhra Pradesh, India"
SPTR,SILAPATHAR,NFR,"Salaiputhur, Tamil Nadu, India"
SPV,SIVAPUR,SWR,"Shivapur, Maharashtra, India"
SPWI,SOLAPURWADI,CR,"Solapurwadi , Ashti Taluka, Dist. - Be.."
SPX,SAPATGRAM,NFR,"Assam 783337, India"
SPY,SARSONPURI,SECR,"Sarsonpuri, Chhattisgarh, India"
SPYA,SIPAYA H,NER,"Sipaya, Bihar, India"
SPZ,SAMPLA,NR,"Sampla Railway Station, Sampla, Haryan.."
SQB,SINGHABAD,NFR,"Srirampur, West Bengal 732121, India"
SQD,SATTIRAKKUDI,SR,"Sathirakudi, Tamil Nadu, India"
SQE,SAMARALA H,SCR,"NH1 - Samrala Rd, Punjab, India"
SQF,SUKRITIPUR,NFR,"Vatparra Bus Stop, National Highway 44.."
SQJ,SAILA KHURD,NR,"Saila Khurd, Punjab, India"
SQK,SHANKAR,NR,"Shankar, Punjab, India"
SQL,SONTALAI,WCR,"Sontalai, Madhya Pradesh, India"
SQN,SARAI KANSRAI,NR,"Jaunpur, Uttar Pradesh, India"
SQQ,SALAGAON,ECOR,"Salagaon Station, Odisha, India"
SQR,SULTANPUR LODI,NR,"Punjab 144626, India"
SQS,SIGSIGI,ECR,"Unnamed Road, Sigsigi, Jharkhand 82212.."
SQW,SIDHWALIA,NER,"Sidhwalia, Bihar, India"
SR,SABLI ROAD,WR,"Gujarat, India"
SRA,SEMRA,ECR,"Ramsewak Inter College Semra Manapur, .."
SRAS,SIRAS,NWR,"Siraspur, New Delhi, Delhi, India"
SRB,SAROBAG,ER,"Sarobag, Dariyapur, Khirodharpur, Biha.."
SRBA,SARAGBUNDIA,SECR,"Urga, Chhattisgarh, India"
SRBH,SHAHID RAMPHAL BALHARA,NR,"Bahu Akbarpur, PIN - 124001, Dist. - R.."
SRBZ,SEHARA BAZAR PH,SER,"Bardhaman, West Bengal, India"
SRC,SANTRAGACHI JN,SER,"Santragachi Railway Station, Howrah, W.."
SRDR,SARDARSHAHR,NWR,"Sardarshahr, Rajasthan, India"
SRDW,SHRIMAD DWARIKAPURI H,NCR,"Farrukhabad, Uttar Pradesh, India"
SRE,SAHARANPUR,NR,"Saharanpur Railway Station, Subhash Na.."
SRF,SAGAR JAMBAGARU,SWR,"Sagara, Karnataka, India"
SRGH,SURAJGARH,NWR,"Surajgarh, Rajasthan, India"
SRGM,SRIRANGAM,SR,"Srirangam Raiway Station, Srirangam, T.."
SRGP,SARAGIPALI,ECOR,"Saragipali, National Highway 42, Odish.."
SRGR,SARAYGARH,ECR,"Garhia, Bihar 852105, India"
SRGT,SURENDRANAGAR GATE,WR,"Surendranagar, Gujarat, India"
SRI,SALMARI,NFR,"Bihar, India"
SRID,SHRIDHAM,WCR,"Shri Nirivikar Path, Tripur Sundari Te.."
SRJ,SHANKARGARH,NCR,"Chundwa, Uttar Pradesh 212108, India"
SRJK,SURAJKUNDA,NR,"Suraj Kunda, Uttar Pradesh, India"
SRJM,SIRJAM,SER,"Purulia, West Bengal, India"
SRJN,SIRAJNAGAR H,ER,"Rajnagar, Madhya Pradesh, India"
SRJR,SARSA JARNALPUR,ECR,"Sarsa Jamalpur, PIN - 811101, Dist. - .."
SRKI,SEMARKHERI,WCR,"Lakheri, Rajasthan, India"
SRKN,SHEREKAN,NWR,"Hanumangarh, Rajasthan, India"
SRKR,SALAR KHURD,NER,"Selarkhud Station Road, Uchka Ganw, Bi.."
SRL,SAROLA,CR,"Sarola, Maharashtra, India"
SRM,SARNA,NR,"Sarna, Madhya Pradesh, India"
SRMN,SEMRAON,ECR,"Semraon, Bihar, India"
SRMP,SIRSI MUKHDUMPUR,NR,"Moradabad, Uttar Pradesh, India"
SRMR,SRIRAMPURAM,SCR,"Shri Rampuram Railway Station, Andhra .."
SRMT,SIRMUTTRA,NCR,"Mathura, Uttar Pradesh, India"
SRNK,SORON,NER,"Soron, Uttar Pradesh, India"
SRNM,SRIRAMANAGAR H,SWR,"Mustoor, Karnataka, India"
SRNR,SRIRAMNAGAR,SCR,"Ramnagar, Uttarakhand, India"
SRNT,SARNATH,NER,"Saranth Station Road, Sarnath, Varanas.."
SRO,SIRATHU,NCR,"Sirathu, Uttar Pradesh, India"
SRP,SERAMPORE,ER,"Serampore Railway Station, Serampore, .."
SRPB,SRIRAMPUR ASSAM,NFR,"Srirampur, Assam, India"
SRPJ,SWARUPGANJ,NWR,"Sirohi, Rajasthan, India"
SRPM,SIRIPURAM,SCR,"Siripuram Railway Station, Andhra Prad.."
SRPN,SRIPANI,NFR,"Siripani Ahom Pathar, Assam 787110, In.."
SRPR,SARUPSAR JN,NWR,"Sri Ganganagar, Rajasthan, India"
SRPU,SRIPUR H,NFR,"Maldah, West Bengal, India"
SRR,SHORANUR JN,SR,"Shoranur, Kerala, India"
SRRG,SURER GOTH,NWR,"Alwar, Rajasthan, India"
SRSI,SARSI,ECR,"Sarsi, Bihar, India"
SRSL,SIRSALA,NWR,"Sirsa, Haryana, India"
SRSO,SARSOO,ECR,"Sarsu, Bihar 805131, India"
SRT,SATUR,SR,"Sattur, Tamil Nadu, India"
SRTE,SOOROTHEE,NCR,"Dhaulpur, Rajasthan, India"
SRTL,SHERTALAI,SR,"Cherthala Railway Station, NH 66, Cher.."
SRTN,SIBSAGAR TOWN,NFR,"Assam 785640, India"
SRU,SALEMPUR JN,NER,"Salempur, Uttar Pradesh, India"
SRUR,SIRPUR TOWN,SCR,"Sirpur, Andhra Pradesh, India"
SRVN,SRAVANUR H,SWR,"Sravanur Railway Station, Karnataka, I.."
SRVT,SIRUVATTUR,SR,"Tirupattur, Tamil Nadu, India"
SRVX,SURAVALI,KR,"Goa 403708, India"
SRW,SHRI KARANPUR,NWR,"Sri Karanpur, Karanpur, Rajasthan, India"
SRWN,SARASWATINAGAR,SECR,"Unnamed Road, Raipur, Chhattisgarh, In.."
SRX,SURA NUSSI,NR,"Jalandhar, Punjab, India"
SRY,SIRARI,ECR,"Sirari Station, Bihar, India"
SRZ,SARDARGARH,NWR,"Sardargarh, Gujarat, India"
SS,SHIRSOLI,CR,"Jalgaon, Maharashtra, India"
SSA,SIRSA,NWR,"Sirsa Railway Station, Sirsa, Haryana,.."
SSB,SHAKURBASTI,NR,"Shakurbasti, New Delhi, Delhi, India"
SSC,SHAHI,NER,"Kabul Shahi, Uttar Pradesh, India"
SSCR,SONACHARA,ER,"West Bengal, India"
SSD,SHAMSABAD,NER,"Shamsabad, Uttar Pradesh, India"
SSDT,SHAMSHABAD TOWN,NCR,"Shamsabad Town, Shamsabad, Uttar Prade.."
SSF,SIRSUPHAL,CR,"Sirsuphal, Golandewadi, Maharashtra, I.."
SSG,SHIU SAGAR ROAD,ECR,"Shiu Sagar Rd, Bihar, India"
SSGJ,SURASARAIGHAT JHARA,WCR,"Singrauli, Madhya Pradesh, India"
SSGR,SISAI GULAB RAI H,NER,"Deoria, Uttar Pradesh, India"
SSHT,SAGHAR SULTANPUR H,NER,"Sagar Sultan Pur Uttar, Bihar 841406, .."
SSI,SHIRSAI,CR,"Pune, Maharashtra, India"
SSIA,SUISA,SER,"Purulia, West Bengal, India"
SSKA,SISARKA,NR,"Uttar Pradesh, India"
SSKI,SARSOKI,NCR,"Sarsoki, Uttar Pradesh, India"
SSKL,SUSKAL,WR,"Vadodara, Gujarat, India"
SSL,SIRSAUL,NCR,"Sirsa, Haryana, India"
SSM,SASARAM,ECR,"Sasaram, Bihar, India"
SSN,SASON,ECOR,"Sason Station, Odisha, India"
SSNH,SHRI SHARDA NAGAR,SWR,"Sharada Nagar Main Rd, Ramanthapur, Hy.."
SSNR,SATSANGNAGAR,ER,"Sri Ganganagar, Rajasthan, India"
SSNS,SAHEED SURAJ NARAYAN SINGH H,ECR,"Narpatinagar village, Bihar, India"
SSNT,SIRSA NUNTHAR HALT,ER,"Deoghar - Dumka Rd, Sirsananthar, Jhar.."
SSP,SANTOSHPUR F,ER,"Santoshpur, Kolkata, West Bengal, India"
SSPD,SADASHIVAPET RD,SCR,"Shri Sadashiva Wodeyar Rd, Dharwad, Ka.."
SSPH,SATISH SAMANTA P H,SER,"Basulya, West Bengal, India"
SSPN,SAI P NILAYAM,SWR,"Anantapur, Andhra Pradesh, India"
SSPR,SADASHIBAPUR,ECOR,"Sadashibapur Station, Odisha, India"
SSR,SARERI,NWR,"Bhilwara, Rajasthan, India"
SSRD,SHASAN ROAD F,ER,"Shasan Rd, Baruipur, West Bengal 70014.."
SSRH,SHASAN H,ECR,"Sasan, Bihar 848204, India"
SSU,SASAMUSA,NER,"Sasamusa, Bihar, India"
SSV,SASVAD ROAD,CR,"Hadapsar, Fursungi, Maharashtra 412308.."
SSW,SARSAWA,NR,"Sarsawan, Uttar Pradesh, India"
SSZ,SADDA SINGHWALA,NR,"Sadda Singhwala, Punjab, India"
ST,SURAT,WR,"Lal Darwaja Station Road, Suryapur Gat.."
STA,SATNA,WCR,"Railway Station Rd, Satna, Madhya Prad.."
STB,SHANTIPUR,ER,"Santipur, West Bengal, India"
STBB,SATBERIA H,ER,"Satberia Halt, West Bengal, India"
STBD,SULTANABAD,SCR,"Sultanabad, Andhra Pradesh, India"
STBJ,SITABINJ,ECOR,"Kendujhar, Orissa, India"
STC,SANTA CRUZ,WR,"Santacruz, MG Road, Sen Nagar, Santacr.."
STD,SATROD,NWR,"Satrod Railway Station, National Highw.."
STDB,SITAFALMANDI B,SCR,"Lalaguda, Mettuguda, Secunderabad, Tel.."
STDR,SATADHAR,WR,"Way To Rail, Gujarat, India"
STE,SAGARAKATTE,SWR,"Battalakatte, Karnataka, India"
STF,SIKTA,ECR,"Sikta, Bihar, India"
STH,SAITHAL H,NER,India
STJT,SATHAJAGAT,ECR,"Gobindpur Part, Bihar, India"
STKT,SASTHANKOTTA,SR,"Sasthamkotta, Kerala, India"
STKW,SULTANPUR KALIAWAS,NR,"Sultanpur, Gurgaon, Haryana, India"
STL,SIMULTALA,ER,"Simultala Railway Station, SH 18, Simu.."
STLB,SITALPUR BENGAL,SER,"Sitalpur Colliery High School, West Be.."
STLI,SITHOULI,NCR,"National Highway 75, Madhya Pradesh, I.."
STLR,SITALPUR,ECR,"Sitalpur Railway Station, Sitalpur, Bi.."
STM,ST THOMAS MOUNT,SR,"St Thomas Mt, Tamil Nadu, India"
STN,SITARAMPUR,ER,"Sitarampur, West Bengal, India"
STNL,SATNALI,NWR,"Satnali, Haryana, India"
STNR,SITALNAGAR,NWR,"Biggabas Ramsara, Rajasthan, India"
STP,SITAPUR,NER,"Sitapur National Highway, Avas Vikas C.."
STPD,SITAFAL MANDI,SCR,"Sitaphalmandi, Padmarao Nagar, Secunde.."
STR,SATARA,CR,"Satara, Maharashtra, India"
STRB,SANTIR BAZAR,NFR,"Gardang, Tripura 799144, India"
STRK,SITAPUR KUTHCERY HAL,NER,"Sitapur, Uttar Pradesh, India"
STSN,SHAITANSINGHNGR,NWR,"Jodhpur, Rajasthan, India"
STUR,SATULUR,SCR,"Satuluru Railway Station, Andhra Prade.."
STVA,SATYAVADA,SCR,"Sathyavedu, Andhra Pradesh, India"
STW,SAHATWAR,NER,"Sahatwar, Uttar Pradesh, India"
STZ,SATRAON F,NER,"Karamgarh Satran Bus Stop, National Hi.."
SUA,SARDIHA,SER,"West Medinipur, West Bengal, India"
SUAL,SAUNDAL,KR,"Saundal, Maharashtra, India"
SUBR,SUBHAGPUR,NER,"Bhogpur, Punjab, India"
SUC,SUNAK,NWR,"Davli, Gujarat, India"
SUD,SUDHANI,NFR,"Bihar, India"
SUDR,SUNDERPUR HALT,ECR,"Bina, Bihar 852130, India"
SUDV,SUMMADEVI,ECOR,"Summadevi Station, Andhra Pradesh, India"
SUH,SULEHALLI,SCR,"Mallenahalli, Karnataka, India"
SUI,SUI,NWR,"Sui, Rajasthan, India"
SUIA,SURAINCHA H,NER,"Sancha Fali, Santrampur, Gujarat, India"
SUJ,SARJU,NER,"Sarju, Jharkhand, India"
SUJH,SUJANGARH,NWR,"Sujangarh, Rajasthan, India"
SUJR,SUJRA,NR,"Sujra, Uttar Pradesh, India"
SUKU,SUKU,ECOR,"P.Suku, Odisha, India"
SUL,SULADHAL,SWR,"Belgaum, Karnataka, India"
SULH,SULHANI,NR,"Sulhani, Punjab, India"
SUM,SUMMIT,CR,"Lake Traverse Indian Reservation, Siss.."
SUMR,SUMER,WCR,"Sumer, Meghalaya, India"
SUNM,SUNMAI H,NR,"Sunami Gate - Dhuri Gate Rd, Sangrur, .."
SUNR,SURENDRANAGAR JN,WR,"Surendranagar, Gujarat, India"
SUP,SHRUNGAVARPUKTA,ECOR,"Vizianagaram, Andhra Pradesh, India"
SUPP,SUPPALAPADU,SCR,"Salevariuppalapadu, Andhra Pradesh, In.."
SUR,SOLAPUR JN,CR,"Solapur Railway Station, Solapur, Maha.."
SURI,SIURI,ER,"Suri, West Bengal, India"
SURL,SURELI,NWR,"Sawai Madhopur, Rajasthan, India"
SURP,SURATPURA,NWR,"Churu, Rajasthan, India"
SURR,SURERA,NWR,"Surera, Rajasthan, India"
SUT,SATLANA,NWR,"Atlanta, Hiranandini Estate Rd, Hirana.."
SUU,SULUR ROAD,SR,"Indian Air Force, Rd, Tamil Nadu, India"
SUW,SUKHISEWANIYAN,WCR,"Sukhisewaniyan Station, Madhya Pradesh.."
SUX,SUDIYUR,SR,"Sudiyur, Tamil Nadu, India"
SUZ,SUBANSIRI,NFR,"Subansiri, Assam, India"
SV,SIWAN JN,NER,"Siwan Junction Railway Station, Siwan,.."
SVA,SUWASRA,WCR,"Suwasra, Madhya Pradesh, India"
SVB,SAVNI,WR,"Savin Kingdom, Siliguri, West Bengal 7.."
SVC,SIWAN KACHERI F,NER,"Bihar, India"
SVD,SARWARI,SCR,"Sarwari Bus Stop, Kulu, Sultanpur, Kul.."
SVDK,MATA VAISHNO DEVI KATRA,NR,"Katra, Reasi, Jammu, J&K"
SVE,SEWRI,CR,"Sewri, Mumbai, Maharashtra 400015, India"
SVF,SRI VENKATAPERUMAL R,SR,"Andhra Pradesh 517571, India"
SVG,SAWALGI,CR,"State Highway 10, Karnataka, India"
SVGA,SIVAGANGA,SR,"Sivaganga, Tamil Nadu, India"
SVH,SONADANGA,ER,"Nadia, West Bengal, India"
SVHE,SISVINHALLI,SWR,"Shivalli, Karnataka, India"
SVI,SAGARPALI,NER,"Sagarpali, Uttar Pradesh, India"
SVJR,SHIVAJINAGAR,CR,"Shivajinagar Railway Station, Narveer .."
SVKD,SAVARKUNDLA,WR,"Savar Kundla, Gujarat, India"
SVKS,SIVAKASI,SR,"Sivakasi Railway station, Sivakasi, Ta.."
SVL,SEVALIYA,WR,"Kheda, Gujarat, India"
SVM,SANVERDAM CHUCH,SWR,"Curchorem, Goa, India"
SVN,SIVUNGAON,SCR,"Nanded, Maharashtra, India"
SVNR,SAVANUR,SWR,"Haveri, Karnataka, India"
SVO,SANVRAD,NWR,"Nagaur, Rajasthan, India"
SVPH,SHIVPUR HALT,ECR,"Unnamed Road, Sheopur Halt, Bihar 8022.."
SVPI,SHIVPURI,WCR,"Shivpuri, Madhya Pradesh, India"
SVPM,S VENKTESWRPALM,SCR,"Unnamed Road, Sri Venkateswarapalem, A.."
SVPR,SRIVILLIPUTTUR,SR,"Srivilliputhur, Tamil Nadu, India"
SVQ,SIVOK,NFR,"Sevoke, West Bengal, India"
SVR,SEVVAPET ROAD,SR,"Sevvapet Rd, Sevvapet, Tamil Nadu, India"
SVRP,SHIVANARAYANPUR,ER,"Bhagalpur, Bihar, India"
SVS,SRINIVASPUR,SWR,"Srinivaspur, Karnataka 563135, India"
SVT,SHIVPURA,WR,"Madhya Pradesh, India"
SVUR,SEVUR,SR,"Sevur, Tamil Nadu, India"
SVV,SRIVAIKUNTAM,SR,"State Highway 40, Tamil Nadu, India"
SVW,SHIVNI SHIVAPUR,SCR,"Malkapur, Akola, Maharashtra, India"
SVX,SAVARDA,KR,"Savarda, Maharashtra, India"
SVZ,SARAI HARKHU,NR,"Kalinjara, Uttar Pradesh 222141, India"
SW,SEHRAMAU,NER,"Sherman Dr, Indio, CA 92201, USA"
SWA,SAHJANWA,NER,"Sahjanwa, Uttar Pradesh, India"
SWAR,SEWAR,WCR,"Sewar, Rajasthan, India"
SWC,SHIVRAMPUR,NCR,"Uttar Pradesh, India"
SWD,SANAWAD,WR,"Sanawad Railway Station, Sanawad, Madh.."
SWDE,SIWAHA,NR,"Siwa Tobha, Punjab"
SWDV,SEA WOOD DARAVE,CR,"Sea Woods Estate, Palm Beach Rd, Secto.."
SWE,SIWAITH,NR,"Siwaith, Uttar Pradesh, India"
SWF,SATHIN ROAD,NWR,"Station Rd, Raipur, Chhattisgarh, India"
SWG,SIDHWAN,NR,"Jalandhar, Punjab, India"
SWI,SWAMIMALAI,SR,"Swamimalai, Tamil Nadu, India"
SWJ,SIAJULI,NFR,"Bokanala No.2, Assam 787032, India"
SWLN,SURAWADI,CR,"Suravadi, Maharashtra 415528, India"
SWM,SAWAI MADHOPUR,WCR,"Sawai Madhopur, Rajasthan, India"
SWNI,SIWANI,NWR,"Bhiwani, Haryana, India"
SWNR,SEWA NAGAR,NR,"Garuda Marg, Sewa Nagar, New Delhi, De.."
SWO,SONWARA,NR,"Sanwada, Rajasthan, India"
SWPR,SEWAPURI,NR,"Uttar Pradesh, India"
SWPS,SWAMI PARAMHANS,NR,"Rae Bareli, Uttar Pradesh, India"
SWR,SONUA,SER,"Jharkhand 833105, India"
SWRT,SAHAWAR TOWN,NER,"Sahawar, Uttar Pradesh, India"
SWS,SUWANSA,NR,"Suwansa Railway Station, Suwansa, Utta.."
SWT,SHIWALA TEHU H,NCR,"Uttar Pradesh, India"
SWV,SAWANTWADI ROAD,KR,"State Highway 123, Maharashtra, India"
SWW,SHAHANAGAR TIMARUA,NCR,India
SWX,SAIDANWALA,NR,"Sadhanwala, Punjab, India"
SXA,SAGPHATA,CR,"East Nimar, Madhya Pradesh, India"
SXB,SAMBRE,SWR,"Belgaum Airport (IXG), Belgaum-Bagalko.."
SXC,SONDALIA,ER,"Sondalia, West Bengal, India"
SXD,SIDULI,ER,"Siduli, West Bengal, India"
SXE,SILA KHERI,NR,"Haryana 126112, India"
SXF,SOBHAPUR,WCR,"Shobhapur, Madhya Pradesh, India"
SXK,SHAJAHANPURCORT,NR,"Shahjahanpur, Uttar Pradesh, India"
SXN,SONAKHAN,SER,"Sonakhan Station, Odisha, India"
SXP,SANKOPARA,ER,"Unnamed Road, Jaipur, Rajasthan, India"
SXQ,SUAHERI H,NR,"Sheri, Maharashtra, India"
SXR,SERNDANUR,SR,"Sindhanur, Karnataka, India"
SXT,SALEM TOWN,SR,"Fort, Salem, Tamil Nadu, India"
SXX,SALBARI,NFR,"Salbari, National Highway 31, Assam, I.."
SXZM,SOPORE,NR,"Sopore Degree College, 193201"
SY,SIRKAZHI,SR,"Sirkazhi, Tamil Nadu, India"
SYA,SALAIA,WCR,"Madhya Pradesh, India"
SYC,SARAI CHANDI,NR,"Allahabad, Uttar Pradesh, India"
SYE,SINDEWAHI,SECR,"Sindewahi, Maharashtra, India"
SYF,SEMAI,NCR,"Morena, Madhya Pradesh, India"
SYH,SAIYEDPUR BHITRI,NER,"Saidpur, Uttar Pradesh, India"
SYJ,SAIDRAJA,ECR,"Chandauli, Uttar Pradesh, India"
SYK,SAIDKHANPUR,NR,"Uttar Pradesh, India"
SYL,SALPURA,WCR,"Salepur, Odisha, India"
SYM,SAVALYAPURAM,SCR,"Savalyapuram Railway Station, Savalyap.."
SYN,SAYAN,WR,"Sayan, Gujarat, India"
SYQ,SINHAN,WR,"Gujarat, India"
SYU,SARAYAN,NER,"Sarayan River, Uttar Pradesh"
SYW,SINDURWA,NR,"BHEL Road No 1 Bus Stop, National High.."
SYWN,SAIYID SARAWAN,NCR,"Kaushambi, Uttar Pradesh, India"
SYZ,SONAI,NER,"Sonai, Maharashtra, India"
SZ,SALAWAS,NWR,"Salawas, Rajasthan, India"
SZA,SAROTRA ROAD,NWR,"Banaskantha, Gujarat, India"
SZB,SARONA,SECR,"Raipur, Chhattisgarh, India"
SZE,SONARDIH,ECR,"Sonari, Assam, India"
SZF,SATBAHINI,ECR,"Chhatarpur, Jharkhand 822120, India"
SZH,SAONGA HALT,SECR,"Chhindwara, Madhya Pradesh, India"
SZK,SUR KHAND KA KH,NWR,"Sur Khand Ka Khera Railway Station, Ra.."
SZM,SUBZI MANDI,NR,"Subzi Mandi, Ram Bagh, New Delhi, Delh.."
SZN,SHAHBAZNAGAR,NER,"Aurangabad, Maharashtra, India"
SZP,SHAHJAHANPUR,NER,"Shahjahanpur, Uttar Pradesh, India"
SZR,SARUPATHAR,NFR,"Assam 785602, India"
SZV,SIVADI,SWR,"Sivadi, Tamil Nadu, India"
SZY,SILAK JHORI,ECOR,"Dantewada, Chhattisgarh, India"
SZZ,SABIRA,SER,"Brahmanasabira, Odisha 756045, India"
TA,TANUR,SR,"Tanur, Kerala, India"
TAA,TADLA PUSAPALLI,SCR,"Tadla Pusapalli, Andhra Pradesh, India"
TABU,TALABURU,SER,"Talaburuwith Sanlisia, Jharkhand 83321.."
TAC,TATICHERLA,SCR,"Andhra Pradesh 515731, India"
TADA,TADA,SR,"Tada, Andhra Pradesh, India"
TAE,TADALI,CR,"Bhadrawati, Maharashtra, India"
TAK,TARAKESWAR,ER,"Tarkeshwar, West Bengal, India"
TAKU,TAKU,CR,"Taku Ct, Tega Cay, SC 29708, USA"
TALA,TALA,ER,"Shyam Bazar, Kolkata, West Bengal 7000.."
TALL,TALL JN,ECR,"Bihar 803303, India"
TAM,TILAIVILAGAM,SR,"Thillivilagsm Railway Station, Pattukk.."
TAN,TARANA ROAD,WR,"Madhya Pradesh, India"
TAO,TAMNA,SER,"Tamna Station, West Bengal, India"
TAP,TAPANG,ECOR,"Tapang-Mandarabasta Rd, Nijigarh Tapan.."
TAPA,TAPA,NR,"RAILWAY STREET, Tapa Mandi, Punjab, In.."
TAR,THARSA,SECR,"Tarsa, Maharashtra, India"
TAS,THASRA,WR,"Thasra, Gujarat, India"
TASA,THIPPASANDRA,SWR,"Karnataka 562131, India"
TAT,TUMMANAMGUTTA,SCR,"Andhra Pradesh 517351, India"
TATA,TATANAGAR JN,SER,"Tatanagar Junction Railway Station, Ju.."
TATI,TATI,SER,"Tati Para Rd, Ghusuri, Howrah, West Be.."
TAV,TALALA JN,WR,"Talala, OK 74080, USA"
TAY,TALAIYUTHU,SR,"Athiyuthu, Tamil Nadu, India"
TAZ,TARGAON,CR,"Targaon, Maharashtra, India"
TB,THARBITIA,ECR,"Station Road, Kishanpur, Bihar, India"
TBA,TIMBA ROAD,WR,"Kheda, Gujarat, India"
TBAE,TRIBENI,ER,"Tribeni Station Road, Tribeni, West Be.."
TBB,TILBHITA,ER,"Pakur, Jharkhand, India"
TBDM,TUNGABHADRA DAM,SWR,"Hosapete, Karnataka, India"
TBH,TATIBAHAR,NFR,"No.2 Tatibahar, Assam, India"
TBL,TARCHHERA BARAOLIRAN,NCR,"Bharatpur, Rajasthan, India"
TBM,TAMBARAM,SR,"B.G. E.M.U. Car Shed Southern Railway,.."
TBMS,TAMBARAM SANATORIUM,SR,"Tambaram Sanatorium, Meenakshi St, Chi.."
TBN,TIMARNI,WCR,"Timarni, Madhya Pradesh, India"
TBR,TAIABPUR,NFR,"Ooramana Tabor Church Rd, Ooramana, Ke.."
TBT,TALBAHAT,NCR,"Khandi, Uttar Pradesh 284126, India"
TBTN,THANA BHAWAN TOWN H,NR,"Thanabhawan, Uttar Pradesh, India"
TBU,TERBAN H,SCR,"Nanded, Maharashtra, India"
TBV,TIMBARVA,WR,"Surat, Gujarat, India"
TBX,TILBHUM,NFR,"Longai Forest, Assam 788725, India"
TCH,TIRUCHCHULI,SR,"Tamil Nadu 626107, India"
TCL,TYAKAL,SWR,"Tyakal, Tekal, Karnataka, India"
TCN,TIRUCHENDUR,SR,"Thoothukudi - Kanyakumari Road, Tiruch.."
TCNR,TIRUCHANUR,SCR,"SV Auto Nagar, Tirupati, Andhra Prades.."
TCR,THRISUR,SR,"Thrissur Railway Station, Railway Stat.."
TCT,TIRUCHCHITRMBLM,SR,"Kalagam I, Tamil Nadu, India"
TDD,TADEPALLIGUDEM,SCR,"Railway Station Road, Tadepalligudem, .."
TDE,THUDIYALUR,SR,"TNP Nagar, Thudiyalur, Kurudampalayam,.."
TDH,TINDHARIA,NFR,"Andheri Station, Andheri West, Mumbai,.."
TDK,TADUKU,SR,"Taduku Station, Andhra Pradesh, India"
TDL,TUNDLA JN,NCR,"Tundla, Uttar Pradesh, India"
TDLE,TILDANGA,ER,"National Highway 80, Farakka, West Ben.."
TDN,TIRUPARANKNDRM,SR,"Tirupparankunram Rd, Madurai, Tamil Na.."
TDO,TANDA URMAR,NR,"Urmar Tanda, Punjab, India"
TDOK,TAROKI,SECR,"Tadoki, PIN - 494665, Dist - Kanker St.."
TDP,TODARPUR,NR,"Hardoi, Uttar Pradesh, India"
TDPM,TODIYAPPULAM,SR,"Todikkapulam Halt, Railway Station Roa.."
TDPR,TIRUPADRIPULYUR,SR,"Koothapakkam, Tamil Nadu, India"
TDR,TIRUVIDAIMARUDUR,SR,"Tiruvidaimaruthur, Thiruvidaimaruthur,.."
TDU,TANDUR,SCR,"IB Road, Khan Colony, Tandur, Andhra P.."
TDV,THONDEBHAVI,SWR,"Kattanbhavi, Karnataka, India"
TDW,TANDWAL,NR,"Tandwal, Haryana, India"
TEA,TAREGNA,ECR,"Rahmat Ganj, Taregana, Bihar 804452, I.."
TEG,TRIBEDIGANJ,NR,"Atimiganj, Bihar, India"
TEK,TEKKALI PH,ECOR,"Rotari Nagar, Tekkali, Andhra Pradesh,.."
TEL,TENALI JN,SCR,"Tenali Junction Railway Station, Chenc.."
TELI,TELI,SR,"Teli Rd, Ladnun, Rajasthan, India"
TELO,TELO,ECR,"Jharkhand 828403, India"
TELY,TELIA,ER,"Hijrar Panchayat Road, Hijrar, Bihar 8.."
TEN,TIRUNELVELI JN,SR,"Tirunelveli Railway Station, Tirunelve.."
TENI,TENI,SR,"Theni, Tamil Nadu, India"
TEO,TEEGAON,CR,"Teegaon, Madhya Pradesh, India"
TERH,TERHA H,NER,"Terha, Bihar 841418, India"
TET,TETULMARI,ECR,"Jharkhand 828121, India"
TETA,TELTA,NFR,"Bagdob, Bihar, India"
TFGN,TUFANGANJ,NFR,"Tufanganj, West Bengal, India"
TGA,TEGHRA,ECR,"Begusarai, Bihar, India"
TGB,TANGRABASULI B S,SER,"Lohardaga, Jharkhand, India"
TGBP,THINGOU,NFR,Jiribam - Imphal Rd State: Manipur
TGCH,TERAGACHH,NFR,"Terhagachh, Bihar 855101, India"
TGDE,THANGUNDI,SCR,"Hungund, Karnataka, India"
TGE,THEKERAGURI,NFR,"Ahotguri, Assam 782412, India"
TGH,TITAGARH,ER,"Titagarh, Kolkata, West Bengal"
TGL,TUGGALI,SCR,"Tuggali, Andhra Pradesh, India"
TGLN,TARADGAON,CR,"Maharashtra 415528, India"
TGM,TANGARMUNDA,SER,"Tangarmunda Station, Odisha, India"
TGN,TALEGAON,CR,"Yashwant Nagar Approach Road, Talegaon.."
TGP,TULJAPUR,CR,"Tuljapur, Maharashtra, India"
TGQ,TENGANMADA,SECR,"Tenganmada, Chhattisgarh, India"
TGRL,TANGIRIAPAL,ECOR,"Tangiriapal, Odisha, India"
TGT,TINAI GHAT,SWR,"Uttara Kannada, Karnataka, India"
TGU,TARIGOPPULA,SCR,"Tarigoppula, Andhra Pradesh, India"
TH,TINICH,NER,"Tinich Railway Station Rd, Uttar Prade.."
THA,TEHTA,ECR,"Theta II, Greater Noida, Uttar Pradesh.."
THAM,THAM,WR,"Tham, Gujarat 392012, India"
THAN,THAN JN,WR,"Thangadh, Gujarat, India"
THB,THANA BIHPUR JN,ECR,"Bhagalpur, Bihar, India"
THBN,THANA BHAWAN,NR,"Thanabhawan, Uttar Pradesh, India"
THDR,THANDLA RD,WR,"Jhabua, Madhya Pradesh, India"
THE,THAWE JN,NER,"Gopalganj, Bihar, India"
THEA,THALERA,WCR,"Rajasthan, India"
THJ,TALHERI BAZURG,NR,"Talheri Buzurg, Uttar Pradesh, India"
THK,THAKURLI,CR,"Thakurli, Maharashtra, India"
THKU,THALLAK,SWR,"Chitradurga, Karnataka, India"
THL,TIRUVALAM,SR,"Tiruvallur, Tamil Nadu, India"
THM,THAIYAT HAMIRA,NWR,"Hamira, Rajasthan, India"
THMR,THATHANA MITHRI,NWR,"State Highway 2, Rajasthan, India"
THN,TOLAHUNSE,SWR,"Davanagere, Karnataka, India"
THO,TULIN,SER,"Tulin, Jharkhand, India"
THP,TAHERPUR,ER,"Taherpur, West Bengal, India"
THPR,TIPPAPUR,SCR,"Tiruppur, Tamil Nadu, India"
THR,THARA,NCR,"Tharad, Gujarat, India"
THS,THANSIT,CR,"Lahe, Maharashtra, India"
THTW,THAILIK TWISA,NFR,"Bhuratali, Tripura, India"
THUR,THURIA,WCR,"Jhalawar, Rajasthan, India"
THV,THERUBALI,ECOR,"Therubali, Odisha, India"
THVM,THIVIM,KR,"Thivim Railway Station, Goa, India"
THW,THARWAI,NR,"Allahabad, Uttar Pradesh, India"
THWM,TAPESHWARNATH D,NR,"Fursatganj, Uttar Pradesh, India"
THX,TOVALAI,SR,"Tivoli, Karnataka, India"
THY,THADI,SCR,"Vishakhapatnam, Andhra Pradesh, India"
TI,TIRUNINRAVUR,SR,"Thiruninravur, Thiruvenkada Nagar, Thi.."
TIA,TILAYA,ECR,"Bihar, India"
TIBI,TIBI,NWR,"Hanumangarh, Rajasthan, India"
TIC,TIMMACHIPURAM,SR,"Gomathipuram, Madurai, Tamil Nadu, India"
TID,TAGDI,WR,"Tagadi, Gujarat 382250, India"
TIG,TITLAGARH,ECOR,"Balangir, Orissa, India"
TIHU,TIHU,NFR,"Assam 781371, India"
TII,TINGRAI,NFR,"Tingrai Chariali Bus Stop, Nau- Pukhri.."
TIK,TIK,NR,"Taka, Maharashtra, India"
TIL,TILRATH,ECR,"Tilrath Station, National Highway 27, .."
TILA,TILA,NCR,"Kotra, Madhya Pradesh 472115, India"
TIM,TIMMANACHERLA,SCR,"Macherla, Andhra Pradesh, India"
TIP,TATTAPPARAI,SR,"Thattapparai, Tamil Nadu, India"
TIR,TIRUR,SR,"Tirur, Kerala, India"
TIS,TATISILWAI,SER,"Tatisilwai, Jharkhand, India"
TISI,TISI,WR,"Maharashtra, India"
TIT,TALIT,ER,"Grand Trunk Road, West Bengal, India"
TIU,TILARU,ECOR,"Great Northern Trunk Road, Nimmada, An.."
TIW,TIVARI,NWR,Shree L.R. Tiwari College of Engineeri..
TJ,THANJAVUR,SR,"Gandhiji Road, Thanjavur, Tamil Nadu, .."
TJD,TAJPUR DEHMA,NER,"Ballia, Uttar Pradesh, India"
TJH,TEJGADH,WR,"Tejgadh, Gujarat, India"
TJM,TURINJAPURAM,SR,"Thungapuram, Tamil Nadu, India"
TJP,TAJPUR,WR,"Tajpur, Bihar, India"
TJSP,TAJ SULTANPUR,CR,"Taj Sultanpur, PIN - 585104, Dist. - K.."
TJW,TEJPURWA H,NER,"Bihar 841443, India"
TK,TUMKUR,SWR,"Tumkur Railway Station, Tumkur, Karnat.."
TKA,TEHARKA,NCR,"Madhya Pradesh, India"
TKB,TUPKADIH,SER,"Jharkhand 828403, India"
TKBG,TEKA BIGHA H,ECR,"Patna, Bihar, India"
TKBN,TSAKIBANDA,SCR,"Tsakibanda Station, Andhra Pradesh, In.."
TKC,THAKURKUCHI,NFR,"Chandrapur, Assam, India"
TKD,TUGLAKABAD,NR,"Tughlakabad, Mohan Cooperative Industr.."
TKE,TARIKERE,SWR,"Tarikere, Karnataka, India"
TKF,TAKI ROAD,ER,"Taki Rd, Taki, West Bengal, India"
TKG,THAKURGANJ,NFR,"Thakurganj, Bihar, India"
TKH,THAKURTOTA,SER,"Khuntapur Village Path, Orissa, India"
TKHA,TAKHA,NCR,"Taka, Maharashtra, India"
TKHE,TAKARKHEDE,WR,"Jalgaon, Maharashtra, India"
TKI,TAKLI,CR,"Takli, Maharashtra, India"
TKJ,TILAK BRIDGE,NR,"Tilak Bridge, Mahawat Khan Road, IP Es.."
TKLB,TAKLI BHANSALI,SECR,"Nagpur, Maharashtra, India"
TKLE,TIKANI H,ER,"Jagdishpur, Bihar 813107, India"
TKLN,TARRA KALAN,NCR,"Sawai Madhopur, Rajasthan, India"
TKMG,TIKAMGARH,NCR,"Tikamgarh Railway Station, Railway Sta.."
TKMY,TAKLIMIYA,CR,"Taklimiya, Maharashtra, India"
TKN,TANKUPPA,ECR,"Tankuppa, Bihar, India"
TKND,TRIVIKARAMDEO NAGAR H,NER,"Saran, Bihar, India"
TKNG,TILAK NAGAR,CR,"Tilak Nagar, Chembur, Mumbai, Maharash.."
TKNR,THAKURNAGAR,ER,"Thirunagar, Tamil Nadu, India"
TKO,TAKKOLAM,SR,"Thakkolam, Tamil Nadu, India"
TKP,TAKIPUR,ER,"Tiruppur, Tamil Nadu, India"
TKPH,TAKIPUR HALT,ER,"Takipur, West Bengal 712414, India"
TKPL,TIKIRAPAL P H,SER,"Tikirapal Halt Station, Odisha, India"
TKPY,TURKAPALLI,SCR,"Andhra Pradesh 515401, India"
TKQ,TRIKARPUR,SR,"Thrikaripur, Kerala, India"
TKR,TAKARI,CR,"Takari, Sangli, Maharashtra, India"
TKRA,TIKRA P H,SER,"Tikri, Uttar Pradesh, India"
TKRI,TIKIRI,ECOR,"Rayagada, Orissa, India"
TKRP,TIKAULI RAWATPUR,NR,"Tikauli Rawatpur Railway Station, Utta.."
TKRU,TAKHRAU H,NCR,"Mainpuri, Uttar Pradesh, India"
TKS,TOKISUD,ECR,"Tokisud, Jharkhand, India"
TKT,TIKKOTTI,SR,"Edapally - Panvel Hwy, Thikkoti, Keral.."
TKTB,THAKURBARI,NFR,"No.2 Dhulapadung T.E., Assam 784505, I.."
TKU,TANAKALLU,SCR,"Tanakallu, Andhra Pradesh, India"
TKUR,TAPPA KHAJURIA H,NER,"Sitapur, Uttar Pradesh, India"
TKV,TEKANWAS,NER,"Bihar 841305, India"
TKWD,TIKEKARWADI,CR,"Deokarwadi, Maharashtra, India"
TKYR,TIKARIA,WCR,"Tikaria, Uttar Pradesh, India"
TL,TILONIYA,NWR,"Tiloniya, Rajasthan, India"
TLA,TITAVALA,CR,"Titwala, Maharashtra, India"
TLAM,TULSI ASHRARN,ECR,"Tulsi Ashram Railway Station, Uttar Pr.."
TLB,TALWA BAZAR,ER,
TLC,TALCHHAPAR,NWR,"Chhapar, Rajasthan, India"
TLD,TILDA,SECR,"Pathari - Boharhi, Chhattisgarh, India"
TLE,TALGARIA,SER,"Jharkhand 828129, India"
TLG,TOLLYGANJ,ER,"Tollygunge, Kolkata, West Bengal, India"
TLGI,TELIGI,SWR,"Station Rd, Karnataka 583137, India"
TLGP,TALGUPPA,SWR,"Talaguppa, Karnataka, India"
TLGR,TULSI NAGAR H,NR,"Tulsinagar, Sagar, Madhya Pradesh, India"
TLH,TILHAR,NR,"Tilhar, Uttar Pradesh, India"
TLHD,TALCHER ROAD,ECOR,"Bhogabereni, Orissa, India"
TLHR,TALCHER,ECOR,"Talcher, Orissa, India"
TLI,TULWARA JHIL,NWR,"Talwara Railway Station, Rajasthan, In.."
TLJ,TALJHARI,ER,"Sahibganj, Jharkhand, India"
TLKH,TALAKHAJURI,NR,"Uttar Pradesh, India"
TLKL,TALAKAL,SWR,"Tadkal, Karnataka, India"
TLL,TALAP,NFR,"Talap, Kannur, Kerala, India"
TLM,TIRUSULAM,SR,"Tirusulam, Tamil Nadu, India"
TLMD,TRILOCHAN MAHDO,NR,"Trilochan Mahdo, Uttar Pradesh, India"
TLMG,TALAMADUGU,SCR,"Talmadugu Station, Talamadugu, Maharas.."
TLMR,TELIAMURA,NFR,"Teliamura, Tripura, India"
TLN,TALNI,CR,"Talni, Maharashtra, India"
TLNH,TILAUNCHI,NCR,"Kanpur Dehat, Uttar Pradesh, India"
TLNR,TALANALLUR,SR,"Tharanallur, Tiruchchirappalli, Tamil .."
TLO,TALANDU,ER,"Hooghly, West Bengal, India"
TLPH,TALPUR,ER,"Talpur, West Bengal 712410, India"
TLPR,TELAPUR,SCR,"Tellapur, Hyderabad, Telangana, India"
TLR,TULSIPUR,NER,"Balrampur, Uttar Pradesh, India"
TLRA,TALARA,NR,"Talara, Himachal Pradesh, India"
TLS,BETTAHALSOOR H,SWR,"Bettahalsoor, Karnataka, India"
TLSI,TULSIA,NFR,"Tulsia, Bihar, India"
TLT,TILATI,CR,"Jeur, Maharashtra, India"
TLU,TARLUPADU,SCR,"Tarlapadu, Andhra Pradesh, India"
TLV,TALVADYA,WCR,"East Nimar, Madhya Pradesh, India"
TLWA,THALWARA,ECR,"Bhilwara, Rajasthan, India"
TLX,TALDI,ER,"Taldi, Taldi Station Rd, West Bengal 7.."
TLY,THALASSERY,SR,"Thalassery Railway Station, Thalassery.."
TLZ,TALAVLI,WCR,"Talavli, Thane Belapur Rd, Ghansoli, N.."
TMA,TAMURIA,ECR,"Tamuria, Madhya Pradesh, India"
TMB,TEMBURU,ECOR,"Srikakulam, Andhra Pradesh, India"
TMC,TALAMANCHI,SCR,"Talamanchi Station, Andhra Pradesh, In.."
TMD,TALMADLA,SCR,"Talmadla, Andhra Pradesh, India"
TME,TUTI MELUR,SR,"Thoothukudi, Tamil Nadu, India"
TMH,TIN MILE HAT,NFR,"Uttar Dinajpur, West Bengal, India"
TMHA,THUMHA,ECR,"Thumha, India"
TMKA,TOMKA,ECOR,"Tomka, Odisha, India"
TML,TENMALAI,SR,"Thenmalai, Tamil Nadu, India"
TMLP,TIRUMALPUR,SR,"Tirumala, Tirupati, Andhra Pradesh, In.."
TMLU,TUMMALACHERUVU,SCR,"Tummalcherevu, Andhra Pradesh, India"
TMP,TAMARAIPADI,SR,"Kovilur, Tamil Nadu, India"
TMPM,TIMMAPURAM H,SCR,"Timmapuram, Andhra Pradesh, India"
TMPT,TIRUMALAIRAYAN PATTINAM H,SR,"Thirumalairayanpattinam, Tirumalairaya.."
TMPY,TUMBOLI,SR,"Tamboli Farms, Maharashtra"
TMQ,TIRUMANGALAM,SR,"Tirumangalam, Tamil Nadu, India"
TMR,TUMSAR ROAD,SECR,"Bhandara, Maharashtra, India"
TMS,TUMSAR TOWN,SECR,"Tumsar, Maharashtra, India"
TMT,TIMTALA,CR,"Timtala, Major State Highway 6, Mahara.."
TMU,TIRUMATHIKKUNNAM,SR,"Thiruvarur, Tamil Nadu, India"
TMUR,TENUA DUMARIA H,NER,"Tenua, Bihar, India"
TMV,TINDIVANAM,SR,"Tindivanam Station, Rajaji st., Kaveri.."
TMVL,TIRUMULLAIVAYIL,SR,"Tiru Vi Ka Street, Sri Nagar, Ambattur.."
TMX,TIMMAPUR,SCR,"Mahabubnagar, Andhra Pradesh, India"
TMZ,TAMLUK,SER,"Tamluk, West Bengal, India"
TN,TUTICORIN,SR,"Tuticorin Railway Station, Thoothukudi.."
TNA,THANE,CR,"Thane Station, Station Road Kopri, Tha.."
TNDE,THANESAR CITY,NR,"Thanesar, Haryana, India"
TNGI,TUNGI H,ECR,"Kedar Yadav Tungi Rd, Alinagar, Bihar .."
TNGL,TORANAGALLU,SWR,"Bellary, Karnataka, India"
TNGM,TONDALA GOPAVARAM,SCR,"Khammam, Andhra Pradesh, India"
TNGN,TANGANI,NFR,"Tangani Station Rd, Assam 787110, India"
TNGR,THONGANUR,SR,"Chengannur, Kerala, India"
TNH,TINKHEDA,CR,"Tinkheda, Madhya Pradesh, India"
TNI,TANDARAI,SR,"Thandarai, Tamil Nadu, India"
TNJE,TENTULIA,ECR,"Tentulia, Jharkhand, India"
TNJR,TAJ NAGAR,NR,"Gurgaon, Haryana, India"
TNK,TIRUNELLIKAVAL,SR,"Tirunelveli Railway Station, Tirunelve.."
TNKU,TANUKU,SCR,"Tanuku Railway Station, Station (Stri .."
TNL,TANGLA,NFR,"Tangla, Assam, India"
TNM,TIRUVANNAMALAI,SR,"Vel Nagar, Thiruvannamalai, Tamil Nadu.."
TNNH,TAPASWINARAYAN NAGAR H,ECR,"Swaminarayan nagar, Gujarat, India"
TNO,TUNDU,ECR,"Tundu, Jharkhand, India"
TNP,TONDIARPET,SR,"Tondiarpet, Chennai, Tamil Nadu, India"
TNPR,TEJNARAYANPUR DK,NFR,"Baghar, Bihar 854113, India"
TNR,TANGUTURU,SCR,"National Highway 5, Tanguturu, Andhra .."
TNRI,TENERI H,ECR,"Bihar 804454, India"
TNRU,TENNERU H,SCR,"Tenneru, Andhra Pradesh, India"
TNT,TINNAPATTI,SR,"Oddappatti, Tamil Nadu, India"
TNUE,TINDAULI,NCR,"Chandauli, Uttar Pradesh, India"
TNW,THAPARNAGAR,ER,"Jamshedpur, Jharkhand, India"
TNX,TARAK NAGAR H,ER,"Mr. Tarak Sood, 731, Udyan Path, Secto.."
TO,TIRUVALANGADU,SR,"Tiruvalangadu, Tamil Nadu, India"
TOD,TALOD,WR,"Talod Railway Station, Talod, Gujarat,.."
TOI,TAMKUHI ROAD,NER,"Kushinagar, Uttar Pradesh, India"
TOK,THOKUR,KR,"NH 66, Mangalore, Karnataka, India"
TOM,TONDAMANPATTI,SR,"Tondaimanpatti, Tamil Nadu, India"
TOP,TAPASI,ER,"Tapasi Apartment, Jessore Rd, Satgachi.."
TORA,TORNIYA,WR,"1300 Lisbon, Portugal"
TORI,TORI,ECR,"Jharkhand 829203, India"
TOS,TOLASAMPATTI,SR,"Attayampatti, Tamil Nadu, India"
TOU,TELAPROLU,SCR,"Andhra Pradesh, India"
TOY,TOPPUTURAI,SR,
TP,TIRCHRPALI FORT,SR,"Fort Station Rd, Woraiyur, Tiruchchira.."
TPB,TRILOKPUR H,NER,"Trilokpur, Himachal Pradesh, India"
TPC,TIRUPPACHETTI,SR,"Tirupati, Andhra Pradesh, India"
TPE,TIRUCHRPLI PLKI,SR,"Anna Nagar, Thillai Nagar, Tiruchirapp.."
TPF,TARAPITH ROAD,ER,"Birbhum, West Bengal, India"
TPG,TIPLING,NFR,"Tipling, Assam, India"
TPH,TINPAHAR JN,ER,"Jharkhand 816116, India"
TPJ,TIRUCHCHIRAPALI,SR,"TPJRailway Platform No 2&3, Sangillyan.."
TPK,TIPKAI,NFR,"Tipkai Debitola Suparighat Rd, Assam, .."
TPKR,TIKIAPARA,SER,"Howrah, West Bengal, India"
TPM,TOTIYAPALAIYAM,SR,"Edapalaiyam, George Town, Chennai, Tam.."
TPND,TALOJA PANCHAND,CR,"Sira Bypass, Taloje, Navi Mumbai, Maha.."
TPNI,TUIYA PANI,SECR,"Seoni, Madhya Pradesh, India"
TPO,TANTPUR,NCR,"Tantpur, Rajasthan, India"
TPP,TOPPUR,SWR,"Thoppur, Tamil Nadu, India"
TPPI,TIPPARTHI,SCR,"Tipparthi, Andhra Pradesh, India"
TPQ,TOPOKAL,ECOR,"National Highway 16, Raikot, Chhattisg.."
TPSA,TOP SARTHUA,ECR,"Bihar 801304, India"
TPT,TIRUPATTUR JN,SR,"Tirupattur, Tamil Nadu, India"
TPTN,TIRUCHRPALI TWN,SR,"Sanjeevi Nagar Main Road, Sanjeevi Nag.."
TPTY,TIRUPATI,SCR,"Tirupathi Main Railway Station, Chenna.."
TPU,TANAKPUR,NER,"Tanakpur, Uttarakhand, India"
TPV,TINPHERIA H,NER,Hungary
TPW,TIRUPATI WEST H,SCR,"Tirupati, Andhra Pradesh, India"
TPY,TADAKALPUDI,SCR,"Andhra Pradesh, India"
TPZ,TAPRI,NR,"Tapri, Himachal Pradesh, India"
TQA,TAKIA,NR,"Rae Bareli, Uttar Pradesh, India"
TQL,THEH QALANDAR,NR,"Punjab 152033, India"
TQM,TELAM,NFR,"Assam 787061, India"
TQN,TIKUNIA,NER,"Lakhimpur Kheri, Uttar Pradesh, India"
TQR,TEKTAR F,ECR,"Tektar Durga Mandir, Bihar, India"
TR,TARU,SCR,"Taru Chhaya Nagar Park, Tonk Road, Jai.."
TRA,TANGRA,NR,"Tangra, Kolkata, West Bengal, India"
TRAN,TORANG,SER,"Torang Railway Station, West Bengal 72.."
TRB,TIRUVERUMBUR,SR,"Thiruverumbur, Tamil Nadu, India"
TRBE,TARABARI,NFR,"Tarabari Police Station, Bahari, Assam.."
TRDI,TIRODI,SECR,"MOIL Township, Madhya Pradesh, India"
TRE,TIKRI H,NER,"Kotha, Uttar Pradesh 271302, India"
TRF,TAROPA,WR,"Gujarat 393140, India"
TRG,TARIGHAT,ECR,"Dildarnagar-tarighat Rd, Uttar Pradesh.."
TRJ,TARIASUJAN,NER,"Taria Sujan Rd, Uttar Pradesh, India"
TRK,TIRUKOILUR,SR,"Tirukkoyilur, Tamil Nadu, India"
TRKR,TUREKALA ROAD,ECOR,"Balangir, Orissa, India"
TRL,TIRUVALLUR,SR,"Thiruvallur Railway Station, Tamil Nad.."
TRM,TIRUNAGESVARAM,SR,"Tirunelveli, Tamil Nadu, India"
TRMN,TARAMANI,SR,"Taramani, Periyar Nagar, Velachery, Ch.."
TRN,TARAON,NER,"Taraori, Haryana, India"
TRO,TIRORA,SECR,"Tirora, Maharashtra, India"
TRP,TARAPUR JN,WR,"Nar, Gujarat, India"
TRPL,TRIPAL,NR,"Tripal Apartments, Vashi Rd, Kopar Kha.."
TRR,TARAORI,NR,"Maya Ram Colony, Taraori, Haryana, India"
TRS,TARSARAI,ECR,India
TRSR,TARSAI,WR,"Tarsai, Gujarat, India"
TRT,TIRUTTANI,SR,"Thiruthani, Tamil Nadu, India"
TRTR,TRIUPUNITTURA,SR,"Tripunithura Railway Station, Thrippun.."
TRVL,TIRUVALLA,SR,"Tiruvalla Railway Station, Thiruvalla,.."
TRVZ,TIRUVIZHA,SR,"Tiruvizha Thuruthankavala Rd, Kerala, .."
TRWT,TARAVATA,WCR,"Guna, Madhya Pradesh, India"
TRZ,TOLRA,ECR,"Tolra, Jharkhand 822124, India"
TSA,TISUA,NR,"Tisua, Uttar Pradesh, India"
TSAH,TATASIGUA,SER,"Sijua, Jharkhand, India"
TSD,TAHSIL BHADRA,NWR,"Bhadra, Rajasthan, India"
TSF,TAHSIL FATEHPUR,NER,"Barabanki, Uttar Pradesh, India"
TSI,TENKASI JN,SR,"Tenkasi Junction, Tenkasi, Tamil Nadu .."
TSK,TINSUKIA JN,NFR,"Rangagora Rd, Tinsukia, Assam, India"
TSL,TAKSAL,NR,"Solan, Himachal Pradesh, India"
TSR,TSUNDURU,SCR,"Tsunduru, Andhra Pradesh, India"
TSS,TALLI SAIDASAHU,NR,"152002, India"
TT,TITTE,SR,"Tamil Nadu, India"
TTB,TITABAR,NFR,"Titabar Railway Station, Dhodar Ali, T.."
TTI,TURTIPAR,NER,"Deoria, Uttar Pradesh, India"
TTL,TIRUTTANGAL,SR,"Virudhunagar, Tamil Nadu, India"
TTLA,TETELIA,NFR,"Tetelia-Maloibari Rd, Assam, India"
TTO,TARN TARAN,NR,"Tarn Taran, Punjab, India"
TTP,TIRUTURAIPUNDI JN,SR,"Thiruthuraipoondi, Tamil Nadu, India"
TTPT,TALCHER THERMAL PH,ECOR,"Talcher, Odisha, India"
TTQ,THATHANKULAM,SR,"Thattankulam, Choolai, Chennai, Tamil .."
TTR,TIPTUR,SWR,"Tiptur, Karnataka, India"
TTU,TETTU,SCR,"Nellore, Andhra Pradesh, India"
TTW,TITWA,SECR,"Titwa, Madhya Pradesh 481001, India"
TU,TADIPATRI,SCR,"Tadipatri, Andhra Pradesh, India"
TUA,TIRUNNAVAYA,SR,"Tirunnavaya, Kerala, India"
TUD,TALODHI ROAD,SECR,"Chandrapur, Maharashtra, India"
TUG,THALANGAI,SR,"Vellore, Tamil Nadu, India"
TUH,TURBHE,CR,"Turbhe, Navi Mumbai, Maharashtra, India"
TUJ,TANIJAN,NFR,"Kuhiar Bari, Assam 787031, India"
TUL,TIRALDIH,SER,"Seraikela Kharsawan, Jharkhand, India"
TUN,TOHANA,NR,"Tohana, Haryana, India"
TUNG,TUNG,NFR,"TUNG, Hill Cart Rd, Maharani Tea Garde.."
TUNI,TUNI,SCR,"Tuni Railway Station, Tuni, Andhra Pra.."
TUP,TIRUPPUR,SR,"Tiruppur, Tamil Nadu, India"
TUR,TURKI,ECR,"Bihar, India"
TUV,TUVVUR,SR,"Tuvvur Railway Station Rd, Thuvvur, Ke.."
TUVR,TURAVUR,SR,"Turavur, Thuravoor, Kerala, India"
TUWA,TUWA,WR,"Tewa Rd, Moenkopi, AZ 86045, USA"
TUX,TUNIA,SER,"Tunia Station, Jharkhand, India"
TUY,THIRUTHURAIYUR,SR,"Tiruvottiyur, Chennai, Tamil Nadu, India"
TVC,TRIVANDRUM CNTL,SR,Thiruvananthapuram Central Rail Statio..
TVCN,TRIVANDRUM NORTH,SR,"Kochuveli Railway Station, Kochuveli, .."
TVG,TAVARGATTI,SWR,"Kadabgatti, Karnataka, India"
TVI,TARADEVI,NR,"Taradevi, Himachal Pradesh, India"
TVL,TADWAL,SWR,"Tadwale, Maharashtra, India"
TVN,TIRUPPUVANAM,SR,"Tiruppuvanam, Tamil Nadu, India"
TVNL,TIRUVENNAINALLUR ROAD,SR,"Tiruvannamalai Rd, Singarapettai, Tami.."
TVP,TRIVANDRUM PETT,SR,"Petta, Thiruvananthapuram, Kerala, India"
TVR,THIRUVARUR JN,SR,"Periya Mill St, Santhamangalam, KTR Na.."
TVS,TALAIVASAL,SR,"Talaivasal, Tamil Nadu, India"
TVT,TIRUVOTTIYUR,SR,"Tiruvottiyur, Chennai, Tamil Nadu, India"
TWB,TALWANDI,NR,"Talwandi Bhai, Punjab, India"
TWG,TWINING GANJ,ECR,"Twining Ganj Railway Station, Banahi, .."
TWI,TOTEWAHI,SECR,"Chandrapur, Maharashtra, India"
TWL,TILWARA,NWR,"Tilwara, Rajasthan, India"
TWV,THUWAVI,WR,"Ambav, Gujarat 391107, India"
TXM,TANDAVAPURA H,SWR,"Pandavapura, Karnataka, India"
TY,TULUKAPATI,SR,"Turlapati kutumba Rao St, Labbipeta, V.."
TYAE,TENYA,ER,"Tenya, West Bengal, India"
TYK,THABALKE,NR,"Thabalke, Punjab, India"
TYM,TIRUMAYAM,SR,"Tirumangalam, Tamil Nadu, India"
TYMR,TIRUVANMIYUR,SR,"Thiruvanmiyur, Chennai, Tamil Nadu, In.."
TYT,TIRUNELVELI TOWN,SR,"Town Railway Station, Thirunagar, Tiru.."
TZD,TOZHUPPEDU,SR,"Tiruchi Chennai Hwy, Thozipedu, Tamil .."
TZH,TAKAZHI,SR,"Thakazhi, Kerala, India"
TZR,TURKI ROAD,WCR,"Madhya Pradesh, India"
UA,UPLETA,WR,"Upleta, Gujarat, India"
UAA,UPPALA,SR,"Kasaragod, Kerala, India"
UAM,UDAGAMANDALAM,SR,"Ooty, Tamil Nadu, India"
UB,USKA BAZAR,NER,"Mogalha, Uttar Pradesh 272208, India"
UBC,AMBALA CITY,NR,"Ambala City, Haryana 134001, India"
UBL,HUBBALLI JN,SWR,"Hubli Railway Station, Hubli, Karnatak.."
UBN,UBARNI,NR,"Bela Khara, Uttar Pradesh 229125, India"
UBR,UMBARGAM ROAD,WR,"Umbargam Railway Station, Umbergaon, M.."
UCA,UCHANA,NR,"Haryana 126115, India"
UCB,UNCHI BASSI,NR,"Unchi Bassi, Dasuya Cantt., Punjab, In.."
UCH,UNCHAULIA,NR,"Lakhimpur Kheri, Uttar Pradesh, India"
UCP,UCHIPPULI,SR,"Uchippuli (Tharga Road), Uchipuli, Tam.."
UCR,UNCHAHAR JN,NR,"Unchahar, Uttar Pradesh, India"
UD,UDUPI,KR,"Udupi Railway Station, Udupi, Karnatak.."
UDGR,UDGIR,SCR,"Udgir, Maharashtra, India"
UDK,UDYANKHERI,WCR,"Lakheri, Rajasthan, India"
UDKL,UDAI KALAN,NWR,"Udei Kalan, PIN - 322201, Dist. - Daus.."
UDKN,UDAYPUR KHURD H,NER,"Uttar Pradesh, India"
UDL,ANDAL JN,ER,"Andal Junction Railway Station, Andal,.."
UDM,UNDASA MADHAWPU,WR,"Madhya Pradesh, India"
UDMR,UDI MOR,NCR,"Udi - Agra Rd, Kamet, Uttar Pradesh 20.."
UDN,UDHNA JN,WR,"Udhana, Surat, Gujarat, India"
UDPR,UDAIPURA,NCR,"Mirchwara, Uttar Pradesh 284402, India"
UDPU,UDAIPUR TRIPURA,NFR,"Murapara part, Udaipur, Tripura, India"
UDR,AMDARA,WCR,"Madhya Pradesh, India"
UDS,UDASAR,NWR,"Bidasar, Rajasthan, India"
UDT,UDUMALAIPPETTAI,SR,"Udumalaippettai, Chinnaveerampatty, Ta.."
UDZ,UDAIPUR CITY,NWR,"Udaipur City Railway Station, Jawahar .."
UGD,UPPUGUNDURU,SCR,"Pedda Ganjam, Andhra Pradesh, India"
UGN,UGAON,CR,"Ugaon, Maharashtra, India"
UGNA,UGNA HALT,ECR,"Bihar, India"
UGP,UGARPUR,NCR,"Dungarpur, Rajasthan, India"
UGR,UGAR KHURD,SWR,"Ugar Khurd, Karnataka, India"
UGU,UGU,NR,"Ugu, Uttar Pradesh, India"
UGWE,UGWE,SCR,"Railway Staion Rd, Maharashtra 444006,.."
UHL,UNA HIMACHAL,NR,"Una, Himachal Pradesh, India"
UHP,UDHAMPUR,NR,
UHR,UNCHHERA,WCR,"Lagargawan Railway Station, Madhya Pra.."
UIH,UMARIA ISPA HLT,SECR,"Chhindwara, Madhya Pradesh, India"
UJ,UJALVAV,WR,"Bhavnagar, Gujarat, India"
UJA,UNJHA,WR,"Unjha, Gujarat, India"
UJH,UJHANI,NER,"ujhani, Uttar Pradesh, India"
UJN,UJJAIN JN,WR,"Ujjain, Madhya Pradesh, India"
UJP,UJIARPUR,ECR,"Ujiarpur, Bihar, India"
UKA,UKHRA,ER,"Ukhra, West Bengal, India"
UKC,UKSHI,KR,"Ukshi, Maharashtra, India"
UKD,ULINDAKONDA,SCR,"R. S. Road, Ulindakonda, Andhra Prades.."
UKE,UTTARKATHANI,NFR,"No.2 Uttar Kathani, Assam 784165, India"
UKH,UKHALI,SCR,"Khal, West Bengal"
UKL,UTTUKULI,SR,"Gobi-Dharapuram Road, Uthukuli, Tamil .."
UKLR,UKILERHAT H,ER,"Ukilerhat, West Bengal, India"
UKN,UKLANA,NR,"Haryana 125111, India"
UKR,UDALKACHAR,SECR,India
UKV,UTTAMARKOVIL,SR,"Nagercoil, Tamil Nadu, India"
ULA,UMRA NALA,SECR,"Umra Nala Railway Station, Madhya Prad.."
ULB,ULUBARIA,SER,"Uluberia, West Bengal, India"
ULD,ACHALDA,NCR,"Uttar Pradesh, India"
ULG,UDALGURI,NFR,"Udalguri Railway Station, Udalguri, As.."
ULL,ULLAL,SR,"Ullal, Karnataka, India"
ULM,URLAM,ECOR,"Urlam Station, Andhra Pradesh, India"
ULN,ULNA BHARI,NR,"Uttar Pradesh, India"
ULNR,ULHASNAGAR,CR,"Ulhasnagar, Maharashtra, India"
ULT,KULTI,ER,"Kulti, West Bengal, India"
ULU,ULUNDURPET,SR,"Ulundurpet, Tamil Nadu, India"
UM,UMARDASHI,WR,"Gujarat, India"
UMB,AMBALA CANT JN,NR,"134003, India"
UMD,USMANABAD,CR,"Dharashiv, Maharashtra, India"
UMED,UMED,NWR,"MDR 75, Khangta, Rajasthan, India"
UMG,UTTANGAL MANGALAM,SR,"Cuddalore, Tamil Nadu, India"
UMH,UMRETH,WR,"Gujarat, India"
UML,UMALLA,WR,"Umalla, Gujarat 393120, India"
UMM,UMRAM,SCR,"Umram Station, Maharashtra, India"
UMN,AMBLIYASAN,WR,"Mehsana, Gujarat, India"
UMNR,UMESHNAGAR,ECR,"Ahmednagar, Maharashtra, India"
UMR,UMARIA,SECR,"Umaria Railway Station, Umaria, Madhya.."
UMRA,UMRA,NWR,"Umra Railway Station, Rajasthan, India"
UMRI,UMRI,SCR,"Maharashtra, India"
UMS,UDRAMSAR,NWR,"Udramsar, Rajasthan, India"
UNA,UNA,WR,"Una Railway Station, SH 32, Una, Himac.."
UND,UNCHDIH,NCR,"Unchdih Railway Station, Uttar Pradesh.."
UNDI,UNDI,SCR,"Undi, Andhra Pradesh, India"
UNI,UNAI VANSADA RD,WR,"Navsari, Gujarat, India"
UNK,UNKAL,SWR,"Unkal, Hubli, Karnataka, India"
UNL,UNHEL,WR,"Unhel, Madhya Pradesh, India"
UNLA,UNAULA,NER,"Jairampur Suryapura Naula, Begusarai, .."
UOI,UMROLI,WR,"Umroli, Maharashtra, India"
UPA,UTTARPARA,ER,"Uttarpara, Kolkata, West Bengal, India"
UPD,ULAVAPADU,SCR,"Ulavapadu Road, Ulavapadu, Andhra Prad.."
UPL,UPPALUR,SCR,"Uppalur, Andhra Pradesh, India"
UPM,URAPPAKKAM,SR,"Tharappakkam, Tamil Nadu, India"
UPR,USMANPUR,SCR,"Usmanpur, Punjab, India"
UPRD,USMANPUR DEHAT HALT,NR,"Usmaanpur, Uttar Pradesh 247777, India"
UPW,UPPALAVAI,SCR,"Nizamabad, Andhra Pradesh, India"
UR,UMDANAGAR,SCR,"Shamshabad, Hyderabad, Andhra Pradesh,.."
URD,UNTARE ROAD,ECR,"Jharkhand 822120, India"
UREN,UREN,ER,"Bihar 811310, India"
URG,USARGAON,NCR,"Osargav, Uttar Pradesh 285202, India"
URGA,URGA,SECR,"Korba, Chhattisgarh, India"
URGR,UDAYAGIRI RATNAGIRI ROAD,ECOR,"NH53, Bhakuda State: Odisha"
URI,URULI,CR,"Uruli Kanchan, Maharashtra, India"
URK,URKURA,SECR,"Raipur, Chhattisgarh, India"
URL,UNJALUR,SR,"Unjalur, Tamil Nadu, India"
URMA,URMA,SER,"Urma, West Bengal, India"
URML,UPRAMAL,WCR,"311604, India"
URN,UTRAN,WR,"Utran, Maharashtra, India"
URP,UDAYRAMPUR H,ER,"SH 1, West Bengal, India"
URPR,UGRASENPUR,NR,"Allahabad, Uttar Pradesh, India"
USD,UKAI SONGADH,WR,"Ukai Thermal Plant Railway line, Gujarat"
USK,USIAKHAS H,ECR,"Uttar Pradesh, India"
USL,USLAPUR,SECR,"Bilaspur, Chhattisgarh, India"
USLP,USILAMPATTI,SR,"Usilampatti, Tamil Nadu, India"
USRA,USRA,WR,"Dahod, Gujarat, India"
UTA,UMAR TALI,NR,"Hardoi, Uttar Pradesh, India"
UTD,UTARSANDA,WR,"Uttarsanda, Gujarat, India"
UTL,UTARLAI,NWR,"Barmer, Rajasthan, India"
UTN,UTTAR RADHA NAGAR H,ER,"Radha Gobinda Nagar Pukur, Hindmotor, .."
UTP,UTRI PURA,NER,"National Highway 91, Uttar Pradesh, In.."
UTR,UTRAHTIA,NR,"Lucknow, Uttar Pradesh, India"
UVD,UDVADA,WR,"Valsad, Gujarat, India"
UVSN,UNAWA VASAN,WR,"Gandhinagar, Gujarat, India"
UWAN,URWAN,ECR,"Ranchi-Patna Rd, Urwan, Jharkhand 8254.."
UWNR,UDWANT NAGAR H,ECR,"Patar, Bihar, India"
VAA,BHAGA JN,SER,"Bhaga Railway Station, Jamadoba, Jhark.."
VADR,VARUD,CR,"Varud, Maharashtra, India"
VAJ,VADAPALANJI HALT,SR,"Tamil Nadu 625514, India"
VAK,VARKALA,SR,"Varkala, Kerala, India"
VAL,VADAL,WR,"Vadal, Gujarat, India"
VAN,VADHVANA,WR,"Vadhana, Gujarat, India"
VAPI,VAPI,WR,"Vapi, Gujarat, India"
VAPM,VALAPATTANAM,SR,"Valapattanam, Kerala, India"
VAR,VIDYANAGAR,SCR,"Vidhya Nagar, Prashanti Nagar, Nallaku.."
VARD,VAIKAM ROAD,SR,"Kaduthuruthi, Kerala, India"
VAS,VASAI DABHLA,WR,"Vasai Dabhla Railway Station, Vasai, G.."
VAT,VATLUR,SCR,"Andhra Pradesh, India"
VAY,VAYALUR,SR,"Vayalur, Tamil Nadu, India"
VB,VILLIYAMBAKKAM,SR,"Villiyambakkam, Tamil Nadu"
VBH,VISHNUPUR BATHUA H,ECR,"Bishunpur Bathua, Bihar 843104, India"
VBL,BOBBILI,ECOR,"Bobbili, Andhra Pradesh, India"
VBN,VALLABHNAGAR,NWR,"Vallabhnagar, Rajasthan, India"
VBR,VAMBORI,CR,"Vambori, Maharashtra, India"
VBW,VAIBHAVWADI RD,KR,"Vaibhavwadi, Maharashtra, India"
VC,VYASA COLONY,SWR,
VCN,VIROCHANNAGAR,WR,"Gujarat, India"
VD,VAGDIYA,WR,"Surendranagar, Gujarat, India"
VDA,VASAD JN,WR,"Vasad Jn, Vasad, Gujarat, India"
VDD,VENDODU,SCR,"Vendodu, Andhra Pradesh, India"
VDE,VEDAYAPALEM,SCR,"Vedayapalem, Nellore, Andhra Pradesh, .."
VDG,VADNAGAR,WR,"Vadnagar, Gujarat, India"
VDH,VEDCHHA,WR,"Chhapra Road, Gujarat, India"
VDI,VELDURTI,SCR,"Veldurthi Main Road, Veldurthi, Andhra.."
VDKS,VADANAMKURUSHSHI,SR,"Ongalloor Vadanakurussi Rd, Puthucode,.."
VDL,VAITHISVARAN KOIL,SR,"Nagapattinam, Tamil Nadu, India"
VDLR,VADALA ROAD,CR,"Vadala -Kemwadi Rd, Maharashtra, India"
VDM,VADAMADURA,SR,"Vadodara, Gujarat, India"
VDN,VADGAON,CR,"Vadgaon, Maharashtra, India"
VDNP,BAIJNATHPUR ANDOLI H,ECR,"Supaul, Bihar, India"
VDP,VADIPPATTI,SR,"Vadippatti, T. Andipatti, Tamil Nadu, .."
VDR,VANDALUR,SR,"Vandalur, Tamil Nadu, India"
VDS,VIDYASAGAR,ER,"Jharkhand 815352, India"
VDV,VADIYA DEVLI,WR,"Morvada, Gujarat 365480, India"
VDY,VEDARANNIYAM,SR,"Vedaranyam Beach Road, North Madavilag.."
VEER,VEER,KR,"Maharashtra, India"
VEI,VELLIYANAI,SR,"Velliyanai, Tamil Nadu, India"
VEK,VELLARAKKAD,SR,"Palakkad, Kerala, India"
VEL,VELLANUR,SR,"Vellanur, Tamil Nadu, India"
VELI,VELI,SR,"Veli Kadinamkulam Road, Poundukadavu, .."
VEN,VERNA,KR,"Verna Railway Station, Verna, Goa, India"
VER,VELLUR H,SR,"Vellur, Tamil Nadu, India"
VEU,VEPPAMPATTU,SR,"Thiruninravur, Thiruvenkada Nagar, Thi.."
VG,VIRAMGAM JN,WR,"Viramgam, Gujarat, India"
VGA,VEPAGUNTA,SR,"Vepagunta, Andhra Pradesh, India"
VGE,VALAPPADI G HLT,SR,"Salem, Tamil Nadu, India"
VGH,VELANGI,SCR,"Velangi, Andhra Pradesh, India"
VGI,VANGANI,CR,"Vangani, Maharashtra, India"
VGL,VAGHLI,CR,"Vaghli Railway Station, Maharashtra, I.."
VGLJ,V LAKSHMIBAI JHANSI,NCR,"Jhansi Junction Railway Station, Jhans.."
VGM,VINNAMANGALAM,SR,"Vinnamangalam, Tamil Nadu, India"
VGN,VANGAON,WR,"Chinchani-Vangaon Rd, Maharashtra, India"
VGR,VAGRA,WR,"Station Rd, Vagara, Gujarat 392140, In.."
VGT,UNGUTURU,SCR,"Unguturu, Andhra Pradesh, India"
VH,VAKADA,SCR,"East Godavari, Andhra Pradesh, India"
VI,VILLIANUR,SR,"Villianur, Pondicherry, India"
VID,VILAVADE,KR,"Pachal Road, Maharashtra, India"
VINH,VINHERE,KR,"Vinhere Dam, Maharashtra"
VJ,VIRINCHIPURAM,SR,"Kanchipuram, Tamil Nadu, India"
VJA,VEJANDLA,SCR,"Vejendla, Andhra Pradesh, India"
VJD,VIJPADI ROAD,WR,"Amreli, Gujarat, India"
VJF,VIJAPUR,WR,"Vijapur, Gujarat, India"
VJK,VEJALKA,WR,"Vejalka, Gujarat, India"
VJM,VYASARPADI JEEVA,SR,"Vyasarpadi Jeeva, Binny Garden, Chenna.."
VJP,VIJAY PUR,WCR,"Vijapur Railway Station, Madhya Prades.."
VJPJ,VIJIYPUR JAMMU,NR,Jammu
VJR,VIJAYANAGAR,SWR,"Vijaynagar, Bangalore, Karnataka, India"
VK,VIKHROLI,CR,"Vikhroli, Vikhroli East, Mumbai, Mahar.."
VKA,VERKA JN,NR,"Amritsar, Punjab, India"
VKB,VIKARABAD JN,SCR,"Vikarabad Junction Railway Station, Vi.."
VKD,BAKHRABAD,SER,"Bashirabad, Andhra Pradesh, India"
VKDH,VEER KUNWAR SINGH DHARAULI H,ECR,"Bihar, India"
VKG,VAVADI KHURD,WR,"Panchmahal, Gujarat, India"
VKH,VIKHRAN ROAD,WR,"Dhule, Maharashtra, India"
VKI,VENKATAGIRI,SCR,"Venkatagiri, Andhra Pradesh, India"
VKM,VENKETESAPURAM,SR,"Venkatesapuram, Tamil Nadu, India"
VKN,VINUKONDA,SCR,"Addanki Rd, Vinukonda, Andhra Pradesh,.."
VKNR,VALMIKINAGAR RD,ECR,"Valmikinagar Rd, Sattenapalle, Andhra .."
VKP,VARAKALPATTU,SR,"Varakalpattu, Tamil Nadu, India"
VKR,VENKATNAGRA,SECR,"Madhya Pradesh, India"
VKT,VENKATACHALAM,SCR,"Venkatachalam, Venkatachelam, Andhra P.."
VKZ,VENKATANARASIMHARAJUVARIPETA,SR,India
VL,VILAD,CR,"State Highway 10, Vilad, Maharashtra, .."
VLA,BAVLA,WR,"SH 21, Bavla, Gujarat, India"
VLCY,VELACHERY,SR,"Velachery, Chennai, Tamil Nadu, India"
VLD,VAYALPAD,SCR,"Vayalpadu, Andhra Pradesh, India"
VLDE,VALADI,SR,"Valadi, Tamil Nadu, India"
VLDI,VITHALWADI,CR,"Vithalwadi, Pune Link Rd, Vitthalwadi,.."
VLDR,VALADAR,WR,"Valadar, Gujarat, India"
VLE,VELLACHERUVU,SCR,"Jeellacheruvu, Andhra Pradesh, India"
VLG,VANIGONDA,SCR,"Valigonda Railway Station, Andhra Prad.."
VLI,VALLIKUNNU,SR,"Vallikunnu Station, Vallikkunnu, Keral.."
VLK,VILLIVAKKAM,SR,"Thevar Street, Konnur, Chennai, Tamil .."
VLL,VELLAYIL,SR,"Vellayil, Kozhikode, Kerala, India"
VLNK,VELANKANNI,SR,"Holy Path, Velankanni, Tamil Nadu 6111.."
VLP,VILLE PARLE,WR,"Vile Parle, Kamala Nagar, Vile Parle W.."
VLR,VELLORE CANT,SR,"Vellore, Tamil Nadu, India"
VLT,VALATHOOR,SR,"Vailathur, Kerala, India"
VLTR,VADALI LUTER ROAD,WR,"Kheda, Gujarat, India"
VLU,VADALUR,SR,"Vadalur, Tamil Nadu, India"
VLV,VALLIVEDU,SCR,"Vallivedu, Andhra Pradesh, India"
VLY,VALLIYUR,SR,"Valliyur, Tamil Nadu, India"
VLYN,VALLABH VDYANGR,WR,"Vallabh Vidya Nagar, Gujarat, India"
VM,VILLUPURAM JN,SR,"Jawaharlal Nehru St, Puducherry, Pondi.."
VMA,VIKRAMGARH ALOT,WCR,"Vikramgarh Alote, Madhya Pradesh, India"
VMD,VADLAMANNADU,SCR,"Vadlamannadu, Andhra Pradesh, India"
VML,VEMULAPADU,SCR,"Andhra Pradesh 515455, India"
VMM,VALARAMANIKKAM,SR,"Valarmanickam, Tamil Nadu 622202, India"
VMP,VALLAMPADUGAI,SR,"Vallampadugai, Tamil Nadu, India"
VMU,VEMURU,SCR,"Vemuru, Andhra Pradesh, India"
VN,VANIYAMBADI,SR,"Mandi Dade Miyan Sahaib Street, Vaniya.."
VNA,VARANGAON,CR,"Jalgaon, Maharashtra, India"
VNB,VANIYAMBALAM,SR,"Malappuram, Kerala, India"
VND,VENDRA,SCR,"Vendra, Andhra Pradesh, India"
VNE,VISWANATH CHRLI,NFR,"Lehu Gaon, Assam 784176, India"
VNG,VISNAGAR,WR,"Visnagar, Gujarat, India"
VNGL,VANGAL,SR,"Vangal, Tamil Nadu 639116, India"
VNGP,VANGAICHUNGPAO,NFR,
VNJ,VANJIPALAIYAM,SR,"Vanjipalayam, Avinashi, Tamil Nadu, In.."
VNK,BINAIKI,SECR,"Bargi Nagar - Ghansore Road, Madhya Pr.."
VNM,ONTIMITTA,SCR,"Ontimitta Station, Andhra Pradesh, India"
VNN,BHANAUR,NR,"Bhannaur Railway Station, Uttar Prades.."
VNR,DEVANUR,SWR,"Devanur, Karnataka, India"
VNRD,VANI ROAD,WR,"Vani Ln, Jamner, Maharashtra, India"
VNTD,VANTADA HALT,NWR,"Vantada Halt Railway Station, Gujarat,.."
VNUP,VISHNUPURAM,SCR,"Nalgonda, Andhra Pradesh, India"
VOC,VOC NAGAR,SR,"VOC Nagar, Kilpauk, Chennai, Tamil Nad.."
VONB,VONDH,WR,"Gujarat 370140, India"
VP,VIRAPUR,SCR,"Station Road, Virpur, Gujarat, India"
VPDA,VIDYAPATIDHAM,ECR,"Vidyapatinagar Raiway Station, Vidhyap.."
VPG,VENTRAPRAGADA,SCR,"Ventrapragada, Andhra Pradesh, India"
VPH,VACHASPATINAGAR,ECR,"Shantinagar, Andhra Pradesh, India"
VPJ,VAIYAMPATTI,SR,"RS Rd, Kumaravadi, Tamil Nadu 621315, .."
VPL,VENKATAMPALLE,SCR,"Venkatampatti, Tamil Nadu, India"
VPO,BHUPIA MAU,NR,"Bhupiamao Railway Station, Bhurkunda, .."
VPR,VISAPUR,CR,"Belvandi Railway Station, Visapur, Mah.."
VPT,VIRUDUNAGAR JN,SR,"Virudhunagar Jn Railway Station, Virud.."
VPU,VELPURU,SCR,"Velpuru, Andhra Pradesh, India"
VPZ,VAILAPUZHA,SR,"Varapuzha, Kerala, India"
VR,VIRAR,WR,"Virar, Maharashtra, India"
VRA,VALAVANUR,SR,"Valavanur, Tamil Nadu, India"
VRB,VISHRAMBAG,CR,"Vishrambag Railway Station, Sangli, Ma.."
VRBD,VRINDABAN ROAD,NCR,"Vrindaban Rd, Uttar Pradesh, India"
VRE,VAREDIYA,WR,"Garediya Kuva Rd, Lohana Para, Rajkot,.."
VRG,VIKRAMNAGAR,WR,"Ujjain, Madhya Pradesh, India"
VRH,VIRBHADRA,NR,"Uttarakhand, India"
VRI,VRIDHACHALAM JN,SR,"Cuddalore, Tamil Nadu, India"
VRL,VERAVAL,WR,"Veraval, Gujarat, India"
VRLI,VERAVALI,KR,"Veravli Bk., Maharashtra 416701, India"
VRLR,VIRANI ALUR,SR,"Virani Alur Station, Tamil Nadu, India"
VRM,VARNAMA,WR,"Varnam Apartments, 2nd Main Rd, Krishn.."
VRN,VANGANUR,SCR,"Vanganur, Andhra Pradesh, India"
VRPD,VIRAPANDY ROAD,SR,"Veerapandi Rd, Tamil Nadu, India"
VRQ,VIRARAKKIYAM,SR,"Tamil Nadu, India"
VRR,VIRPUR,WR,"Virpur, Gujarat, India"
VRT,VRIDDHACHALAM TOWN,SR,"Virudhachalam, Tamil Nadu, India"
VRVL,VIRAVALLI H,SCR,"Krishna, Andhra Pradesh, India"
VRX,VARAHI,WR,"Varahi, Gujarat, India"
VS,VISHVAMITRI,WR,"Vadodara, Gujarat, India"
VSD,VASIND,CR,"Vasind, Maharashtra, India"
VSG,VASCO DA GAMA,SWR,"Vasco da Gama, 403802, India"
VSH,VASHI,CR,"Vashi, Navi Mumbai, Maharashtra, India"
VSHI,VAISHALI,ECR,"Basarh, Bihar 844128, India"
VSI,VISHVAMITRI,WR,"Vishwamitra Station Rd, Railway Colony.."
VSKP,VISAKHAPATNAM,ECOR,"Visakhapatnam Railway Station, Gnanapu.."
VSPR,BISNUPRIYA H,ER,"Bishnupriya Halt, Nabadwip, West Benga.."
VSR,VASUNDHARA,NCR,"Basundhara, Uttar Pradesh, India"
VST,BIJAYSOTA,WCR,"Madhya Pradesh, India"
VSU,BISHNUPUR,SER,"Bishnupur, West Bengal, India"
VSW,VISAVADAR,WR,"State Highway 108, Visavadar, Gujarat,.."
VT,VELLORE TOWN,SR,"Vellore, Tamil Nadu, India"
VTA,VATVA,WR,"Dibiyapur, Vatwa, Ahmedabad, Gujarat, .."
VTDI,VARETHA,WR,"Varetha, Gujarat, India"
VTE,VENKATAGIRIKOTE H,SWR,"Venkatagiri, Andhra Pradesh, India"
VTG,BHETAGURI,NFR,"Cooch Behar, West Bengal, India"
VTJ,VARTEJ,WR,"Bhavnagar, Gujarat, India"
VTK,VALLATTOINAGAR,SR,"Kodungallur - Shornur Rd, Cheruthuruth.."
VTL,VADTAL SWAMNRYN,WR,"Anand, Gujarat, India"
VTM,VETAPALEMU,SCR,"Vetapalem, Andhra Pradesh, India"
VTN,VAITARNA,WR,"Modak Sagar, Maharashtra"
VTP,VASTRAPUR,WR,"Vastrapur, Ahmedabad, Gujarat, India"
VTV,VALANTARAVAI,SR,"Lantana Gardens, Bavdhan, Pune, Mahara.."
VU,VAGHPURA,WR,"Shahpur, Uttar Pradesh, India"
VV,VALIVADE,CR,"Valivade, Maharashtra, India"
VVA,VARVALA,WR,"Varvala, Gujarat, India"
VVB,VIVEKA VIHAR,NR,"110095, India"
VVD,VAVDI,WR,"Vavdi, Gujarat, India"
VVG,VV GIRI HALT,ECR,Bihar
VVH,VIDYAVIHAR,CR,"Vidyavihar, Rajawadi, Kurla, Mumbai, M.."
VVKP,VIVEKANANDPURI,NR,"Vivekanand Puri Railway Station, Sarai.."
VVM,VIRAVASARAM,SCR,"West Godavari, Andhra Pradesh, India"
VVN,VIKRAVANDI,SR,"Vikravandi, Tamil Nadu, India"
VVR,VIRAVANALLUR,SR,"Peravallur, Perambur, Chennai, Tamil N.."
VVV,VAVERA,WR,"Vavera Bus Stop, Rajula-Vijapadi Rd, G.."
VWA,VIDURASWATTHA,SWR,"Viduraswattha Station, Karnataka, India"
VXD,VADOD,WR,"Anand, Gujarat, India"
VXM,VELIPPALAIYAM,SR,"Ellappalayam, Tamil Nadu, India"
VYA,VYARA,WR,"Vyara, Gujarat, India"
VYK,VILAYATKALAN RD,SECR,"Madhya Pradesh, India"
VYN,VYASNAGAR,NR,"Uttar Pradesh, India"
VYS,VYASANAKERI,SWR,"Hosapete, Karnataka, India"
VZ,VIJAYAMANGALAM,SR,"Vijayamangalam, Tamil Nadu, India"
VZM,VIZIANAGRAM JN,ECOR,"Vizianagaram Railway Station, Balaji N.."
VZPH,VAZEER PUR,NER,"Police Station Kotla Mubarak Pur, Kotl.."
VZR,BHANJPUR,SER,"Budhikhamari, Baripada, Odisha, India"
WAAD,WAYAD,WR,
WAB,BALWA,WR,"Jamnagar, Gujarat, India"
WADI,WADI,CR,"Wadi Junction Station, Wadi, Karnataka.."
WADO,WADODA,CR,"Wadoda, Maharashtra, India"
WAIR,WAIR,NCR,"Wair, Wair Badshahpur, Uttar Pradesh, .."
WANI,WANI,CR,"Wani Railway Station, Wani, Maharashtr.."
WC,WADHWAN CITY,WR,"State Highway 20, Wadhwan, Gujarat, In.."
WCN,WIMCO NAGAR,SR,"Wimco Nagar, Tiruvottiyur, Chennai, Ta.."
WDA,WADRENGDISA,NFR,"Wadrengdisa, Assam, India"
WDG,WADEGAON,SECR,"Gondia, Maharashtra, India"
WDJ,WANDER JATANA,NR,"Wander Jatana, Punjab, India"
WDL,WANDAL,SWR,"Wandal, Karnataka, India"
WDLN,WADWAL NAGNATH,SCR,"Wadwal Nagnath, Maharashtra, India"
WDM,WYNDHAMGANJ,ECR,"Sonbhadra, Uttar Pradesh, India"
WDN,VADGAON,SCR,"Maharashtra 431514, India"
WDR,WADIARAM,SCR,"Medak, Andhra Pradesh, India"
WDS,WADSINGE,CR,"Maharashtra, India"
WEL,WELLINGTON,SR,"Nilgiris, Tamil Nadu, India"
WENA,WENA,ECR,"Bihar 801305, India"
WFD,WHITEFIELD,SWR,"Whitefield Railway Station, Bangalore,.."
WG,WAGHOLI,CR,"Wagholi, Maharashtra, India"
WGA,WAGHODA,CR,"Waghodia, Gujarat, India"
WGI,WAGHAI,WR,"Waghai, Gujarat, India"
WGJ,WARISGANJ H,NR,"Misharauli, Uttar Pradesh, India"
WH,WEST HILL,SR,"W Main Rd, Thiruvarur, Tamil Nadu, India"
WHM,WASHIM,SCR,"Pusad Naka, Washim, Maharashtra, India"
WIRR,WIRUR,SCR,"College Rd, Balharshah, Maharashtra, I.."
WJ,WALAJABAD,SR,"Walajabad, Tamil Nadu, India"
WJR,WALAJAH ROAD JN,SR,"Ammoor, Tamil Nadu, India"
WKA,VAKAV,CR,"Solapur, Maharashtra, India"
WKI,WADAKANCHERI,SR,"Wadakanchery Church, Kodungallur - Sho.."
WKND,WANABAR H,ECR,"Makhdumpur-Barabar Rd, Makhdumpur, Bih.."
WKR,WANKANER JN,WR,"Wankaner, Gujarat, India"
WKRC,WANKANER CITY,WR,"Wankaner, Gujarat, India"
WL,WARANGAL,SCR,"Warangal Railway Station, Station Road.."
WLA,VALTOHA,NR,"Valtoha, Punjab, India"
WLGN,WALGAON,CR,"Walgaon, Maharashtra 444801, India"
WLH,VALHA,CR,"Velhe, Maharashtra, India"
WNG,WANEGAON,SCR,"Nawegaon, Maharashtra, India"
WOC,WARUD ORANGE CITY,CR,"Warud, Maharashtra 444906, India"
WP,WANGAPALLI,SCR,"Wangapalli, Andhra Pradesh, India"
WPR,WANPARTI ROAD,SCR,"Madanapur, Andhra Pradesh, India"
WR,WARDHA JN,CR,"Wardha Jn., Wardha, Maharashtra 442001.."
WRA,WALAYAR,SR,"Walayar, Kerala, India"
WRC,W R S COLONY PH,SECR,"C G S Colony Phase-II, Gachibowli, Hyd.."
WRGN,WARIGAON NEWADA H,NR,"Jaunpur, Uttar Pradesh, India"
WRI,WARASONI,SECR,"Pawar Gali, Waraseoni, Madhya Pradesh,.."
WRR,WARORA,CR,"Warora Railway Station, Warora, Mahara.."
WRS,WARIS ALEGANJ,ECR,"Waris AleGanj Railway Station, Warisal.."
WSA,WADSA,SECR,"Wadsa, Maharashtra, India"
WSB,WASHIMBE,CR,"Maharashtra, India"
WSD,WASUD,CR,"Solapur, Maharashtra, India"
WSJ,WANSJALIYA,WR,"Vansjaliya, Gujarat, India"
WST,WASHERMANPET,SR,"Varadharaja Street, Old Washermanpet, .."
WTJ,JAM WANTHALI,WR,"Jamnagar, Gujarat, India"
WTP,WATER PIPE,CR,"Neral - Matheran Rd, Maharashtra 41010.."
WTR,WATHAR,CR,"Satara, Maharashtra, India"
WTWI,WETALWADI,CR,"Kinhi, PIN - 414208, Dist - Beed State.."
WWA,VAVANIYA,WR,"Bhavpar, Gujarat 363660, India"
WZJ,WAZERGANJ,ECR,"Gaya, Bihar, India"
XBKJ,BIKRAMGANJ,ECR,"Bikramganj, Bihar, India"
XGN,GOKULNAGAR H,ECR,"Janarjanpur, Bihar 803201, India"
XSAD,SADIPUR H,ECR,"Samay Road, Bihar 805104, India"
XSAN,SARVODAYA H,ECR,"Sarvodaya, Karnataka, India"
Y,YELIYUR,SWR,"Yeliyur, Karnataka, India"
YA,YERRAGUNTLA,SCR,"Yerraguntla, Andhra Pradesh, India"
YAD,YEULKHED,CR,"Gudadhi, Akola, Maharashtra, India"
YADA,YADAVALLI,SCR,"Ranga Reddy Pally, Andhra Pradesh 5233.."
YADD,YADADRI,SCR,"Nalgonda, Andhra Pradesh, India"
YAG,YAQUTGANJ H,NER,"Farrukhabad, Uttar Pradesh, India"
YDD,YADUDIH,ECR,"Jharkhand 825109, India"
YDLP,YADLAPUR,SCR,"Yadlapur Station Rd, Karekal, Karnatak.."
YDM,YEDAMANGALA H,SWR,"Yadamangla Railway Staition, Yadamanga.."
YDP,YEDAPALLI,SCR,"Yedapalli, Andhra Pradesh, India"
YDV,YADVENDRANAGAR H,NER,"Uttar Pradesh, India"
YEAM,YOGENDRA DHAM H,NER,"Uttar Pradesh, India"
YFP,YUSUFPUR,NER,"Ghazipur, Uttar Pradesh, India"
YG,YADGIR,SCR,"Yadgir Railway Station, Yadgir, Karnat.."
YGA,YARAGOPPA H,SWR,"Badami Rd, Badami Rural, Karnataka 587.."
YGD,YERRAGUDIPAD,SCR,"Yerraguntla, Andhra Pradesh, India"
YGL,YELGUR,SCR,"Enugal - Thigaraju Pally Road, Andhra .."
YGM,YADUGRAM BH,ECR,"Alakdiha, Bihar, India"
YJUD,YAMUNANAGAR JAGADHRI,NR,"Yamunanagar, Haryana, India"
YKA,YAKUTPURA KCG,SCR,"Yakuth Pura, Charminar, Hyderabad, And.."
YL,YEOLA,CR,"Nashik, Maharashtra, India"
YLBA,YELBURGA,SWR,Yelburga State: Karnataka
YLG,YALVIGI,SWR,"Yalvigi, Karnataka, India"
YLK,YELLAKARU,SCR,"Nellore, Andhra Pradesh, India"
YLM,ELLAMANCHILI,SCR,"Elamanchili Railway Station, Alluri Si.."
YNG,YENUGONDA,SCR,"Yenugonda, Mahbubnagar, Telangana 5090.."
YNK,YELHANKA JN,SWR,"Yelahanka, Bangalore, Karnataka, India"
YNRK,YOGNAGARI RISHIKESH,NR,"Ganga Nagar, Rishikesh, Uttarakhand 24.."
YP,ERRUPALEM,SCR,"Srinagarcolony to Yerrupalem, Andhra P.."
YPD,YERPEDU,SCR,"Z.P.High school, Yerpadu, Andhra Prade.."
YPR,YESVANTPUR JN,SWR,"Tumkur Main Rd, Yeshwanthpur Industria.."
YS,YERMARAS,SCR,"Yermaras Station, Karnataka, India"
YSI,YEDSHI,CR,"Yedshi, Maharashtra, India"
YT,YEVAT,CR,"Maharashtra, India"
YVP,YAWARPURA,WR,"Makarpura, Vadodara, Gujarat, India"
YY,YEDIYURU,SWR,"Bengaluru - Mangaluru Highway, Yadiyur.."
ZARP,ZARAP,KR,"Sindhudurg, Maharashtra, India"
ZB,ZAHIRABAD,SCR,"Zaheerabad, Andhra Pradesh, India"
ZBD,ZAFARABAD JN,NR,"Uttar Pradesh, India"
ZN,JANGAON,SCR,"Jangaon, Andhra Pradesh, India"
ZNA,ZAMANIA,ECR,"Uttar Pradesh, India"
ZNP,ZINDPURA H,NER,"State Highway 29, Uttar Pradesh, India"
ZP,ZERPUR PALI,NWR,"Pali, Rajasthan, India"
ZPI,ZAMPINI,SCR,"Zampini Station, Andhra Pradesh, India"
ZPL,ZANGALAPALLE,SCR,"Mallepalle, Andhra Pradesh, India"
ZPR,ZORAWARPURA,NWR,"55 F, Rajasthan 335024, India"
ZRDE,JIRADEI,NER,"Siwan, Bihar, India"
ZW,ZAWAR,NWR,"Udaipur, Rajasthan, India"
